channel_id,channel_name,channel_subscriber_count,channel_video_count,channel_total_views,video_id,video_title,video_url,published_at,duration_seconds,short_candidate,category_id,caption_available,default_language,default_audio_language,video_views,video_likes,video_comments,first_collected_at,last_refreshed_at,duration_formatted,video_title_normalized,title_word_count,title_character_count,likes_per_1000_views,comments_per_1000_views,comments_per_1000_likes,like_rate_percent,comment_rate_percent,channel_pilot_video_count,channel_pilot_total_views,channel_pilot_mean_views,channel_pilot_median_views,channel_pilot_known_views_count,channel_pilot_mean_likes,channel_pilot_median_likes,channel_pilot_known_likes_count,channel_pilot_mean_comments,channel_pilot_median_comments,channel_pilot_known_comments_count,channel_pilot_mean_like_rate_percent,channel_pilot_median_like_rate_percent,channel_pilot_known_like_rate_percent_count,channel_pilot_mean_comment_rate_percent,channel_pilot_median_comment_rate_percent,channel_pilot_known_comment_rate_percent_count,channel_pilot_max_views,highest_views_video_id,highest_views_video_title,channel_pilot_max_likes,highest_likes_video_id,highest_likes_video_title,channel_pilot_max_comments,highest_comments_video_id,highest_comments_video_title,views_rank_within_channel,views_vs_channel_median_ratio,high_view_outlier,likes_rank_within_channel,likes_vs_channel_median_ratio,high_like_outlier,comments_rank_within_channel,comments_vs_channel_median_ratio,high_comment_outlier,video_title_debranded,branding_removed,branding_removed_text,debranding_decision,extraction_cache_key,protagonist_role,romantic_partner_role,rival_or_third_party_role,family_relation_role,authority_or_status_role,other_key_role,event_sequence_json,observed_events_json,role_sequence_json,relation_labels_json,structural_template,template_event_count,extraction_confidence,extraction_method,extraction_model,vocabulary_version,evidence_json,abstract_event_evidence_json,suppressed_evidence_json
UC4Dp5pw1_R4gv0N-FBeyB8A,Meow's Cafe,47500,1059,48033780,0g2x-VQw38Q,"📕My wife said I ignored her breakup, so I brought 8 girlfriends to comfort her—she totally broke!",https://www.youtube.com/watch?v=0g2x-VQw38Q,2026-09-17T21:00:02Z,2107.0,0,1,1,en,en,30474,623,110,2026-10-01T06:14:18.684168+00:00,2026-10-01T06:14:18.684168+00:00,35:07,"📕my wife said i ignored her breakup, so i brought 8 girlfriends to comfort her—she totally broke!",17,97,20.443656887838813,3.609634442475553,176.56500802568218,2.044365688783881,0.3609634442475553,20,496895,24844.75,22779.5,20,696.4,667.0,20,84.5,77.5,20,2.9124490282749016,2.7864024707032984,20,0.3614687656163527,0.3325801098969242,20,44630,QfrpsGlVUoY,📕I called my GF my first love. The campus queen snapped—then found she'd erased all proof we dated!,1137,ox8CMjoszTQ,📕My boss GF faked amnesia and asked who I was. I said “just a coworker.” She relaxed—and so did I!,192,zXeifgaRYDM,📕An intern sent pics with my CEO wife to taunt me—I called cops at their office; one line froze them,6,1.3377817774753615,False,12,0.934032983508246,False,5,1.4193548387096775,False,"📕My wife said I ignored her breakup, so I brought 8 girlfriends to comfort her—she totally broke!",False,,no_exact_separated_suffix,aca379a7e2763a70c3e84e56c9d30d0115aec9d94b91eb1fc0a5f35e01a149b6,FIRST_PERSON_NARRATOR,ROMANTIC_PARTNER,,,,,"[""ROMANTIC_REJECTION""]","[""ROMANTIC_REJECTION""]","[""FIRST_PERSON_NARRATOR"", ""ROMANTIC_PARTNER""]",[],,1,rule_supported_unvalidated,conservative-title-rules-v1,,1.0.1,"[{""kind"": ""events"", ""label"": ""ROMANTIC_REJECTION"", ""start"": 28, ""end"": 35, ""text"": ""breakup""}, {""kind"": ""roles"", ""label"": ""FIRST_PERSON_NARRATOR"", ""start"": 1, ""end"": 3, ""text"": ""My""}, {""kind"": ""roles"", ""label"": ""FIRST_PERSON_NARRATOR"", ""start"": 14, ""end"": 15, ""text"": ""I""}, {""kind"": ""roles"", ""label"": ""FIRST_PERSON_NARRATOR"", ""start"": 40, ""end"": 41, ""text"": ""I""}, {""kind"": ""roles"", ""label"": ""ROMANTIC_PARTNER"", ""start"": 1, ""end"": 8, ""text"": ""My wife""}]","[{""kind"": ""events"", ""label"": ""ROMANTIC_REJECTION"", ""start"": 28, ""end"": 35, ""text"": ""breakup""}]",[]
UChIHuKSI-djAtbWK9mvHSww,Jinwoo Recap,41300,191,15216068,0mlUQlBMMQY,My Runaway Billionaire Bride Escaped To A Remote Town - Jinwoo Recap,https://www.youtube.com/watch?v=0mlUQlBMMQY,2026-09-21T17:35:23Z,7497.0,0,1,0,en-US,en,12397,234,12,2026-10-01T06:14:17.701864+00:00,2026-10-01T06:14:17.701864+00:00,2:04:57,my runaway billionaire bride escaped to a remote town - jinwoo recap,12,68,18.875534403484718,0.9679761232556264,51.28205128205128,1.8875534403484715,0.0967976123255626,20,540758,27037.9,22004.0,20,584.45,451.0,20,34.7,30.5,20,2.196591829543256,2.1913914131384487,20,0.1431061431342918,0.1485057134194587,20,78380,eC75umB-SHs,I Have A Gossip System - Jinwoo Recap,1612,eC75umB-SHs,I Have A Gossip System - Jinwoo Recap,76,wUPj55kldak,Zero Tolerance For Drama - Jinwoo Recap,18,0.5633975640792583,False,19,0.5188470066518847,False,20,0.3934426229508196,False,My Runaway Billionaire Bride Escaped To A Remote Town,True, - Jinwoo Recap,exact_channel_suffix_with_separator,25355464db7bef01e7cef4b9b3279d6f78cc0095bea95660471d731bc0b7f3dc,FIRST_PERSON_NARRATOR,,,,AUTHORITY_OR_STATUS,,"[""ESCAPE""]","[""ESCAPE"", ""ESCAPE""]","[""FIRST_PERSON_NARRATOR"", ""AUTHORITY_OR_STATUS""]",[],,1,rule_supported_unvalidated,conservative-title-rules-v1,,1.0.1,"[{""kind"": ""events"", ""label"": ""ESCAPE"", ""start"": 3, ""end"": 10, ""text"": ""Runaway""}, {""kind"": ""events"", ""label"": ""ESCAPE"", ""start"": 29, ""end"": 36, ""text"": ""Escaped""}, {""kind"": ""roles"", ""label"": ""FIRST_PERSON_NARRATOR"", ""start"": 0, ""end"": 2, ""text"": ""My""}, {""kind"": ""roles"", ""label"": ""AUTHORITY_OR_STATUS"", ""start"": 11, ""end"": 22, ""text"": ""Billionaire""}]","[{""kind"": ""events"", ""label"": ""ESCAPE"", ""start"": 3, ""end"": 10, ""text"": ""Runaway""}, {""kind"": ""events"", ""label"": ""ESCAPE"", ""start"": 29, ""end"": 36, ""text"": ""Escaped""}]",[]
UCHPA4fgVIFf4Wfae6-f5qNQ,Hein Recap,9290,119,3026852,1w9s7-HVNF8,"I Dumped My Girlfriend With Cash To Hide My Cancer, Now She's The Doctor Saving My Life - Hein Recap",https://www.youtube.com/watch?v=1w9s7-HVNF8,2026-09-16T17:01:23Z,3169.0,0,1,0,en,en,19288,373,23,2026-10-01T06:14:16.896069+00:00,2026-10-01T06:14:16.896069+00:00,52:49,"i dumped my girlfriend with cash to hide my cancer, now she's the doctor saving my life - hein recap",20,100,19.33844877644131,1.192451265035255,61.66219839142091,1.9338448776441317,0.1192451265035255,20,417327,20866.35,11582.0,20,544.2,326.5,20,27.45,22.0,20,2.764269455233001,2.7864566805098296,20,0.1704447084872326,0.1644883012290921,20,89901,KM6YKFEZ6AI,Leaving The Traitorous Family To Despair! - Hein Recap,1975,KM6YKFEZ6AI,Leaving The Traitorous Family To Despair! - Hein Recap,82,K2iI10BMw98,I Let The Nation Extract My Memories - Hein Recap,5,1.6653427732688657,False,8,1.1424196018376722,False,9,1.0454545454545454,False,"I Dumped My Girlfriend With Cash To Hide My Cancer, Now She's The Doctor Saving My Life",True, - Hein Recap,exact_channel_suffix_with_separator,904db1e1fbd6927f71464b06320096fe522361cb3d13c1271ee0850fc3c857ba,FIRST_PERSON_NARRATOR,ROMANTIC_PARTNER,,,AUTHORITY_OR_STATUS,,"[""ROMANTIC_REJECTION""]","[""ROMANTIC_REJECTION""]","[""FIRST_PERSON_NARRATOR"", ""ROMANTIC_PARTNER"", ""AUTHORITY_OR_STATUS""]",[],,1,rule_supported_unvalidated,conservative-title-rules-v1,,1.0.1,"[{""kind"": ""events"", ""label"": ""ROMANTIC_REJECTION"", ""start"": 2, ""end"": 22, ""text"": ""Dumped My Girlfriend""}, {""kind"": ""roles"", ""label"": ""FIRST_PERSON_NARRATOR"", ""start"": 0, ""end"": 1, ""text"": ""I""}, {""kind"": ""roles"", ""label"": ""FIRST_PERSON_NARRATOR"", ""start"": 9, ""end"": 11, ""text"": ""My""}, {""kind"": ""roles"", ""label"": ""FIRST_PERSON_NARRATOR"", ""start"": 41, ""end"": 43, ""text"": ""My""}, {""kind"": ""roles"", ""label"": ""FIRST_PERSON_NARRATOR"", ""start"": 80, ""end"": 82, ""text"": ""My""}, {""kind"": ""roles"", ""label"": ""ROMANTIC_PARTNER"", ""start"": 9, ""end"": 22, ""text"": ""My Girlfriend""}, {""kind"": ""roles"", ""label"": ""AUTHORITY_OR_STATUS"", ""start"": 66, ""end"": 72, ""text"": ""Doctor""}]","[{""kind"": ""events"", ""label"": ""ROMANTIC_REJECTION"", ""start"": 2, ""end"": 22, ""text"": ""Dumped My Girlfriend""}]",[]
UCHPA4fgVIFf4Wfae6-f5qNQ,Hein Recap,9290,119,3026852,2ywByLW7OJE,I'm Escaping My Billionaire Wife! - Hein Recap,https://www.youtube.com/watch?v=2ywByLW7OJE,2026-09-22T17:02:15Z,3223.0,0,1,0,en,en,14760,414,27,2026-10-01T06:14:16.896069+00:00,2026-10-01T06:14:16.896069+00:00,53:43,i'm escaping my billionaire wife! - hein recap,8,46,28.04878048780488,1.829268292682927,65.21739130434783,2.804878048780488,0.1829268292682927,20,417327,20866.35,11582.0,20,544.2,326.5,20,27.45,22.0,20,2.764269455233001,2.7864566805098296,20,0.1704447084872326,0.1644883012290921,20,89901,KM6YKFEZ6AI,Leaving The Traitorous Family To Despair! - Hein Recap,1975,KM6YKFEZ6AI,Leaving The Traitorous Family To Despair! - Hein Recap,82,K2iI10BMw98,I Let The Nation Extract My Memories - Hein Recap,7,1.274391296839924,False,7,1.2679938744257273,False,6,1.2272727272727273,False,I'm Escaping My Billionaire Wife!,True, - Hein Recap,exact_channel_suffix_with_separator,22705d4170526612ebe7f75a4457ca8c9e36f2c84f77a657b30484103252c3b8,FIRST_PERSON_NARRATOR,ROMANTIC_PARTNER,,,AUTHORITY_OR_STATUS,,"[""ESCAPE""]","[""ESCAPE""]","[""FIRST_PERSON_NARRATOR"", ""ROMANTIC_PARTNER"", ""AUTHORITY_OR_STATUS""]","[""PROTAGONIST_ESCAPES_PARTNER""]",,1,rule_supported_unvalidated,conservative-title-rules-v1,,1.0.1,"[{""kind"": ""events"", ""label"": ""ESCAPE"", ""start"": 4, ""end"": 12, ""text"": ""Escaping""}, {""kind"": ""roles"", ""label"": ""FIRST_PERSON_NARRATOR"", ""start"": 0, ""end"": 1, ""text"": ""I""}, {""kind"": ""roles"", ""label"": ""FIRST_PERSON_NARRATOR"", ""start"": 13, ""end"": 15, ""text"": ""My""}, {""kind"": ""roles"", ""label"": ""ROMANTIC_PARTNER"", ""start"": 13, ""end"": 32, ""text"": ""My Billionaire Wife""}, {""kind"": ""roles"", ""label"": ""AUTHORITY_OR_STATUS"", ""start"": 16, ""end"": 27, ""text"": ""Billionaire""}, {""kind"": ""relations"", ""label"": ""PROTAGONIST_ESCAPES_PARTNER"", ""start"": 0, ""end"": 32, ""text"": ""I'm Escaping My Billionaire Wife""}]","[{""kind"": ""events"", ""label"": ""ESCAPE"", ""start"": 4, ""end"": 12, ""text"": ""Escaping""}]",[]
UCeLOCj__efnDzhPUu7tlOWg,Yee Lovestory,43000,245,14151407,3DwZyWBN31A,Reborn: My Whole Rich Family Can Hear My Mind—Now I'm Somehow the Most Spoiled Favorite in the House,https://www.youtube.com/watch?v=3DwZyWBN31A,2026-06-12T00:00:35Z,2575.0,0,22,0,en,en-US,797070,16943,410,2026-10-01T06:14:19.535343+00:00,2026-10-01T06:14:19.535343+00:00,42:55,reborn: my whole rich family can hear my mind—now i'm somehow the most spoiled favorite in the house,18,100,21.256602305945524,0.514383931147829,24.19878415864959,2.1256602305945527,0.0514383931147829,20,3325008,166250.4,75548.0,20,3844.8,2140.5,20,239.25,165.0,20,2.599524377641904,2.6582881485017875,20,0.2275168933217518,0.162733939660102,20,797070,3DwZyWBN31A,Reborn: My Whole Rich Family Can Hear My Mind—Now I'm Somehow the Most Spoiled Favorite in the House,16943,3DwZyWBN31A,Reborn: My Whole Rich Family Can Hear My Mind—Now I'm Somehow the Most Spoiled Favorite in the House,1205,jCMa8FP8eqo,Reborn: I Chose the Cute Heiress Instead of the Driver's Daughter—but Now She Rues,1,10.550510933446288,True,1,7.915440317682784,True,2,2.484848484848485,False,Reborn: My Whole Rich Family Can Hear My Mind—Now I'm Somehow the Most Spoiled Favorite in the House,False,,no_exact_separated_suffix,1525076da63b51784a59499043b00bb9568ce0b6a948cb76b0be946bbf755db5,FIRST_PERSON_NARRATOR,,,FAMILY_MEMBER,,,"[""REBIRTH"", ""THOUGHTS_EXPOSED""]","[""REBIRTH"", ""THOUGHTS_EXPOSED""]","[""FIRST_PERSON_NARRATOR"", ""FAMILY_MEMBER""]",[],REBIRTH > THOUGHTS_EXPOSED,2,rule_supported_unvalidated,conservative-title-rules-v1,,1.0.1,"[{""kind"": ""events"", ""label"": ""REBIRTH"", ""start"": 0, ""end"": 6, ""text"": ""Reborn""}, {""kind"": ""events"", ""label"": ""THOUGHTS_EXPOSED"", ""start"": 33, ""end"": 45, ""text"": ""Hear My Mind""}, {""kind"": ""roles"", ""label"": ""FIRST_PERSON_NARRATOR"", ""start"": 8, ""end"": 10, ""text"": ""My""}, {""kind"": ""roles"", ""label"": ""FIRST_PERSON_NARRATOR"", ""start"": 38, ""end"": 40, ""text"": ""My""}, {""kind"": ""roles"", ""label"": ""FIRST_PERSON_NARRATOR"", ""start"": 50, ""end"": 51, ""text"": ""I""}, {""kind"": ""roles"", ""label"": ""FAMILY_MEMBER"", ""start"": 22, ""end"": 28, ""text"": ""Family""}]","[{""kind"": ""events"", ""label"": ""REBIRTH"", ""start"": 0, ""end"": 6, ""text"": ""Reborn""}, {""kind"": ""events"", ""label"": ""THOUGHTS_EXPOSED"", ""start"": 33, ""end"": 45, ""text"": ""Hear My Mind""}]",[]
UCHPA4fgVIFf4Wfae6-f5qNQ,Hein Recap,9290,119,3026852,4A3zz8lf8EE,"I Became A Billionaire Heiress's Butler, But She Can Hear All My Sarcastic Thoughts! - Hein Recap",https://www.youtube.com/watch?v=4A3zz8lf8EE,2026-09-23T17:03:22Z,2302.0,0,1,0,en,en,70195,1576,35,2026-10-01T06:14:16.896069+00:00,2026-10-01T06:14:16.896069+00:00,38:22,"i became a billionaire heiress's butler, but she can hear all my sarcastic thoughts! - hein recap",17,97,22.451741577035403,0.4986110121803547,22.20812182741117,2.2451741577035405,0.0498611012180354,20,417327,20866.35,11582.0,20,544.2,326.5,20,27.45,22.0,20,2.764269455233001,2.7864566805098296,20,0.1704447084872326,0.1644883012290921,20,89901,KM6YKFEZ6AI,Leaving The Traitorous Family To Despair! - Hein Recap,1975,KM6YKFEZ6AI,Leaving The Traitorous Family To Despair! - Hein Recap,82,K2iI10BMw98,I Let The Nation Extract My Memories - Hein Recap,2,6.060697634260059,True,2,4.826952526799388,True,5,1.5909090909090908,False,"I Became A Billionaire Heiress's Butler, But She Can Hear All My Sarcastic Thoughts!",True, - Hein Recap,exact_channel_suffix_with_separator,cc19d68021356a387b6125c7e7e78a587674d1d01ce45b9f62319db596f905f3,FIRST_PERSON_NARRATOR,,,,AUTHORITY_OR_STATUS,,"[""THOUGHTS_EXPOSED""]","[""THOUGHTS_EXPOSED""]","[""FIRST_PERSON_NARRATOR"", ""AUTHORITY_OR_STATUS""]",[],,1,rule_supported_unvalidated,conservative-title-rules-v1,,1.0.1,"[{""kind"": ""events"", ""label"": ""THOUGHTS_EXPOSED"", ""start"": 53, ""end"": 83, ""text"": ""Hear All My Sarcastic Thoughts""}, {""kind"": ""roles"", ""label"": ""FIRST_PERSON_NARRATOR"", ""start"": 0, ""end"": 1, ""text"": ""I""}, {""kind"": ""roles"", ""label"": ""FIRST_PERSON_NARRATOR"", ""start"": 62, ""end"": 64, ""text"": ""My""}, {""kind"": ""roles"", ""label"": ""AUTHORITY_OR_STATUS"", ""start"": 11, ""end"": 22, ""text"": ""Billionaire""}, {""kind"": ""roles"", ""label"": ""AUTHORITY_OR_STATUS"", ""start"": 23, ""end"": 30, ""text"": ""Heiress""}]","[{""kind"": ""events"", ""label"": ""THOUGHTS_EXPOSED"", ""start"": 53, ""end"": 83, ""text"": ""Hear All My Sarcastic Thoughts""}]",[]
UC4Dp5pw1_R4gv0N-FBeyB8A,Meow's Cafe,47500,1059,48033780,5FY8SsRjahk,📕I charged my wife every time her fl taunted me—then she panicked when our daughter and I moved on!,https://www.youtube.com/watch?v=5FY8SsRjahk,2026-09-28T21:00:34Z,2498.0,0,1,1,en,en,18484,730,73,2026-10-01T06:14:18.684168+00:00,2026-10-01T06:14:18.684168+00:00,41:38,📕i charged my wife every time her fl taunted me—then she panicked when our daughter and i moved on!,19,99,39.49361610041117,3.949361610041117,100.0,3.949361610041117,0.3949361610041116,20,496895,24844.75,22779.5,20,696.4,667.0,20,84.5,77.5,20,2.9124490282749016,2.7864024707032984,20,0.3614687656163527,0.3325801098969242,20,44630,QfrpsGlVUoY,📕I called my GF my first love. The campus queen snapped—then found she'd erased all proof we dated!,1137,ox8CMjoszTQ,📕My boss GF faked amnesia and asked who I was. I said “just a coworker.” She relaxed—and so did I!,192,zXeifgaRYDM,📕An intern sent pics with my CEO wife to taunt me—I called cops at their office; one line froze them,15,0.8114313308018174,False,7,1.0944527736131937,False,13,0.9419354838709676,False,📕I charged my wife every time her fl taunted me—then she panicked when our daughter and I moved on!,False,,no_exact_separated_suffix,b8c91bd84834bc2ea449e42b77bc366019f526e601a45f12730bc491ed492524,FIRST_PERSON_NARRATOR,ROMANTIC_PARTNER,,FAMILY_MEMBER,,,"[""HUMILIATION""]","[""HUMILIATION""]","[""FIRST_PERSON_NARRATOR"", ""ROMANTIC_PARTNER"", ""FAMILY_MEMBER""]",[],,1,rule_supported_unvalidated,conservative-title-rules-v1,,1.0.1,"[{""kind"": ""events"", ""label"": ""HUMILIATION"", ""start"": 37, ""end"": 44, ""text"": ""taunted""}, {""kind"": ""roles"", ""label"": ""FIRST_PERSON_NARRATOR"", ""start"": 1, ""end"": 2, ""text"": ""I""}, {""kind"": ""roles"", ""label"": ""FIRST_PERSON_NARRATOR"", ""start"": 11, ""end"": 13, ""text"": ""my""}, {""kind"": ""roles"", ""label"": ""FIRST_PERSON_NARRATOR"", ""start"": 45, ""end"": 47, ""text"": ""me""}, {""kind"": ""roles"", ""label"": ""FIRST_PERSON_NARRATOR"", ""start"": 88, ""end"": 89, ""text"": ""I""}, {""kind"": ""roles"", ""label"": ""ROMANTIC_PARTNER"", ""start"": 11, ""end"": 18, ""text"": ""my wife""}, {""kind"": ""roles"", ""label"": ""FAMILY_MEMBER"", ""start"": 75, ""end"": 83, ""text"": ""daughter""}]","[{""kind"": ""events"", ""label"": ""HUMILIATION"", ""start"": 37, ""end"": 44, ""text"": ""taunted""}]",[]
UC4Dp5pw1_R4gv0N-FBeyB8A,Meow's Cafe,47500,1059,48033780,5a5Js5uVK5M,"📕Once I learned the plot, I let my wife see her first love—even told her to dress sexier. She froze!",https://www.youtube.com/watch?v=5a5Js5uVK5M,2026-09-29T21:00:03Z,2351.0,0,1,1,en,en,22684,620,76,2026-10-01T06:14:18.684168+00:00,2026-10-01T06:14:18.684168+00:00,39:11,"📕once i learned the plot, i let my wife see her first love—even told her to dress sexier. she froze!",20,100,27.33204020454946,3.3503791218479986,122.58064516129032,2.7332040204549464,0.3350379121847998,20,496895,24844.75,22779.5,20,696.4,667.0,20,84.5,77.5,20,2.9124490282749016,2.7864024707032984,20,0.3614687656163527,0.3325801098969242,20,44630,QfrpsGlVUoY,📕I called my GF my first love. The campus queen snapped—then found she'd erased all proof we dated!,1137,ox8CMjoszTQ,📕My boss GF faked amnesia and asked who I was. I said “just a coworker.” She relaxed—and so did I!,192,zXeifgaRYDM,📕An intern sent pics with my CEO wife to taunt me—I called cops at their office; one line froze them,11,0.9958076340569372,False,13,0.929535232383808,False,12,0.9806451612903224,False,"📕Once I learned the plot, I let my wife see her first love—even told her to dress sexier. She froze!",False,,no_exact_separated_suffix,bd6c9017777f1e164c975a47f622489467c8c03eca750357904eb02fd8a23b1b,FIRST_PERSON_NARRATOR,ROMANTIC_PARTNER,,,,,[],[],"[""FIRST_PERSON_NARRATOR"", ""ROMANTIC_PARTNER""]",[],,0,no_event_evidence,conservative-title-rules-v1,,1.0.1,"[{""kind"": ""roles"", ""label"": ""FIRST_PERSON_NARRATOR"", ""start"": 6, ""end"": 7, ""text"": ""I""}, {""kind"": ""roles"", ""label"": ""FIRST_PERSON_NARRATOR"", ""start"": 26, ""end"": 27, ""text"": ""I""}, {""kind"": ""roles"", ""label"": ""FIRST_PERSON_NARRATOR"", ""start"": 32, ""end"": 34, ""text"": ""my""}, {""kind"": ""roles"", ""label"": ""ROMANTIC_PARTNER"", ""start"": 32, ""end"": 39, ""text"": ""my wife""}]",[],[]
UC4Dp5pw1_R4gv0N-FBeyB8A,Meow's Cafe,47500,1059,48033780,5uu-bOF5LT0,"📕My GF left with another guy, said her flight was delayed—then her Uber arrived: me, driving her car",https://www.youtube.com/watch?v=5uu-bOF5LT0,2026-09-24T21:00:21Z,2455.0,0,1,1,en,en,24757,703,78,2026-10-01T06:14:18.684168+00:00,2026-10-01T06:14:18.684168+00:00,40:55,"📕my gf left with another guy, said her flight was delayed—then her uber arrived: me, driving her car",18,100,28.3960092095165,3.15062406592075,110.95305832147938,2.83960092095165,0.3150624065920749,20,496895,24844.75,22779.5,20,696.4,667.0,20,84.5,77.5,20,2.9124490282749016,2.7864024707032984,20,0.3614687656163527,0.3325801098969242,20,44630,QfrpsGlVUoY,📕I called my GF my first love. The campus queen snapped—then found she'd erased all proof we dated!,1137,ox8CMjoszTQ,📕My boss GF faked amnesia and asked who I was. I said “just a coworker.” She relaxed—and so did I!,192,zXeifgaRYDM,📕An intern sent pics with my CEO wife to taunt me—I called cops at their office; one line froze them,9,1.0868105094492857,False,8,1.0539730134932537,False,9,1.0064516129032255,False,"📕My GF left with another guy, said her flight was delayed—then her Uber arrived: me, driving her car",False,,no_exact_separated_suffix,2bc6b78b8df712ccb138ee3e2882ff98f22cc0a0b6927bb83ea38e18850e5bcf,FIRST_PERSON_NARRATOR,ROMANTIC_PARTNER,,,,,[],[],"[""FIRST_PERSON_NARRATOR"", ""ROMANTIC_PARTNER""]",[],,0,no_event_evidence,conservative-title-rules-v1,,1.0.1,"[{""kind"": ""roles"", ""label"": ""FIRST_PERSON_NARRATOR"", ""start"": 1, ""end"": 3, ""text"": ""My""}, {""kind"": ""roles"", ""label"": ""FIRST_PERSON_NARRATOR"", ""start"": 81, ""end"": 83, ""text"": ""me""}, {""kind"": ""roles"", ""label"": ""ROMANTIC_PARTNER"", ""start"": 1, ""end"": 6, ""text"": ""My GF""}]",[],[]
UChIHuKSI-djAtbWK9mvHSww,Jinwoo Recap,41300,191,15216068,7FM2tlQ-pCk,"I Rejected Her Twice In School, Now She Bought My Company To Force Me To Date Her! - Jinwoo Recap",https://www.youtube.com/watch?v=7FM2tlQ-pCk,2026-09-27T17:34:18Z,5382.0,0,1,0,en-US,en,26739,611,35,2026-10-01T06:14:17.701864+00:00,2026-10-01T06:14:17.701864+00:00,1:29:42,"i rejected her twice in school, now she bought my company to force me to date her! - jinwoo recap",20,97,22.85051797000636,1.3089494745502823,57.283142389525366,2.285051797000636,0.1308949474550282,20,540758,27037.9,22004.0,20,584.45,451.0,20,34.7,30.5,20,2.196591829543256,2.1913914131384487,20,0.1431061431342918,0.1485057134194587,20,78380,eC75umB-SHs,I Have A Gossip System - Jinwoo Recap,1612,eC75umB-SHs,I Have A Gossip System - Jinwoo Recap,76,wUPj55kldak,Zero Tolerance For Drama - Jinwoo Recap,8,1.2151881476095256,False,6,1.3547671840354767,False,8,1.147540983606557,False,"I Rejected Her Twice In School, Now She Bought My Company To Force Me To Date Her!",True, - Jinwoo Recap,exact_channel_suffix_with_separator,2448cba7cb71f83e42163334de212ff8502384c45723b7fee117746dce7416f5,FIRST_PERSON_NARRATOR,,,,,,[],[],"[""FIRST_PERSON_NARRATOR""]",[],,0,no_event_evidence,conservative-title-rules-v1,,1.0.1,"[{""kind"": ""roles"", ""label"": ""FIRST_PERSON_NARRATOR"", ""start"": 0, ""end"": 1, ""text"": ""I""}, {""kind"": ""roles"", ""label"": ""FIRST_PERSON_NARRATOR"", ""start"": 47, ""end"": 49, ""text"": ""My""}, {""kind"": ""roles"", ""label"": ""FIRST_PERSON_NARRATOR"", ""start"": 67, ""end"": 69, ""text"": ""Me""}]",[],[]
UCHPA4fgVIFf4Wfae6-f5qNQ,Hein Recap,9290,119,3026852,AFHLIEaSluo,Outplaying The White Lotus - Hein Recap,https://www.youtube.com/watch?v=AFHLIEaSluo,2026-09-13T17:00:25Z,3471.0,0,1,0,en,en,9573,245,16,2026-10-01T06:14:16.896069+00:00,2026-10-01T06:14:16.896069+00:00,57:51,outplaying the white lotus - hein recap,7,39,25.59281312023399,1.6713673874438526,65.3061224489796,2.559281312023399,0.1671367387443852,20,417327,20866.35,11582.0,20,544.2,326.5,20,27.45,22.0,20,2.764269455233001,2.7864566805098296,20,0.1704447084872326,0.1644883012290921,20,89901,KM6YKFEZ6AI,Leaving The Traitorous Family To Despair! - Hein Recap,1975,KM6YKFEZ6AI,Leaving The Traitorous Family To Despair! - Hein Recap,82,K2iI10BMw98,I Let The Nation Extract My Memories - Hein Recap,15,0.8265411845967882,False,16,0.7503828483920367,False,14,0.7272727272727273,False,Outplaying The White Lotus,True, - Hein Recap,exact_channel_suffix_with_separator,ee3b9eb2da781c007a7d422fe344455bf6ed0ba874c4b859668be91a6c4d0be0,,,,,,,[],[],[],[],,0,no_event_evidence,conservative-title-rules-v1,,1.0.1,[],[],[]
UCeLOCj__efnDzhPUu7tlOWg,Yee Lovestory,43000,245,14151407,En3LA6oNvzs,Reborn: My 6 Beautiful Sisters & Parents Can Hear My Thoughts—but Now They Regret It!,https://www.youtube.com/watch?v=En3LA6oNvzs,2026-03-20T00:00:31Z,7801.0,0,22,0,en,en-US,237618,5681,377,2026-10-01T06:14:19.535343+00:00,2026-10-01T06:14:19.535343+00:00,2:10:01,reborn: my 6 beautiful sisters & parents can hear my thoughts—but now they regret it!,15,85,23.908121438611555,1.5865801412350915,66.36155606407323,2.390812143861156,0.1586580141235091,20,3325008,166250.4,75548.0,20,3844.8,2140.5,20,239.25,165.0,20,2.599524377641904,2.6582881485017875,20,0.2275168933217518,0.162733939660102,20,797070,3DwZyWBN31A,Reborn: My Whole Rich Family Can Hear My Mind—Now I'm Somehow the Most Spoiled Favorite in the House,16943,3DwZyWBN31A,Reborn: My Whole Rich Family Can Hear My Mind—Now I'm Somehow the Most Spoiled Favorite in the House,1205,jCMa8FP8eqo,Reborn: I Chose the Cute Heiress Instead of the Driver's Daughter—but Now She Rues,4,3.14525864351141,True,5,2.6540527914038776,False,3,2.2848484848484847,False,Reborn: My 6 Beautiful Sisters & Parents Can Hear My Thoughts—but Now They Regret It!,False,,no_exact_separated_suffix,6a3267a418183b7d847ce3924d2c8fcd4f670433aed9bd2f54c3a4c49a1431cc,FIRST_PERSON_NARRATOR,,,FAMILY_MEMBER,,,"[""REBIRTH"", ""THOUGHTS_EXPOSED"", ""REGRET""]","[""REBIRTH"", ""THOUGHTS_EXPOSED"", ""REGRET""]","[""FIRST_PERSON_NARRATOR"", ""FAMILY_MEMBER""]",[],REBIRTH > THOUGHTS_EXPOSED > REGRET,3,rule_supported_unvalidated,conservative-title-rules-v1,,1.0.1,"[{""kind"": ""events"", ""label"": ""REBIRTH"", ""start"": 0, ""end"": 6, ""text"": ""Reborn""}, {""kind"": ""events"", ""label"": ""REGRET"", ""start"": 75, ""end"": 81, ""text"": ""Regret""}, {""kind"": ""events"", ""label"": ""THOUGHTS_EXPOSED"", ""start"": 45, ""end"": 61, ""text"": ""Hear My Thoughts""}, {""kind"": ""roles"", ""label"": ""FIRST_PERSON_NARRATOR"", ""start"": 8, ""end"": 10, ""text"": ""My""}, {""kind"": ""roles"", ""label"": ""FIRST_PERSON_NARRATOR"", ""start"": 50, ""end"": 52, ""text"": ""My""}, {""kind"": ""roles"", ""label"": ""FAMILY_MEMBER"", ""start"": 23, ""end"": 30, ""text"": ""Sisters""}, {""kind"": ""roles"", ""label"": ""FAMILY_MEMBER"", ""start"": 33, ""end"": 40, ""text"": ""Parents""}]","[{""kind"": ""events"", ""label"": ""REBIRTH"", ""start"": 0, ""end"": 6, ""text"": ""Reborn""}, {""kind"": ""events"", ""label"": ""THOUGHTS_EXPOSED"", ""start"": 45, ""end"": 61, ""text"": ""Hear My Thoughts""}, {""kind"": ""events"", ""label"": ""REGRET"", ""start"": 75, ""end"": 81, ""text"": ""Regret""}]",[]
UCeLOCj__efnDzhPUu7tlOWg,Yee Lovestory,43000,245,14151407,EzPOGE4xXow,"Reborn: I Choose My Devoted CEO Wife & Daughter over My Crush, Towards a Happy Ending",https://www.youtube.com/watch?v=EzPOGE4xXow,2026-03-11T00:00:17Z,8463.0,0,22,0,en,en-US,300941,7013,313,2026-10-01T06:14:19.535343+00:00,2026-10-01T06:14:19.535343+00:00,2:21:03,"reborn: i choose my devoted ceo wife & daughter over my crush, towards a happy ending",16,85,23.303571131882997,1.0400709773676569,44.63139883074291,2.3303571131882994,0.1040070977367656,20,3325008,166250.4,75548.0,20,3844.8,2140.5,20,239.25,165.0,20,2.599524377641904,2.6582881485017875,20,0.2275168933217518,0.162733939660102,20,797070,3DwZyWBN31A,Reborn: My Whole Rich Family Can Hear My Mind—Now I'm Somehow the Most Spoiled Favorite in the House,16943,3DwZyWBN31A,Reborn: My Whole Rich Family Can Hear My Mind—Now I'm Somehow the Most Spoiled Favorite in the House,1205,jCMa8FP8eqo,Reborn: I Chose the Cute Heiress Instead of the Driver's Daughter—but Now She Rues,3,3.983440991157939,True,3,3.276337304368138,True,4,1.896969696969697,False,"Reborn: I Choose My Devoted CEO Wife & Daughter over My Crush, Towards a Happy Ending",False,,no_exact_separated_suffix,777e6a9ab29a125fc3c1acf4e13717b866599b14393fd3db7f91c1f552d6b4a0,FIRST_PERSON_NARRATOR,,,FAMILY_MEMBER,AUTHORITY_OR_STATUS,,"[""REBIRTH""]","[""REBIRTH""]","[""FIRST_PERSON_NARRATOR"", ""AUTHORITY_OR_STATUS"", ""FAMILY_MEMBER""]",[],,1,rule_supported_unvalidated,conservative-title-rules-v1,,1.0.1,"[{""kind"": ""events"", ""label"": ""REBIRTH"", ""start"": 0, ""end"": 6, ""text"": ""Reborn""}, {""kind"": ""roles"", ""label"": ""FIRST_PERSON_NARRATOR"", ""start"": 8, ""end"": 9, ""text"": ""I""}, {""kind"": ""roles"", ""label"": ""FIRST_PERSON_NARRATOR"", ""start"": 17, ""end"": 19, ""text"": ""My""}, {""kind"": ""roles"", ""label"": ""FIRST_PERSON_NARRATOR"", ""start"": 53, ""end"": 55, ""text"": ""My""}, {""kind"": ""roles"", ""label"": ""FAMILY_MEMBER"", ""start"": 39, ""end"": 47, ""text"": ""Daughter""}, {""kind"": ""roles"", ""label"": ""AUTHORITY_OR_STATUS"", ""start"": 28, ""end"": 31, ""text"": ""CEO""}]","[{""kind"": ""events"", ""label"": ""REBIRTH"", ""start"": 0, ""end"": 6, ""text"": ""Reborn""}]",[]
UChIHuKSI-djAtbWK9mvHSww,Jinwoo Recap,41300,191,15216068,F4GFzqbaqn0,How The Betrayed Husband Become A Global Star! - Jinwoo Recap,https://www.youtube.com/watch?v=F4GFzqbaqn0,2026-09-11T17:36:27Z,5606.0,0,1,0,en-US,en,24125,517,33,2026-10-01T06:14:17.701864+00:00,2026-10-01T06:14:17.701864+00:00,1:33:26,how the betrayed husband become a global star! - jinwoo recap,11,61,21.430051813471504,1.3678756476683938,63.82978723404255,2.1430051813471502,0.1367875647668393,20,540758,27037.9,22004.0,20,584.45,451.0,20,34.7,30.5,20,2.196591829543256,2.1913914131384487,20,0.1431061431342918,0.1485057134194587,20,78380,eC75umB-SHs,I Have A Gossip System - Jinwoo Recap,1612,eC75umB-SHs,I Have A Gossip System - Jinwoo Recap,76,wUPj55kldak,Zero Tolerance For Drama - Jinwoo Recap,9,1.0963915651699692,False,10,1.146341463414634,False,9,1.0819672131147542,False,How The Betrayed Husband Become A Global Star!,True, - Jinwoo Recap,exact_channel_suffix_with_separator,a6da3cff9f5ce3ffab314c32f2ab65ae5e49f102b3582ddb45fa889dc6eaee1a,,,,,,,"[""BETRAYAL""]","[""BETRAYAL""]",[],[],,1,rule_supported_unvalidated,conservative-title-rules-v1,,1.0.1,"[{""kind"": ""events"", ""label"": ""BETRAYAL"", ""start"": 8, ""end"": 16, ""text"": ""Betrayed""}]","[{""kind"": ""events"", ""label"": ""BETRAYAL"", ""start"": 8, ""end"": 16, ""text"": ""Betrayed""}]",[]
UCHPA4fgVIFf4Wfae6-f5qNQ,Hein Recap,9290,119,3026852,FIsCGrW7Iuw,My Wife Let Her Ex Destroy My Dead Mom's Keepsake - Hein Recap,https://www.youtube.com/watch?v=FIsCGrW7Iuw,2026-09-11T17:01:37Z,3099.0,0,1,0,en,en,9164,238,18,2026-10-01T06:14:16.896069+00:00,2026-10-01T06:14:16.896069+00:00,51:39,my wife let her ex destroy my dead mom's keepsake - hein recap,13,62,25.971191619380186,1.9642077695329552,75.63025210084034,2.5971191619380183,0.1964207769532955,20,417327,20866.35,11582.0,20,544.2,326.5,20,27.45,22.0,20,2.764269455233001,2.7864566805098296,20,0.1704447084872326,0.1644883012290921,20,89901,KM6YKFEZ6AI,Leaving The Traitorous Family To Despair! - Hein Recap,1975,KM6YKFEZ6AI,Leaving The Traitorous Family To Despair! - Hein Recap,82,K2iI10BMw98,I Let The Nation Extract My Memories - Hein Recap,17,0.7912277672250043,False,17,0.7289433384379785,False,13,0.8181818181818182,False,My Wife Let Her Ex Destroy My Dead Mom's Keepsake,True, - Hein Recap,exact_channel_suffix_with_separator,4d2ce4e0def175dfe36c0049c989f5664af57e2b143642287295516c8ab2a016,FIRST_PERSON_NARRATOR,ROMANTIC_PARTNER,,FAMILY_MEMBER,,,[],[],"[""FIRST_PERSON_NARRATOR"", ""ROMANTIC_PARTNER"", ""FAMILY_MEMBER""]",[],,0,no_event_evidence,conservative-title-rules-v1,,1.0.1,"[{""kind"": ""roles"", ""label"": ""FIRST_PERSON_NARRATOR"", ""start"": 0, ""end"": 2, ""text"": ""My""}, {""kind"": ""roles"", ""label"": ""FIRST_PERSON_NARRATOR"", ""start"": 27, ""end"": 29, ""text"": ""My""}, {""kind"": ""roles"", ""label"": ""ROMANTIC_PARTNER"", ""start"": 0, ""end"": 7, ""text"": ""My Wife""}, {""kind"": ""roles"", ""label"": ""FAMILY_MEMBER"", ""start"": 35, ""end"": 38, ""text"": ""Mom""}]",[],[]
UCHPA4fgVIFf4Wfae6-f5qNQ,Hein Recap,9290,119,3026852,Fy-Ci_gAghs,I Turned A Poor Girl Into A Billionaire - Hein Recap,https://www.youtube.com/watch?v=Fy-Ci_gAghs,2026-09-18T17:02:30Z,2046.0,0,1,0,en,en,11740,287,19,2026-10-01T06:14:16.896069+00:00,2026-10-01T06:14:16.896069+00:00,34:06,i turned a poor girl into a billionaire - hein recap,11,52,24.44633730834753,1.6183986371379897,66.20209059233449,2.444633730834753,0.1618398637137989,20,417327,20866.35,11582.0,20,544.2,326.5,20,27.45,22.0,20,2.764269455233001,2.7864566805098296,20,0.1704447084872326,0.1644883012290921,20,89901,KM6YKFEZ6AI,Leaving The Traitorous Family To Despair! - Hein Recap,1975,KM6YKFEZ6AI,Leaving The Traitorous Family To Despair! - Hein Recap,82,K2iI10BMw98,I Let The Nation Extract My Memories - Hein Recap,10,1.0136418580556037,False,13,0.8790199081163859,False,12,0.8636363636363636,False,I Turned A Poor Girl Into A Billionaire,True, - Hein Recap,exact_channel_suffix_with_separator,3abb27a2ef6f3a07ae2a10d0fb6e495a2ef583c584e1d1db6abd945b53b65671,FIRST_PERSON_NARRATOR,,,,AUTHORITY_OR_STATUS,,[],[],"[""FIRST_PERSON_NARRATOR"", ""AUTHORITY_OR_STATUS""]",[],,0,no_event_evidence,conservative-title-rules-v1,,1.0.1,"[{""kind"": ""roles"", ""label"": ""FIRST_PERSON_NARRATOR"", ""start"": 0, ""end"": 1, ""text"": ""I""}, {""kind"": ""roles"", ""label"": ""AUTHORITY_OR_STATUS"", ""start"": 28, ""end"": 39, ""text"": ""Billionaire""}]",[],[]
UChIHuKSI-djAtbWK9mvHSww,Jinwoo Recap,41300,191,15216068,G7dKVCViwOc,I Rejected A Billionaire's Proposal - Jinwoo Recap,https://www.youtube.com/watch?v=G7dKVCViwOc,2026-09-23T17:38:34Z,8724.0,0,1,0,en-US,en,12810,276,28,2026-10-01T06:14:17.701864+00:00,2026-10-01T06:14:17.701864+00:00,2:25:24,i rejected a billionaire's proposal - jinwoo recap,8,50,21.545667447306798,2.185792349726776,101.44927536231884,2.1545667447306798,0.2185792349726776,20,540758,27037.9,22004.0,20,584.45,451.0,20,34.7,30.5,20,2.196591829543256,2.1913914131384487,20,0.1431061431342918,0.1485057134194587,20,78380,eC75umB-SHs,I Have A Gossip System - Jinwoo Recap,1612,eC75umB-SHs,I Have A Gossip System - Jinwoo Recap,76,wUPj55kldak,Zero Tolerance For Drama - Jinwoo Recap,16,0.5821668787493183,False,18,0.6119733924611973,False,12,0.918032786885246,False,I Rejected A Billionaire's Proposal,True, - Jinwoo Recap,exact_channel_suffix_with_separator,008800aee82d79f445a5873f67a0d68dfda7e280431ca7d5aaef9d8272c5d14e,FIRST_PERSON_NARRATOR,,,,AUTHORITY_OR_STATUS,,[],[],"[""FIRST_PERSON_NARRATOR"", ""AUTHORITY_OR_STATUS""]",[],,0,no_event_evidence,conservative-title-rules-v1,,1.0.1,"[{""kind"": ""roles"", ""label"": ""FIRST_PERSON_NARRATOR"", ""start"": 0, ""end"": 1, ""text"": ""I""}, {""kind"": ""roles"", ""label"": ""AUTHORITY_OR_STATUS"", ""start"": 13, ""end"": 24, ""text"": ""Billionaire""}]",[],[]
UCHPA4fgVIFf4Wfae6-f5qNQ,Hein Recap,9290,119,3026852,H8GIzUs4iYQ,She Ditched My Birthday For Her Art Crush - Hein Recap,https://www.youtube.com/watch?v=H8GIzUs4iYQ,2026-09-30T17:02:34Z,5639.0,0,1,0,en,en,4125,118,24,2026-10-01T06:14:16.896069+00:00,2026-10-01T06:14:16.896069+00:00,1:33:59,she ditched my birthday for her art crush - hein recap,11,54,28.60606060606061,5.8181818181818175,203.3898305084746,2.860606060606061,0.5818181818181818,20,417327,20866.35,11582.0,20,544.2,326.5,20,27.45,22.0,20,2.764269455233001,2.7864566805098296,20,0.1704447084872326,0.1644883012290921,20,89901,KM6YKFEZ6AI,Leaving The Traitorous Family To Despair! - Hein Recap,1975,KM6YKFEZ6AI,Leaving The Traitorous Family To Despair! - Hein Recap,82,K2iI10BMw98,I Let The Nation Extract My Memories - Hein Recap,20,0.3561561042997755,False,20,0.3614088820826952,False,8,1.0909090909090908,False,She Ditched My Birthday For Her Art Crush,True, - Hein Recap,exact_channel_suffix_with_separator,92f39e7bc1828e3b92e28ace10d0fc0500d1e16c6dc5d15b25dd45daca1d1382,FIRST_PERSON_NARRATOR,,,,,,[],[],"[""FIRST_PERSON_NARRATOR""]",[],,0,no_event_evidence,conservative-title-rules-v1,,1.0.1,"[{""kind"": ""roles"", ""label"": ""FIRST_PERSON_NARRATOR"", ""start"": 12, ""end"": 14, ""text"": ""My""}]",[],[]
UCHPA4fgVIFf4Wfae6-f5qNQ,Hein Recap,9290,119,3026852,I7mNKE7mbWw,Unsent Letters At The Grave - Hein Recap,https://www.youtube.com/watch?v=I7mNKE7mbWw,2026-09-25T17:04:09Z,2340.0,0,1,0,en,en,5741,167,8,2026-10-01T06:14:16.896069+00:00,2026-10-01T06:14:16.896069+00:00,39:00,unsent letters at the grave - hein recap,8,40,29.08900888346978,1.3934854554955582,47.90419161676647,2.908900888346978,0.1393485455495558,20,417327,20866.35,11582.0,20,544.2,326.5,20,27.45,22.0,20,2.764269455233001,2.7864566805098296,20,0.1704447084872326,0.1644883012290921,20,89901,KM6YKFEZ6AI,Leaving The Traitorous Family To Despair! - Hein Recap,1975,KM6YKFEZ6AI,Leaving The Traitorous Family To Despair! - Hein Recap,82,K2iI10BMw98,I Let The Nation Extract My Memories - Hein Recap,19,0.4956829563115179,False,19,0.5114854517611026,False,18,0.3636363636363636,False,Unsent Letters At The Grave,True, - Hein Recap,exact_channel_suffix_with_separator,749bb3f100a9eb42c8cf48b9abf0b62b97d05dc87b4512cee14fdb755fd0ca9c,,,,,,,[],[],[],[],,0,no_event_evidence,conservative-title-rules-v1,,1.0.1,[],[],[]
UCHPA4fgVIFf4Wfae6-f5qNQ,Hein Recap,9290,119,3026852,JKhn9JGaPY8,"How A ""Greedy Opportunist"" Bore The Weight Of Two Dynasties! - Hein Recap",https://www.youtube.com/watch?v=JKhn9JGaPY8,2026-09-28T17:03:24Z,3534.0,0,1,0,en,en,8092,184,9,2026-10-01T06:14:16.896069+00:00,2026-10-01T06:14:16.896069+00:00,58:54,"how a ""greedy opportunist"" bore the weight of two dynasties! - hein recap",13,73,22.738507167572912,1.1122095897182402,48.91304347826088,2.2738507167572912,0.111220958971824,20,417327,20866.35,11582.0,20,544.2,326.5,20,27.45,22.0,20,2.764269455233001,2.7864566805098296,20,0.1704447084872326,0.1644883012290921,20,89901,KM6YKFEZ6AI,Leaving The Traitorous Family To Despair! - Hein Recap,1975,KM6YKFEZ6AI,Leaving The Traitorous Family To Despair! - Hein Recap,82,K2iI10BMw98,I Let The Nation Extract My Memories - Hein Recap,18,0.6986703505439475,False,18,0.5635528330781011,False,17,0.4090909090909091,False,"How A ""Greedy Opportunist"" Bore The Weight Of Two Dynasties!",True, - Hein Recap,exact_channel_suffix_with_separator,7d751b93a4a4753c136396166b85dbd02b855f1aa84f8681e8e3e384299e696b,,,,,,,[],[],[],[],,0,no_event_evidence,conservative-title-rules-v1,,1.0.1,[],[],[]
UCHPA4fgVIFf4Wfae6-f5qNQ,Hein Recap,9290,119,3026852,K2iI10BMw98,I Let The Nation Extract My Memories - Hein Recap,https://www.youtube.com/watch?v=K2iI10BMw98,2026-09-21T17:01:03Z,3868.0,0,1,0,en,en,48815,1336,82,2026-10-01T06:14:16.896069+00:00,2026-10-01T06:14:16.896069+00:00,1:04:28,i let the nation extract my memories - hein recap,10,49,27.368636689542143,1.6798115333401618,61.37724550898204,2.7368636689542147,0.1679811533340161,20,417327,20866.35,11582.0,20,544.2,326.5,20,27.45,22.0,20,2.764269455233001,2.7864566805098296,20,0.1704447084872326,0.1644883012290921,20,89901,KM6YKFEZ6AI,Leaving The Traitorous Family To Despair! - Hein Recap,1975,KM6YKFEZ6AI,Leaving The Traitorous Family To Despair! - Hein Recap,82,K2iI10BMw98,I Let The Nation Extract My Memories - Hein Recap,3,4.214729753065101,True,3,4.091883614088821,True,1,3.727272727272727,True,I Let The Nation Extract My Memories,True, - Hein Recap,exact_channel_suffix_with_separator,4a159623d08a753c8863c0b7ae78ead02332437a36f4400d235cf6c077e1d0cb,FIRST_PERSON_NARRATOR,,,,,,[],[],"[""FIRST_PERSON_NARRATOR""]",[],,0,no_event_evidence,conservative-title-rules-v1,,1.0.1,"[{""kind"": ""roles"", ""label"": ""FIRST_PERSON_NARRATOR"", ""start"": 0, ""end"": 1, ""text"": ""I""}, {""kind"": ""roles"", ""label"": ""FIRST_PERSON_NARRATOR"", ""start"": 25, ""end"": 27, ""text"": ""My""}]",[],[]
UCeLOCj__efnDzhPUu7tlOWg,Yee Lovestory,43000,245,14151407,K4I3MC4bAvo,"Reborn: I Chose My Loyal Heiress Girlfriend Over My Cheating Crush, Leading to a Happy Ending",https://www.youtube.com/watch?v=K4I3MC4bAvo,2026-03-13T00:00:21Z,6533.0,0,22,0,en,en-US,104986,2509,128,2026-10-01T06:14:19.535343+00:00,2026-10-01T06:14:19.535343+00:00,1:48:53,"reborn: i chose my loyal heiress girlfriend over my cheating crush, leading to a happy ending",16,93,23.898424551845007,1.2192101804050064,51.01634117178159,2.389842455184501,0.1219210180405006,20,3325008,166250.4,75548.0,20,3844.8,2140.5,20,239.25,165.0,20,2.599524377641904,2.6582881485017875,20,0.2275168933217518,0.162733939660102,20,797070,3DwZyWBN31A,Reborn: My Whole Rich Family Can Hear My Mind—Now I'm Somehow the Most Spoiled Favorite in the House,16943,3DwZyWBN31A,Reborn: My Whole Rich Family Can Hear My Mind—Now I'm Somehow the Most Spoiled Favorite in the House,1205,jCMa8FP8eqo,Reborn: I Chose the Cute Heiress Instead of the Driver's Daughter—but Now She Rues,7,1.3896595541907133,False,8,1.1721560383088063,False,15,0.7757575757575758,False,"Reborn: I Chose My Loyal Heiress Girlfriend Over My Cheating Crush, Leading to a Happy Ending",False,,no_exact_separated_suffix,daa61d163085695ca3f25d4a634ca25961487c4b3fae2fe9fecf93f17edde443,FIRST_PERSON_NARRATOR,,,,AUTHORITY_OR_STATUS,,"[""REBIRTH"", ""CHEATING""]","[""REBIRTH"", ""CHEATING""]","[""FIRST_PERSON_NARRATOR"", ""AUTHORITY_OR_STATUS""]",[],REBIRTH > CHEATING,2,rule_supported_unvalidated,conservative-title-rules-v1,,1.0.1,"[{""kind"": ""events"", ""label"": ""CHEATING"", ""start"": 52, ""end"": 60, ""text"": ""Cheating""}, {""kind"": ""events"", ""label"": ""REBIRTH"", ""start"": 0, ""end"": 6, ""text"": ""Reborn""}, {""kind"": ""roles"", ""label"": ""FIRST_PERSON_NARRATOR"", ""start"": 8, ""end"": 9, ""text"": ""I""}, {""kind"": ""roles"", ""label"": ""FIRST_PERSON_NARRATOR"", ""start"": 16, ""end"": 18, ""text"": ""My""}, {""kind"": ""roles"", ""label"": ""FIRST_PERSON_NARRATOR"", ""start"": 49, ""end"": 51, ""text"": ""My""}, {""kind"": ""roles"", ""label"": ""AUTHORITY_OR_STATUS"", ""start"": 25, ""end"": 32, ""text"": ""Heiress""}]","[{""kind"": ""events"", ""label"": ""REBIRTH"", ""start"": 0, ""end"": 6, ""text"": ""Reborn""}, {""kind"": ""events"", ""label"": ""CHEATING"", ""start"": 52, ""end"": 60, ""text"": ""Cheating""}]",[]
UC4Dp5pw1_R4gv0N-FBeyB8A,Meow's Cafe,47500,1059,48033780,KH8DW60j-3o,"📕After we reconciled, I stopped chasing her. She proposed—my revenge began at city hall",https://www.youtube.com/watch?v=KH8DW60j-3o,2026-09-26T21:00:26Z,2324.0,0,1,1,en,en,19822,519,89,2026-10-01T06:14:18.684168+00:00,2026-10-01T06:14:18.684168+00:00,38:44,"📕after we reconciled, i stopped chasing her. she proposed—my revenge began at city hall",14,87,26.183028957723742,4.48996064978307,171.48362235067438,2.618302895772374,0.4489960649783069,20,496895,24844.75,22779.5,20,696.4,667.0,20,84.5,77.5,20,2.9124490282749016,2.7864024707032984,20,0.3614687656163527,0.3325801098969242,20,44630,QfrpsGlVUoY,📕I called my GF my first love. The campus queen snapped—then found she'd erased all proof we dated!,1137,ox8CMjoszTQ,📕My boss GF faked amnesia and asked who I was. I said “just a coworker.” She relaxed—and so did I!,192,zXeifgaRYDM,📕An intern sent pics with my CEO wife to taunt me—I called cops at their office; one line froze them,12,0.8701683531245199,False,15,0.7781109445277361,False,7,1.1483870967741936,False,"📕After we reconciled, I stopped chasing her. She proposed—my revenge began at city hall",False,,no_exact_separated_suffix,17126a2ea81348ea238e910d86007092a983b20752a486ad5558d5e80393bee3,FIRST_PERSON_NARRATOR,,,,,,"[""REVENGE""]","[""REVENGE""]","[""FIRST_PERSON_NARRATOR""]",[],,1,rule_supported_unvalidated,conservative-title-rules-v1,,1.0.1,"[{""kind"": ""events"", ""label"": ""REVENGE"", ""start"": 61, ""end"": 68, ""text"": ""revenge""}, {""kind"": ""roles"", ""label"": ""FIRST_PERSON_NARRATOR"", ""start"": 22, ""end"": 23, ""text"": ""I""}, {""kind"": ""roles"", ""label"": ""FIRST_PERSON_NARRATOR"", ""start"": 58, ""end"": 60, ""text"": ""my""}]","[{""kind"": ""events"", ""label"": ""REVENGE"", ""start"": 61, ""end"": 68, ""text"": ""revenge""}]",[]
UCHPA4fgVIFf4Wfae6-f5qNQ,Hein Recap,9290,119,3026852,KM6YKFEZ6AI,Leaving The Traitorous Family To Despair! - Hein Recap,https://www.youtube.com/watch?v=KM6YKFEZ6AI,2026-09-12T17:03:09Z,2489.0,0,1,0,en,en,89901,1975,75,2026-10-01T06:14:16.896069+00:00,2026-10-01T06:14:16.896069+00:00,41:29,leaving the traitorous family to despair! - hein recap,9,54,21.96860991535133,0.8342510094437214,37.9746835443038,2.196860991535133,0.0834251009443721,20,417327,20866.35,11582.0,20,544.2,326.5,20,27.45,22.0,20,2.764269455233001,2.7864566805098296,20,0.1704447084872326,0.1644883012290921,20,89901,KM6YKFEZ6AI,Leaving The Traitorous Family To Despair! - Hein Recap,1975,KM6YKFEZ6AI,Leaving The Traitorous Family To Despair! - Hein Recap,82,K2iI10BMw98,I Let The Nation Extract My Memories - Hein Recap,1,7.762130892764635,True,1,6.049004594180705,True,2,3.409090909090909,True,Leaving The Traitorous Family To Despair!,True, - Hein Recap,exact_channel_suffix_with_separator,e867d13a3079af3a440768702d9875979c0e91fc63c453545e5a9fab5983b4e8,,,,FAMILY_MEMBER,,,"[""BETRAYAL""]","[""BETRAYAL""]","[""FAMILY_MEMBER""]",[],,1,rule_supported_unvalidated,conservative-title-rules-v1,,1.0.1,"[{""kind"": ""events"", ""label"": ""BETRAYAL"", ""start"": 12, ""end"": 22, ""text"": ""Traitorous""}, {""kind"": ""roles"", ""label"": ""FAMILY_MEMBER"", ""start"": 23, ""end"": 29, ""text"": ""Family""}]","[{""kind"": ""events"", ""label"": ""BETRAYAL"", ""start"": 12, ""end"": 22, ""text"": ""Traitorous""}]",[]
UC4Dp5pw1_R4gv0N-FBeyB8A,Meow's Cafe,47500,1059,48033780,KgZsH_ihLz0,"📕She stayed out till 3 AM; I canceled the venue, wedding, and honeymoon—she rushed home like crazy!",https://www.youtube.com/watch?v=KgZsH_ihLz0,2026-09-20T21:00:34Z,2050.0,0,1,1,en,en,32333,860,67,2026-10-01T06:14:18.684168+00:00,2026-10-01T06:14:18.684168+00:00,34:10,"📕she stayed out till 3 am; i canceled the venue, wedding, and honeymoon—she rushed home like crazy!",17,99,26.598212352704667,2.0721863111990846,77.90697674418605,2.6598212352704667,0.2072186311199084,20,496895,24844.75,22779.5,20,696.4,667.0,20,84.5,77.5,20,2.9124490282749016,2.7864024707032984,20,0.3614687656163527,0.3325801098969242,20,44630,QfrpsGlVUoY,📕I called my GF my first love. The campus queen snapped—then found she'd erased all proof we dated!,1137,ox8CMjoszTQ,📕My boss GF faked amnesia and asked who I was. I said “just a coworker.” She relaxed—and so did I!,192,zXeifgaRYDM,📕An intern sent pics with my CEO wife to taunt me—I called cops at their office; one line froze them,5,1.4193902412256634,False,6,1.2893553223388303,False,15,0.864516129032258,False,"📕She stayed out till 3 AM; I canceled the venue, wedding, and honeymoon—she rushed home like crazy!",False,,no_exact_separated_suffix,ec376fe801f462e4f7d9d4570f94d88d1ad5f6dbea3d6a5da1a6a7448af988de,FIRST_PERSON_NARRATOR,,,,,,[],[],"[""FIRST_PERSON_NARRATOR""]",[],,0,no_event_evidence,conservative-title-rules-v1,,1.0.1,"[{""kind"": ""roles"", ""label"": ""FIRST_PERSON_NARRATOR"", ""start"": 27, ""end"": 28, ""text"": ""I""}]",[],[]
UCHPA4fgVIFf4Wfae6-f5qNQ,Hein Recap,9290,119,3026852,KqinxI0DjmE,Divorced On 5th Anniversary! - Hein Recap,https://www.youtube.com/watch?v=KqinxI0DjmE,2026-09-27T17:01:16Z,2931.0,0,1,0,en,en,9277,265,14,2026-10-01T06:14:16.896069+00:00,2026-10-01T06:14:16.896069+00:00,48:51,divorced on 5th anniversary! - hein recap,7,41,28.56526894470195,1.50910854802199,52.83018867924528,2.856526894470195,0.1509108548021989,20,417327,20866.35,11582.0,20,544.2,326.5,20,27.45,22.0,20,2.764269455233001,2.7864566805098296,20,0.1704447084872326,0.1644883012290921,20,89901,KM6YKFEZ6AI,Leaving The Traitorous Family To Despair! - Hein Recap,1975,KM6YKFEZ6AI,Leaving The Traitorous Family To Despair! - Hein Recap,82,K2iI10BMw98,I Let The Nation Extract My Memories - Hein Recap,16,0.8009842859609739,False,15,0.8116385911179173,False,15,0.6363636363636364,False,Divorced On 5th Anniversary!,True, - Hein Recap,exact_channel_suffix_with_separator,0f7a2fb6973c3fe8fe724f7ba89796ad9f605ff059f91bbdb3a3cd6ceb742057,,,,,,,"[""DIVORCE""]","[""DIVORCE""]",[],[],,1,rule_supported_unvalidated,conservative-title-rules-v1,,1.0.1,"[{""kind"": ""events"", ""label"": ""DIVORCE"", ""start"": 0, ""end"": 8, ""text"": ""Divorced""}]","[{""kind"": ""events"", ""label"": ""DIVORCE"", ""start"": 0, ""end"": 8, ""text"": ""Divorced""}]",[]
UChIHuKSI-djAtbWK9mvHSww,Jinwoo Recap,41300,191,15216068,KyyIlVMR-1E,My Wife Demanded A Predatory Divorce - Jinwoo Recap,https://www.youtube.com/watch?v=KyyIlVMR-1E,2026-09-29T17:36:00Z,4910.0,0,1,0,en-US,en,12248,330,21,2026-10-01T06:14:17.701864+00:00,2026-10-01T06:14:17.701864+00:00,1:21:50,my wife demanded a predatory divorce - jinwoo recap,9,51,26.943174395819725,1.714565643370346,63.63636363636363,2.6943174395819725,0.1714565643370346,20,540758,27037.9,22004.0,20,584.45,451.0,20,34.7,30.5,20,2.196591829543256,2.1913914131384487,20,0.1431061431342918,0.1485057134194587,20,78380,eC75umB-SHs,I Have A Gossip System - Jinwoo Recap,1612,eC75umB-SHs,I Have A Gossip System - Jinwoo Recap,76,wUPj55kldak,Zero Tolerance For Drama - Jinwoo Recap,19,0.5566260679876386,False,16,0.7317073170731707,False,15,0.6885245901639344,False,My Wife Demanded A Predatory Divorce,True, - Jinwoo Recap,exact_channel_suffix_with_separator,9d1293feeb369af68882f8929f6167fb7bad5a59122f1377650346a2f771b281,FIRST_PERSON_NARRATOR,ROMANTIC_PARTNER,,,,,"[""DIVORCE""]","[""DIVORCE""]","[""FIRST_PERSON_NARRATOR"", ""ROMANTIC_PARTNER""]",[],,1,rule_supported_unvalidated,conservative-title-rules-v1,,1.0.1,"[{""kind"": ""events"", ""label"": ""DIVORCE"", ""start"": 29, ""end"": 36, ""text"": ""Divorce""}, {""kind"": ""roles"", ""label"": ""FIRST_PERSON_NARRATOR"", ""start"": 0, ""end"": 2, ""text"": ""My""}, {""kind"": ""roles"", ""label"": ""ROMANTIC_PARTNER"", ""start"": 0, ""end"": 7, ""text"": ""My Wife""}]","[{""kind"": ""events"", ""label"": ""DIVORCE"", ""start"": 29, ""end"": 36, ""text"": ""Divorce""}]",[]
UC4Dp5pw1_R4gv0N-FBeyB8A,Meow's Cafe,47500,1059,48033780,MAl1JDkhEUQ,📕My rich ex-wife brought our son to take me back—only to find me living my best life without them!,https://www.youtube.com/watch?v=MAl1JDkhEUQ,2026-09-19T21:00:16Z,2543.0,0,1,1,en,en,18717,661,78,2026-10-01T06:14:18.684168+00:00,2026-10-01T06:14:18.684168+00:00,42:23,📕my rich ex-wife brought our son to take me back—only to find me living my best life without them!,19,98,35.31548859325746,4.167334508735374,118.00302571860816,3.5315488593257465,0.4167334508735374,20,496895,24844.75,22779.5,20,696.4,667.0,20,84.5,77.5,20,2.9124490282749016,2.7864024707032984,20,0.3614687656163527,0.3325801098969242,20,44630,QfrpsGlVUoY,📕I called my GF my first love. The campus queen snapped—then found she'd erased all proof we dated!,1137,ox8CMjoszTQ,📕My boss GF faked amnesia and asked who I was. I said “just a coworker.” She relaxed—and so did I!,192,zXeifgaRYDM,📕An intern sent pics with my CEO wife to taunt me—I called cops at their office; one line froze them,14,0.8216598257204943,False,11,0.9910044977511244,False,9,1.0064516129032255,False,📕My rich ex-wife brought our son to take me back—only to find me living my best life without them!,False,,no_exact_separated_suffix,e908de63365cabdd326da2373b72b1097e7b7994c9fc9941090efecdd0b55893,FIRST_PERSON_NARRATOR,,,FAMILY_MEMBER,,,[],[],"[""FIRST_PERSON_NARRATOR"", ""FAMILY_MEMBER""]",[],,0,no_event_evidence,conservative-title-rules-v1,,1.0.1,"[{""kind"": ""roles"", ""label"": ""FIRST_PERSON_NARRATOR"", ""start"": 1, ""end"": 3, ""text"": ""My""}, {""kind"": ""roles"", ""label"": ""FIRST_PERSON_NARRATOR"", ""start"": 41, ""end"": 43, ""text"": ""me""}, {""kind"": ""roles"", ""label"": ""FIRST_PERSON_NARRATOR"", ""start"": 62, ""end"": 64, ""text"": ""me""}, {""kind"": ""roles"", ""label"": ""FIRST_PERSON_NARRATOR"", ""start"": 72, ""end"": 74, ""text"": ""my""}, {""kind"": ""roles"", ""label"": ""FAMILY_MEMBER"", ""start"": 29, ""end"": 32, ""text"": ""son""}]",[],[]
UCeLOCj__efnDzhPUu7tlOWg,Yee Lovestory,43000,245,14151407,MDkKEuypcyc,"I Can Hear My Sexy CEO Wife's Thoughts—She Acts Cold, but Secretly Plans to Trap Me Forever?!",https://www.youtube.com/watch?v=MDkKEuypcyc,2026-03-14T00:00:35Z,5615.0,0,22,0,en,en-US,75516,2081,108,2026-10-01T06:14:19.535343+00:00,2026-10-01T06:14:19.535343+00:00,1:33:35,"i can hear my sexy ceo wife's thoughts—she acts cold, but secretly plans to trap me forever?!",17,93,27.55707399756343,1.430160495788972,51.89812590100913,2.755707399756343,0.1430160495788972,20,3325008,166250.4,75548.0,20,3844.8,2140.5,20,239.25,165.0,20,2.599524377641904,2.6582881485017875,20,0.2275168933217518,0.162733939660102,20,797070,3DwZyWBN31A,Reborn: My Whole Rich Family Can Hear My Mind—Now I'm Somehow the Most Spoiled Favorite in the House,16943,3DwZyWBN31A,Reborn: My Whole Rich Family Can Hear My Mind—Now I'm Somehow the Most Spoiled Favorite in the House,1205,jCMa8FP8eqo,Reborn: I Chose the Cute Heiress Instead of the Driver's Daughter—but Now She Rues,11,0.9995764282310584,False,13,0.9722027563653352,False,18,0.6545454545454545,False,"I Can Hear My Sexy CEO Wife's Thoughts—She Acts Cold, but Secretly Plans to Trap Me Forever?!",False,,no_exact_separated_suffix,ab9116a03580f9b7ad67796ccc5b5e52e5eda264d8e8e4a118de9f02f52160a9,FIRST_PERSON_NARRATOR,,,,AUTHORITY_OR_STATUS,,[],[],"[""FIRST_PERSON_NARRATOR"", ""AUTHORITY_OR_STATUS""]",[],,0,no_event_evidence,conservative-title-rules-v1,,1.0.1,"[{""kind"": ""roles"", ""label"": ""FIRST_PERSON_NARRATOR"", ""start"": 0, ""end"": 1, ""text"": ""I""}, {""kind"": ""roles"", ""label"": ""FIRST_PERSON_NARRATOR"", ""start"": 11, ""end"": 13, ""text"": ""My""}, {""kind"": ""roles"", ""label"": ""FIRST_PERSON_NARRATOR"", ""start"": 81, ""end"": 83, ""text"": ""Me""}, {""kind"": ""roles"", ""label"": ""AUTHORITY_OR_STATUS"", ""start"": 19, ""end"": 22, ""text"": ""CEO""}]",[],[]
UCeLOCj__efnDzhPUu7tlOWg,Yee Lovestory,43000,245,14151407,N1k582_U8P8,"Mind-Reading: For Saving Me, My Yandere Villainess Crush Actually Killed the System's 99 Players?!",https://www.youtube.com/watch?v=N1k582_U8P8,2026-03-05T01:00:23Z,5265.0,0,22,0,en,en-US,56135,1634,72,2026-10-01T06:14:19.535343+00:00,2026-10-01T06:14:19.535343+00:00,1:27:45,"mind-reading: for saving me, my yandere villainess crush actually killed the system's 99 players?!",14,98,29.10839939431727,1.2826222499331967,44.06364749082008,2.910839939431727,0.1282622249933196,20,3325008,166250.4,75548.0,20,3844.8,2140.5,20,239.25,165.0,20,2.599524377641904,2.6582881485017875,20,0.2275168933217518,0.162733939660102,20,797070,3DwZyWBN31A,Reborn: My Whole Rich Family Can Hear My Mind—Now I'm Somehow the Most Spoiled Favorite in the House,16943,3DwZyWBN31A,Reborn: My Whole Rich Family Can Hear My Mind—Now I'm Somehow the Most Spoiled Favorite in the House,1205,jCMa8FP8eqo,Reborn: I Chose the Cute Heiress Instead of the Driver's Daughter—but Now She Rues,16,0.7430375390480225,False,16,0.7633730436813828,False,20,0.4363636363636363,False,"Mind-Reading: For Saving Me, My Yandere Villainess Crush Actually Killed the System's 99 Players?!",False,,no_exact_separated_suffix,fa8ed989590934e1645095e915994dcfa07a2766de9eb33ede39e7c71cc3cd31,FIRST_PERSON_NARRATOR,,,,,,"[""THOUGHTS_EXPOSED""]","[""THOUGHTS_EXPOSED""]","[""FIRST_PERSON_NARRATOR""]",[],,1,rule_supported_unvalidated,conservative-title-rules-v1,,1.0.1,"[{""kind"": ""events"", ""label"": ""THOUGHTS_EXPOSED"", ""start"": 0, ""end"": 12, ""text"": ""Mind-Reading""}, {""kind"": ""roles"", ""label"": ""FIRST_PERSON_NARRATOR"", ""start"": 25, ""end"": 27, ""text"": ""Me""}, {""kind"": ""roles"", ""label"": ""FIRST_PERSON_NARRATOR"", ""start"": 29, ""end"": 31, ""text"": ""My""}]","[{""kind"": ""events"", ""label"": ""THOUGHTS_EXPOSED"", ""start"": 0, ""end"": 12, ""text"": ""Mind-Reading""}]",[]
UCeLOCj__efnDzhPUu7tlOWg,Yee Lovestory,43000,245,14151407,NxHUvtr1WNs,"My GF & Mother Both Betrayed Me for My Brother, so I Married the Sexy Heiress—but Now They Rue!",https://www.youtube.com/watch?v=NxHUvtr1WNs,2026-03-09T00:00:21Z,6997.0,0,22,0,en,en-US,35395,985,126,2026-10-01T06:14:19.535343+00:00,2026-10-01T06:14:19.535343+00:00,1:56:37,"my gf & mother both betrayed me for my brother, so i married the sexy heiress—but now they rue!",19,95,27.82878937703065,3.559824834016104,127.91878172588834,2.782878937703065,0.3559824834016104,20,3325008,166250.4,75548.0,20,3844.8,2140.5,20,239.25,165.0,20,2.599524377641904,2.6582881485017875,20,0.2275168933217518,0.162733939660102,20,797070,3DwZyWBN31A,Reborn: My Whole Rich Family Can Hear My Mind—Now I'm Somehow the Most Spoiled Favorite in the House,16943,3DwZyWBN31A,Reborn: My Whole Rich Family Can Hear My Mind—Now I'm Somehow the Most Spoiled Favorite in the House,1205,jCMa8FP8eqo,Reborn: I Chose the Cute Heiress Instead of the Driver's Daughter—but Now She Rues,18,0.4685100863027479,False,18,0.4601728568091567,False,16,0.7636363636363637,False,"My GF & Mother Both Betrayed Me for My Brother, so I Married the Sexy Heiress—but Now They Rue!",False,,no_exact_separated_suffix,3b59ec6f4911e75a84eec669059dc48350f107ef5262a9f7f014f7b08236d3c5,FIRST_PERSON_NARRATOR,ROMANTIC_PARTNER,,FAMILY_MEMBER,AUTHORITY_OR_STATUS,,"[""BETRAYAL"", ""MARRIAGE"", ""REGRET""]","[""BETRAYAL"", ""MARRIAGE"", ""REGRET""]","[""FIRST_PERSON_NARRATOR"", ""ROMANTIC_PARTNER"", ""FAMILY_MEMBER"", ""CLOSE_ASSOCIATE"", ""AUTHORITY_OR_STATUS""]",[],BETRAYAL > MARRIAGE > REGRET,3,rule_supported_unvalidated,conservative-title-rules-v1,,1.0.1,"[{""kind"": ""events"", ""label"": ""BETRAYAL"", ""start"": 20, ""end"": 28, ""text"": ""Betrayed""}, {""kind"": ""events"", ""label"": ""MARRIAGE"", ""start"": 53, ""end"": 60, ""text"": ""Married""}, {""kind"": ""events"", ""label"": ""REGRET"", ""start"": 91, ""end"": 94, ""text"": ""Rue""}, {""kind"": ""roles"", ""label"": ""FIRST_PERSON_NARRATOR"", ""start"": 0, ""end"": 2, ""text"": ""My""}, {""kind"": ""roles"", ""label"": ""FIRST_PERSON_NARRATOR"", ""start"": 29, ""end"": 31, ""text"": ""Me""}, {""kind"": ""roles"", ""label"": ""FIRST_PERSON_NARRATOR"", ""start"": 36, ""end"": 38, ""text"": ""My""}, {""kind"": ""roles"", ""label"": ""FIRST_PERSON_NARRATOR"", ""start"": 51, ""end"": 52, ""text"": ""I""}, {""kind"": ""roles"", ""label"": ""ROMANTIC_PARTNER"", ""start"": 0, ""end"": 5, ""text"": ""My GF""}, {""kind"": ""roles"", ""label"": ""FAMILY_MEMBER"", ""start"": 8, ""end"": 14, ""text"": ""Mother""}, {""kind"": ""roles"", ""label"": ""FAMILY_MEMBER"", ""start"": 39, ""end"": 46, ""text"": ""Brother""}, {""kind"": ""roles"", ""label"": ""AUTHORITY_OR_STATUS"", ""start"": 70, ""end"": 77, ""text"": ""Heiress""}, {""kind"": ""roles"", ""label"": ""CLOSE_ASSOCIATE"", ""start"": 36, ""end"": 46, ""text"": ""My Brother""}]","[{""kind"": ""events"", ""label"": ""BETRAYAL"", ""start"": 20, ""end"": 28, ""text"": ""Betrayed""}, {""kind"": ""events"", ""label"": ""MARRIAGE"", ""start"": 53, ""end"": 60, ""text"": ""Married""}, {""kind"": ""events"", ""label"": ""REGRET"", ""start"": 91, ""end"": 94, ""text"": ""Rue""}]",[]
UC4Dp5pw1_R4gv0N-FBeyB8A,Meow's Cafe,47500,1059,48033780,QfrpsGlVUoY,📕I called my GF my first love. The campus queen snapped—then found she'd erased all proof we dated!,https://www.youtube.com/watch?v=QfrpsGlVUoY,2026-09-15T21:00:25Z,2644.0,0,1,1,en,en,44630,1032,72,2026-10-01T06:14:18.684168+00:00,2026-10-01T06:14:18.684168+00:00,44:04,📕i called my gf my first love. the campus queen snapped—then found she'd erased all proof we dated!,18,99,23.12345955635223,1.613264620210621,69.76744186046511,2.312345955635223,0.161326462021062,20,496895,24844.75,22779.5,20,696.4,667.0,20,84.5,77.5,20,2.9124490282749016,2.7864024707032984,20,0.3614687656163527,0.3325801098969242,20,44630,QfrpsGlVUoY,📕I called my GF my first love. The campus queen snapped—then found she'd erased all proof we dated!,1137,ox8CMjoszTQ,📕My boss GF faked amnesia and asked who I was. I said “just a coworker.” She relaxed—and so did I!,192,zXeifgaRYDM,📕An intern sent pics with my CEO wife to taunt me—I called cops at their office; one line froze them,1,1.9592177176847605,False,2,1.5472263868065967,False,14,0.9290322580645162,False,📕I called my GF my first love. The campus queen snapped—then found she'd erased all proof we dated!,False,,no_exact_separated_suffix,a61a3b8d5b1ae29521dcd05492faabf58c61e3a2dca58df146ceff3019d996e2,FIRST_PERSON_NARRATOR,ROMANTIC_PARTNER,,,,,[],[],"[""FIRST_PERSON_NARRATOR"", ""ROMANTIC_PARTNER""]",[],,0,no_event_evidence,conservative-title-rules-v1,,1.0.1,"[{""kind"": ""roles"", ""label"": ""FIRST_PERSON_NARRATOR"", ""start"": 1, ""end"": 2, ""text"": ""I""}, {""kind"": ""roles"", ""label"": ""FIRST_PERSON_NARRATOR"", ""start"": 10, ""end"": 12, ""text"": ""my""}, {""kind"": ""roles"", ""label"": ""FIRST_PERSON_NARRATOR"", ""start"": 16, ""end"": 18, ""text"": ""my""}, {""kind"": ""roles"", ""label"": ""ROMANTIC_PARTNER"", ""start"": 10, ""end"": 15, ""text"": ""my GF""}]",[],[]
UCHPA4fgVIFf4Wfae6-f5qNQ,Hein Recap,9290,119,3026852,RRN1_tDWnBs,I Found A Secret Room Of My Photos - Hein Recap,https://www.youtube.com/watch?v=RRN1_tDWnBs,2026-09-17T17:00:18Z,3210.0,0,1,0,en,en,9977,279,8,2026-10-01T06:14:16.896069+00:00,2026-10-01T06:14:16.896069+00:00,53:30,i found a secret room of my photos - hein recap,11,47,27.964317931241855,0.801844241756039,28.67383512544803,2.796431793124185,0.0801844241756039,20,417327,20866.35,11582.0,20,544.2,326.5,20,27.45,22.0,20,2.764269455233001,2.7864566805098296,20,0.1704447084872326,0.1644883012290921,20,89901,KM6YKFEZ6AI,Leaving The Traitorous Family To Despair! - Hein Recap,1975,KM6YKFEZ6AI,Leaving The Traitorous Family To Despair! - Hein Recap,82,K2iI10BMw98,I Let The Nation Extract My Memories - Hein Recap,12,0.8614228975997237,False,14,0.8545176110260337,False,18,0.3636363636363636,False,I Found A Secret Room Of My Photos,True, - Hein Recap,exact_channel_suffix_with_separator,ca779536429f015807ae5fa10307629ff6215bb8ad905707614a9491a53f46c6,FIRST_PERSON_NARRATOR,,,,,,[],[],"[""FIRST_PERSON_NARRATOR""]",[],,0,no_event_evidence,conservative-title-rules-v1,,1.0.1,"[{""kind"": ""roles"", ""label"": ""FIRST_PERSON_NARRATOR"", ""start"": 0, ""end"": 1, ""text"": ""I""}, {""kind"": ""roles"", ""label"": ""FIRST_PERSON_NARRATOR"", ""start"": 25, ""end"": 27, ""text"": ""My""}]",[],[]
UChIHuKSI-djAtbWK9mvHSww,Jinwoo Recap,41300,191,15216068,SZZaMGfYJ0M,My 5-Year Devotion Was Just A Transaction To Revive My Girlfriend - Jinwoo Recap,https://www.youtube.com/watch?v=SZZaMGfYJ0M,2026-09-15T17:36:12Z,4323.0,0,1,0,en-US,en,17041,375,29,2026-10-01T06:14:17.701864+00:00,2026-10-01T06:14:17.701864+00:00,1:12:03,my 5-year devotion was just a transaction to revive my girlfriend - jinwoo recap,14,80,22.00575083621853,1.7017780646675664,77.33333333333334,2.200575083621853,0.1701778064667566,20,540758,27037.9,22004.0,20,584.45,451.0,20,34.7,30.5,20,2.196591829543256,2.1913914131384487,20,0.1431061431342918,0.1485057134194587,20,78380,eC75umB-SHs,I Have A Gossip System - Jinwoo Recap,1612,eC75umB-SHs,I Have A Gossip System - Jinwoo Recap,76,wUPj55kldak,Zero Tolerance For Drama - Jinwoo Recap,13,0.7744500999818215,False,12,0.8314855875831486,False,11,0.9508196721311476,False,My 5-Year Devotion Was Just A Transaction To Revive My Girlfriend,True, - Jinwoo Recap,exact_channel_suffix_with_separator,fd945adc6b6285b83be10e60887f26885f8ca29ccdb4a2db0a4bc8148510085a,FIRST_PERSON_NARRATOR,ROMANTIC_PARTNER,,,,,[],[],"[""FIRST_PERSON_NARRATOR"", ""ROMANTIC_PARTNER""]",[],,0,no_event_evidence,conservative-title-rules-v1,,1.0.1,"[{""kind"": ""roles"", ""label"": ""FIRST_PERSON_NARRATOR"", ""start"": 0, ""end"": 2, ""text"": ""My""}, {""kind"": ""roles"", ""label"": ""FIRST_PERSON_NARRATOR"", ""start"": 52, ""end"": 54, ""text"": ""My""}, {""kind"": ""roles"", ""label"": ""ROMANTIC_PARTNER"", ""start"": 52, ""end"": 65, ""text"": ""My Girlfriend""}]",[],[]
UC4Dp5pw1_R4gv0N-FBeyB8A,Meow's Cafe,47500,1059,48033780,V_oeQsmasFM,"📕My wife cheated with her bestie’s boyfriend; her bestie proposed revenge, but her method stunned me",https://www.youtube.com/watch?v=V_oeQsmasFM,2026-09-18T21:00:11Z,2170.0,0,1,1,en,en,19153,446,36,2026-10-01T06:14:18.684168+00:00,2026-10-01T06:14:18.684168+00:00,36:10,"📕my wife cheated with her bestie’s boyfriend; her bestie proposed revenge, but her method stunned me",16,100,23.286169268521903,1.8796011068762075,80.71748878923766,2.3286169268521903,0.1879601106876207,20,496895,24844.75,22779.5,20,696.4,667.0,20,84.5,77.5,20,2.9124490282749016,2.7864024707032984,20,0.3614687656163527,0.3325801098969242,20,44630,QfrpsGlVUoY,📕I called my GF my first love. The campus queen snapped—then found she'd erased all proof we dated!,1137,ox8CMjoszTQ,📕My boss GF faked amnesia and asked who I was. I said “just a coworker.” She relaxed—and so did I!,192,zXeifgaRYDM,📕An intern sent pics with my CEO wife to taunt me—I called cops at their office; one line froze them,13,0.8407998419631686,False,19,0.6686656671664168,False,19,0.4645161290322581,False,"📕My wife cheated with her bestie’s boyfriend; her bestie proposed revenge, but her method stunned me",False,,no_exact_separated_suffix,7880fb9b04eb7e05192fbe1ec2212890271a96680fe87e9b92de931cd98b0a26,FIRST_PERSON_NARRATOR,ROMANTIC_PARTNER,,,,,"[""CHEATING"", ""REVENGE""]","[""CHEATING"", ""REVENGE""]","[""FIRST_PERSON_NARRATOR"", ""ROMANTIC_PARTNER""]",[],CHEATING > REVENGE,2,rule_supported_unvalidated,conservative-title-rules-v1,,1.0.1,"[{""kind"": ""events"", ""label"": ""CHEATING"", ""start"": 9, ""end"": 16, ""text"": ""cheated""}, {""kind"": ""events"", ""label"": ""REVENGE"", ""start"": 66, ""end"": 73, ""text"": ""revenge""}, {""kind"": ""roles"", ""label"": ""FIRST_PERSON_NARRATOR"", ""start"": 1, ""end"": 3, ""text"": ""My""}, {""kind"": ""roles"", ""label"": ""FIRST_PERSON_NARRATOR"", ""start"": 98, ""end"": 100, ""text"": ""me""}, {""kind"": ""roles"", ""label"": ""ROMANTIC_PARTNER"", ""start"": 1, ""end"": 8, ""text"": ""My wife""}]","[{""kind"": ""events"", ""label"": ""CHEATING"", ""start"": 9, ""end"": 16, ""text"": ""cheated""}, {""kind"": ""events"", ""label"": ""REVENGE"", ""start"": 66, ""end"": 73, ""text"": ""revenge""}]",[]
UChIHuKSI-djAtbWK9mvHSww,Jinwoo Recap,41300,191,15216068,ViUdX8alMys,The Arrogant Blind CEO Who Discarded Her True Savior! - Jinwoo Recap,https://www.youtube.com/watch?v=ViUdX8alMys,2026-09-19T17:37:30Z,10588.0,0,1,0,en-US,en,44313,809,71,2026-10-01T06:14:17.701864+00:00,2026-10-01T06:14:17.701864+00:00,2:56:28,the arrogant blind ceo who discarded her true savior! - jinwoo recap,12,68,18.256493579762147,1.6022386207207815,87.76266996291717,1.8256493579762147,0.1602238620720781,20,540758,27037.9,22004.0,20,584.45,451.0,20,34.7,30.5,20,2.196591829543256,2.1913914131384487,20,0.1431061431342918,0.1485057134194587,20,78380,eC75umB-SHs,I Have A Gossip System - Jinwoo Recap,1612,eC75umB-SHs,I Have A Gossip System - Jinwoo Recap,76,wUPj55kldak,Zero Tolerance For Drama - Jinwoo Recap,3,2.013861116160698,False,4,1.793791574279379,False,2,2.3278688524590163,False,The Arrogant Blind CEO Who Discarded Her True Savior!,True, - Jinwoo Recap,exact_channel_suffix_with_separator,dac1c8d2a1c7497181156f98d3fc9eb3bb1c8485841ed293e32c382deb3eada3,,,,,AUTHORITY_OR_STATUS,,[],[],"[""AUTHORITY_OR_STATUS""]",[],,0,no_event_evidence,conservative-title-rules-v1,,1.0.1,"[{""kind"": ""roles"", ""label"": ""AUTHORITY_OR_STATUS"", ""start"": 19, ""end"": 22, ""text"": ""CEO""}]",[],[]
UC4Dp5pw1_R4gv0N-FBeyB8A,Meow's Cafe,47500,1059,48033780,YqWAnbgwisA,"📕She married him, then realized she loved me. I smiled and told her why I chased her—she broke!",https://www.youtube.com/watch?v=YqWAnbgwisA,2026-09-25T21:00:21Z,2710.0,0,1,1,en,en,15502,469,62,2026-10-01T06:14:18.684168+00:00,2026-10-01T06:14:18.684168+00:00,45:10,"📕she married him, then realized she loved me. i smiled and told her why i chased her—she broke!",18,95,30.254160753451167,3.9994839375564446,132.1961620469083,3.0254160753451167,0.3999483937556444,20,496895,24844.75,22779.5,20,696.4,667.0,20,84.5,77.5,20,2.9124490282749016,2.7864024707032984,20,0.3614687656163527,0.3325801098969242,20,44630,QfrpsGlVUoY,📕I called my GF my first love. The campus queen snapped—then found she'd erased all proof we dated!,1137,ox8CMjoszTQ,📕My boss GF faked amnesia and asked who I was. I said “just a coworker.” She relaxed—and so did I!,192,zXeifgaRYDM,📕An intern sent pics with my CEO wife to taunt me—I called cops at their office; one line froze them,18,0.6805241554906825,False,17,0.7031484257871065,False,16,0.8,False,"📕She married him, then realized she loved me. I smiled and told her why I chased her—she broke!",False,,no_exact_separated_suffix,f74c0301930562906e620bfc4ea17957768d37fd279fc1613367b1456f0a1748,FIRST_PERSON_NARRATOR,,,,,,"[""MARRIAGE""]","[""MARRIAGE""]","[""FIRST_PERSON_NARRATOR""]",[],,1,rule_supported_unvalidated,conservative-title-rules-v1,,1.0.1,"[{""kind"": ""events"", ""label"": ""MARRIAGE"", ""start"": 5, ""end"": 12, ""text"": ""married""}, {""kind"": ""roles"", ""label"": ""FIRST_PERSON_NARRATOR"", ""start"": 42, ""end"": 44, ""text"": ""me""}, {""kind"": ""roles"", ""label"": ""FIRST_PERSON_NARRATOR"", ""start"": 46, ""end"": 47, ""text"": ""I""}, {""kind"": ""roles"", ""label"": ""FIRST_PERSON_NARRATOR"", ""start"": 72, ""end"": 73, ""text"": ""I""}]","[{""kind"": ""events"", ""label"": ""MARRIAGE"", ""start"": 5, ""end"": 12, ""text"": ""married""}]",[]
UCHPA4fgVIFf4Wfae6-f5qNQ,Hein Recap,9290,119,3026852,ZBOH21g61cw,The Novel-Addicted Assistant - Hein Recap,https://www.youtube.com/watch?v=ZBOH21g61cw,2026-09-26T17:00:25Z,2621.0,0,1,0,en,en,15793,525,38,2026-10-01T06:14:16.896069+00:00,2026-10-01T06:14:16.896069+00:00,43:41,the novel-addicted assistant - hein recap,6,41,33.24257582473248,2.40612929779016,72.38095238095238,3.324257582473247,0.240612929779016,20,417327,20866.35,11582.0,20,544.2,326.5,20,27.45,22.0,20,2.764269455233001,2.7864566805098296,20,0.1704447084872326,0.1644883012290921,20,89901,KM6YKFEZ6AI,Leaving The Traitorous Family To Despair! - Hein Recap,1975,KM6YKFEZ6AI,Leaving The Traitorous Family To Despair! - Hein Recap,82,K2iI10BMw98,I Let The Nation Extract My Memories - Hein Recap,6,1.3635814194439648,False,5,1.6079632465543643,False,4,1.7272727272727273,False,The Novel-Addicted Assistant,True, - Hein Recap,exact_channel_suffix_with_separator,6e3ca17d1e0b614d697f15f86616cbde795a48650e73d176049a2faa6cf95d13,,,,,,,[],[],[],[],,0,no_event_evidence,conservative-title-rules-v1,,1.0.1,[],[],[]
UCeLOCj__efnDzhPUu7tlOWg,Yee Lovestory,43000,245,14151407,ZS_4Ej66uDM,"Reborn: My Entire Family Betrayed Me for the Fake Heir, so I Married the Sweet Heiress—Now They Rue!",https://www.youtube.com/watch?v=ZS_4Ej66uDM,2026-03-16T00:00:40Z,6714.0,0,22,0,en,en-US,128570,2959,182,2026-10-01T06:14:19.535343+00:00,2026-10-01T06:14:19.535343+00:00,1:51:54,"reborn: my entire family betrayed me for the fake heir, so i married the sweet heiress—now they rue!",18,100,23.014700163335142,1.4155712841253794,61.50726596823252,2.3014700163335147,0.1415571284125379,20,3325008,166250.4,75548.0,20,3844.8,2140.5,20,239.25,165.0,20,2.599524377641904,2.6582881485017875,20,0.2275168933217518,0.162733939660102,20,797070,3DwZyWBN31A,Reborn: My Whole Rich Family Can Hear My Mind—Now I'm Somehow the Most Spoiled Favorite in the House,16943,3DwZyWBN31A,Reborn: My Whole Rich Family Can Hear My Mind—Now I'm Somehow the Most Spoiled Favorite in the House,1205,jCMa8FP8eqo,Reborn: I Chose the Cute Heiress Instead of the Driver's Daughter—but Now She Rues,6,1.7018319479006725,False,6,1.3823872926886245,False,9,1.103030303030303,False,"Reborn: My Entire Family Betrayed Me for the Fake Heir, so I Married the Sweet Heiress—Now They Rue!",False,,no_exact_separated_suffix,4067a9e0f5d1687ff7f835ef334b098ab09e4bc18c7038c9ca322c16991803d6,FIRST_PERSON_NARRATOR,,,FAMILY_MEMBER,AUTHORITY_OR_STATUS,,"[""REBIRTH"", ""BETRAYAL"", ""MARRIAGE"", ""REGRET""]","[""REBIRTH"", ""FAMILY_CONFLICT"", ""BETRAYAL"", ""MARRIAGE"", ""REGRET""]","[""FIRST_PERSON_NARRATOR"", ""FAMILY_MEMBER"", ""AUTHORITY_OR_STATUS""]",[],REBIRTH > BETRAYAL > MARRIAGE > REGRET,4,rule_supported_unvalidated,conservative-title-rules-v1,,1.0.1,"[{""kind"": ""events"", ""label"": ""BETRAYAL"", ""start"": 25, ""end"": 33, ""text"": ""Betrayed""}, {""kind"": ""events"", ""label"": ""REBIRTH"", ""start"": 0, ""end"": 6, ""text"": ""Reborn""}, {""kind"": ""events"", ""label"": ""MARRIAGE"", ""start"": 61, ""end"": 68, ""text"": ""Married""}, {""kind"": ""events"", ""label"": ""REGRET"", ""start"": 96, ""end"": 99, ""text"": ""Rue""}, {""kind"": ""events"", ""label"": ""FAMILY_CONFLICT"", ""start"": 18, ""end"": 36, ""text"": ""Family Betrayed Me""}, {""kind"": ""roles"", ""label"": ""FIRST_PERSON_NARRATOR"", ""start"": 8, ""end"": 10, ""text"": ""My""}, {""kind"": ""roles"", ""label"": ""FIRST_PERSON_NARRATOR"", ""start"": 34, ""end"": 36, ""text"": ""Me""}, {""kind"": ""roles"", ""label"": ""FIRST_PERSON_NARRATOR"", ""start"": 59, ""end"": 60, ""text"": ""I""}, {""kind"": ""roles"", ""label"": ""FAMILY_MEMBER"", ""start"": 18, ""end"": 24, ""text"": ""Family""}, {""kind"": ""roles"", ""label"": ""AUTHORITY_OR_STATUS"", ""start"": 50, ""end"": 54, ""text"": ""Heir""}, {""kind"": ""roles"", ""label"": ""AUTHORITY_OR_STATUS"", ""start"": 79, ""end"": 86, ""text"": ""Heiress""}]","[{""kind"": ""events"", ""label"": ""REBIRTH"", ""start"": 0, ""end"": 6, ""text"": ""Reborn""}, {""kind"": ""events"", ""label"": ""BETRAYAL"", ""start"": 25, ""end"": 33, ""text"": ""Betrayed""}, {""kind"": ""events"", ""label"": ""MARRIAGE"", ""start"": 61, ""end"": 68, ""text"": ""Married""}, {""kind"": ""events"", ""label"": ""REGRET"", ""start"": 96, ""end"": 99, ""text"": ""Rue""}]",[]
UCeLOCj__efnDzhPUu7tlOWg,Yee Lovestory,43000,245,14151407,_6QRVw8oq70,My CEO Wife Gave Me $8M to to Order Bar Girls So I Won't Bother Her Date with 1st Love—Now She Rues!,https://www.youtube.com/watch?v=_6QRVw8oq70,2026-03-15T00:00:44Z,6345.0,0,22,0,en,en-US,71250,1961,149,2026-10-01T06:14:19.535343+00:00,2026-10-01T06:14:19.535343+00:00,1:45:45,my ceo wife gave me $8m to to order bar girls so i won't bother her date with 1st love—now she rues!,22,100,27.522807017543855,2.0912280701754384,75.98164201937786,2.752280701754386,0.2091228070175438,20,3325008,166250.4,75548.0,20,3844.8,2140.5,20,239.25,165.0,20,2.599524377641904,2.6582881485017875,20,0.2275168933217518,0.162733939660102,20,797070,3DwZyWBN31A,Reborn: My Whole Rich Family Can Hear My Mind—Now I'm Somehow the Most Spoiled Favorite in the House,16943,3DwZyWBN31A,Reborn: My Whole Rich Family Can Hear My Mind—Now I'm Somehow the Most Spoiled Favorite in the House,1205,jCMa8FP8eqo,Reborn: I Chose the Cute Heiress Instead of the Driver's Daughter—but Now She Rues,14,0.9431090167840314,False,15,0.9161410885307172,False,11,0.9030303030303032,False,My CEO Wife Gave Me $8M to to Order Bar Girls So I Won't Bother Her Date with 1st Love—Now She Rues!,False,,no_exact_separated_suffix,ea4d63815afbe62327dc854a18d7520ff94e162633d05bdc1ccd99e63179aedb,FIRST_PERSON_NARRATOR,ROMANTIC_PARTNER,,,AUTHORITY_OR_STATUS,,"[""REGRET""]","[""REGRET""]","[""FIRST_PERSON_NARRATOR"", ""ROMANTIC_PARTNER"", ""AUTHORITY_OR_STATUS""]",[],,1,rule_supported_unvalidated,conservative-title-rules-v1,,1.0.1,"[{""kind"": ""events"", ""label"": ""REGRET"", ""start"": 95, ""end"": 99, ""text"": ""Rues""}, {""kind"": ""roles"", ""label"": ""FIRST_PERSON_NARRATOR"", ""start"": 0, ""end"": 2, ""text"": ""My""}, {""kind"": ""roles"", ""label"": ""FIRST_PERSON_NARRATOR"", ""start"": 17, ""end"": 19, ""text"": ""Me""}, {""kind"": ""roles"", ""label"": ""FIRST_PERSON_NARRATOR"", ""start"": 49, ""end"": 50, ""text"": ""I""}, {""kind"": ""roles"", ""label"": ""ROMANTIC_PARTNER"", ""start"": 0, ""end"": 11, ""text"": ""My CEO Wife""}, {""kind"": ""roles"", ""label"": ""AUTHORITY_OR_STATUS"", ""start"": 3, ""end"": 6, ""text"": ""CEO""}]","[{""kind"": ""events"", ""label"": ""REGRET"", ""start"": 95, ""end"": 99, ""text"": ""Rues""}]",[]
UCHPA4fgVIFf4Wfae6-f5qNQ,Hein Recap,9290,119,3026852,_vNEhhi3nws,"My Billionaire Wife Paid Me $100M To Leave, So I Turned It Into $10 Billion! - Hein Recap",https://www.youtube.com/watch?v=_vNEhhi3nws,2026-09-14T17:01:39Z,2487.0,0,1,0,en,en,14366,472,27,2026-10-01T06:14:16.896069+00:00,2026-10-01T06:14:16.896069+00:00,41:27,"my billionaire wife paid me $100m to leave, so i turned it into $10 billion! - hein recap",18,89,32.85535291660866,1.8794375609076988,57.20338983050848,3.285535291660866,0.1879437560907698,20,417327,20866.35,11582.0,20,544.2,326.5,20,27.45,22.0,20,2.764269455233001,2.7864566805098296,20,0.1704447084872326,0.1644883012290921,20,89901,KM6YKFEZ6AI,Leaving The Traitorous Family To Despair! - Hein Recap,1975,KM6YKFEZ6AI,Leaving The Traitorous Family To Despair! - Hein Recap,82,K2iI10BMw98,I Let The Nation Extract My Memories - Hein Recap,8,1.240372992574685,False,6,1.445635528330781,False,6,1.2272727272727273,False,"My Billionaire Wife Paid Me $100M To Leave, So I Turned It Into $10 Billion!",True, - Hein Recap,exact_channel_suffix_with_separator,15c6d40532796c9d88ff20bf1d82896d1db3e34e7dd14746c791b5e6c907822f,FIRST_PERSON_NARRATOR,ROMANTIC_PARTNER,,,AUTHORITY_OR_STATUS,,[],[],"[""FIRST_PERSON_NARRATOR"", ""ROMANTIC_PARTNER"", ""AUTHORITY_OR_STATUS""]",[],,0,no_event_evidence,conservative-title-rules-v1,,1.0.1,"[{""kind"": ""roles"", ""label"": ""FIRST_PERSON_NARRATOR"", ""start"": 0, ""end"": 2, ""text"": ""My""}, {""kind"": ""roles"", ""label"": ""FIRST_PERSON_NARRATOR"", ""start"": 25, ""end"": 27, ""text"": ""Me""}, {""kind"": ""roles"", ""label"": ""FIRST_PERSON_NARRATOR"", ""start"": 47, ""end"": 48, ""text"": ""I""}, {""kind"": ""roles"", ""label"": ""ROMANTIC_PARTNER"", ""start"": 0, ""end"": 19, ""text"": ""My Billionaire Wife""}, {""kind"": ""roles"", ""label"": ""AUTHORITY_OR_STATUS"", ""start"": 3, ""end"": 14, ""text"": ""Billionaire""}]",[],[]
UC4Dp5pw1_R4gv0N-FBeyB8A,Meow's Cafe,47500,1059,48033780,a1V0vi-5fEk,"📕My ex failed to marry rich, saw me on TV and wanted me back—then the next shot made her break down!",https://www.youtube.com/watch?v=a1V0vi-5fEk,2026-09-26T14:00:26Z,4727.0,0,1,1,en,en,16508,471,47,2026-10-01T06:14:18.684168+00:00,2026-10-01T06:14:18.684168+00:00,1:18:47,"📕my ex failed to marry rich, saw me on tv and wanted me back—then the next shot made her break down!",21,100,28.5316210322268,2.8471044342137146,99.78768577494692,2.85316210322268,0.2847104434213715,20,496895,24844.75,22779.5,20,696.4,667.0,20,84.5,77.5,20,2.9124490282749016,2.7864024707032984,20,0.3614687656163527,0.3325801098969242,20,44630,QfrpsGlVUoY,📕I called my GF my first love. The campus queen snapped—then found she'd erased all proof we dated!,1137,ox8CMjoszTQ,📕My boss GF faked amnesia and asked who I was. I said “just a coworker.” She relaxed—and so did I!,192,zXeifgaRYDM,📕An intern sent pics with my CEO wife to taunt me—I called cops at their office; one line froze them,17,0.7246866700322658,False,16,0.7061469265367316,False,18,0.6064516129032258,False,"📕My ex failed to marry rich, saw me on TV and wanted me back—then the next shot made her break down!",False,,no_exact_separated_suffix,238ccb8a67517269c376024225ddfda4919f7078baa8a6c24031419fbf939c99,FIRST_PERSON_NARRATOR,,,,,,[],[],"[""FIRST_PERSON_NARRATOR""]",[],,0,no_event_evidence,conservative-title-rules-v1,,1.0.1,"[{""kind"": ""roles"", ""label"": ""FIRST_PERSON_NARRATOR"", ""start"": 1, ""end"": 3, ""text"": ""My""}, {""kind"": ""roles"", ""label"": ""FIRST_PERSON_NARRATOR"", ""start"": 33, ""end"": 35, ""text"": ""me""}, {""kind"": ""roles"", ""label"": ""FIRST_PERSON_NARRATOR"", ""start"": 53, ""end"": 55, ""text"": ""me""}]",[],"[{""kind"": ""events"", ""label"": ""MARRIAGE"", ""start"": 17, ""end"": 22, ""text"": ""marry"", ""reason"": ""local_negation_guard""}]"
UC4Dp5pw1_R4gv0N-FBeyB8A,Meow's Cafe,47500,1059,48033780,bm1vRaNE66I,"📕I left without a word; she thought I’d never last 2 days—until I unfriended her, quit, and moved!",https://www.youtube.com/watch?v=bm1vRaNE66I,2026-09-16T21:00:31Z,2936.0,0,1,1,en,en,41099,1028,114,2026-10-01T06:14:18.684168+00:00,2026-10-01T06:14:18.684168+00:00,48:56,"📕i left without a word; she thought i’d never last 2 days—until i unfriended her, quit, and moved!",18,98,25.01277403343147,2.773790116547848,110.89494163424123,2.5012774033431477,0.2773790116547848,20,496895,24844.75,22779.5,20,696.4,667.0,20,84.5,77.5,20,2.9124490282749016,2.7864024707032984,20,0.3614687656163527,0.3325801098969242,20,44630,QfrpsGlVUoY,📕I called my GF my first love. The campus queen snapped—then found she'd erased all proof we dated!,1137,ox8CMjoszTQ,📕My boss GF faked amnesia and asked who I was. I said “just a coworker.” She relaxed—and so did I!,192,zXeifgaRYDM,📕An intern sent pics with my CEO wife to taunt me—I called cops at their office; one line froze them,2,1.804209925590992,False,3,1.5412293853073464,False,4,1.470967741935484,False,"📕I left without a word; she thought I’d never last 2 days—until I unfriended her, quit, and moved!",False,,no_exact_separated_suffix,25965968c2882726bf152133f7e800f09a315aa7a8cd3f6e7d9884f029268d58,FIRST_PERSON_NARRATOR,,,,,,[],[],"[""FIRST_PERSON_NARRATOR""]",[],,0,no_event_evidence,conservative-title-rules-v1,,1.0.1,"[{""kind"": ""roles"", ""label"": ""FIRST_PERSON_NARRATOR"", ""start"": 1, ""end"": 2, ""text"": ""I""}, {""kind"": ""roles"", ""label"": ""FIRST_PERSON_NARRATOR"", ""start"": 36, ""end"": 37, ""text"": ""I""}, {""kind"": ""roles"", ""label"": ""FIRST_PERSON_NARRATOR"", ""start"": 64, ""end"": 65, ""text"": ""I""}]",[],[]
UCHPA4fgVIFf4Wfae6-f5qNQ,Hein Recap,9290,119,3026852,cZQg93MFytE,Expired Love Can't Be Revived - Hein Recap,https://www.youtube.com/watch?v=cZQg93MFytE,2026-09-24T17:02:15Z,3323.0,0,1,0,en,en,12858,357,6,2026-10-01T06:14:16.896069+00:00,2026-10-01T06:14:16.896069+00:00,55:23,expired love can't be revived - hein recap,8,42,27.764815678954736,0.4666355576294914,16.80672268907563,2.7764815678954737,0.0466635557629491,20,417327,20866.35,11582.0,20,544.2,326.5,20,27.45,22.0,20,2.764269455233001,2.7864566805098296,20,0.1704447084872326,0.1644883012290921,20,89901,KM6YKFEZ6AI,Leaving The Traitorous Family To Despair! - Hein Recap,1975,KM6YKFEZ6AI,Leaving The Traitorous Family To Despair! - Hein Recap,82,K2iI10BMw98,I Let The Nation Extract My Memories - Hein Recap,9,1.1101709549300638,False,9,1.0934150076569678,False,20,0.2727272727272727,False,Expired Love Can't Be Revived,True, - Hein Recap,exact_channel_suffix_with_separator,76b02177249b1ca64b5d3486f1c0f3c4dd314f34ffde5d01da05af74334c20e0,,,,,,,[],[],[],[],,0,no_event_evidence,conservative-title-rules-v1,,1.0.1,[],[],[]
UChIHuKSI-djAtbWK9mvHSww,Jinwoo Recap,41300,191,15216068,cv8G5y6XfDw,"My Dad Married A Billionaire, And Her CEO Daughter Was My Secret Online Rival! - Jinwoo Recap",https://www.youtube.com/watch?v=cv8G5y6XfDw,2026-09-22T17:37:02Z,11372.0,0,1,0,en-US,en,23225,352,18,2026-10-01T06:14:17.701864+00:00,2026-10-01T06:14:17.701864+00:00,3:09:32,"my dad married a billionaire, and her ceo daughter was my secret online rival! - jinwoo recap",17,93,15.156081808396124,0.77502691065662,51.13636363636364,1.5156081808396125,0.077502691065662,20,540758,27037.9,22004.0,20,584.45,451.0,20,34.7,30.5,20,2.196591829543256,2.1913914131384487,20,0.1431061431342918,0.1485057134194587,20,78380,eC75umB-SHs,I Have A Gossip System - Jinwoo Recap,1612,eC75umB-SHs,I Have A Gossip System - Jinwoo Recap,76,wUPj55kldak,Zero Tolerance For Drama - Jinwoo Recap,10,1.0554899109252862,False,13,0.7804878048780488,False,16,0.5901639344262295,False,"My Dad Married A Billionaire, And Her CEO Daughter Was My Secret Online Rival!",True, - Jinwoo Recap,exact_channel_suffix_with_separator,ef63f86ce0746466f6760620b43c82f5d7b5f97d3fd8c6a42b1e4808cc103a7f,FIRST_PERSON_NARRATOR,,,FAMILY_MEMBER,AUTHORITY_OR_STATUS,,"[""MARRIAGE""]","[""MARRIAGE""]","[""FIRST_PERSON_NARRATOR"", ""FAMILY_MEMBER"", ""AUTHORITY_OR_STATUS""]",[],,1,rule_supported_unvalidated,conservative-title-rules-v1,,1.0.1,"[{""kind"": ""events"", ""label"": ""MARRIAGE"", ""start"": 7, ""end"": 14, ""text"": ""Married""}, {""kind"": ""roles"", ""label"": ""FIRST_PERSON_NARRATOR"", ""start"": 0, ""end"": 2, ""text"": ""My""}, {""kind"": ""roles"", ""label"": ""FIRST_PERSON_NARRATOR"", ""start"": 55, ""end"": 57, ""text"": ""My""}, {""kind"": ""roles"", ""label"": ""FAMILY_MEMBER"", ""start"": 3, ""end"": 6, ""text"": ""Dad""}, {""kind"": ""roles"", ""label"": ""FAMILY_MEMBER"", ""start"": 42, ""end"": 50, ""text"": ""Daughter""}, {""kind"": ""roles"", ""label"": ""AUTHORITY_OR_STATUS"", ""start"": 17, ""end"": 28, ""text"": ""Billionaire""}, {""kind"": ""roles"", ""label"": ""AUTHORITY_OR_STATUS"", ""start"": 38, ""end"": 41, ""text"": ""CEO""}]","[{""kind"": ""events"", ""label"": ""MARRIAGE"", ""start"": 7, ""end"": 14, ""text"": ""Married""}]",[]
UChIHuKSI-djAtbWK9mvHSww,Jinwoo Recap,41300,191,15216068,d7F57As85l0,"NOO, My Bride Arrested My Dad At The Altar! - Jinwoo Recap",https://www.youtube.com/watch?v=d7F57As85l0,2026-09-13T17:35:23Z,5217.0,0,1,0,en-US,en,18091,531,32,2026-10-01T06:14:17.701864+00:00,2026-10-01T06:14:17.701864+00:00,1:26:57,"noo, my bride arrested my dad at the altar! - jinwoo recap",12,58,29.351611298435685,1.7688353324857664,60.263653483992464,2.9351611298435687,0.1768835332485766,20,540758,27037.9,22004.0,20,584.45,451.0,20,34.7,30.5,20,2.196591829543256,2.1913914131384487,20,0.1431061431342918,0.1485057134194587,20,78380,eC75umB-SHs,I Have A Gossip System - Jinwoo Recap,1612,eC75umB-SHs,I Have A Gossip System - Jinwoo Recap,76,wUPj55kldak,Zero Tolerance For Drama - Jinwoo Recap,12,0.8221686966006181,False,9,1.1773835920177385,False,10,1.0491803278688523,False,"NOO, My Bride Arrested My Dad At The Altar!",True, - Jinwoo Recap,exact_channel_suffix_with_separator,c448e96da370bc433f4f15700a195410b76a0e9da48ca22f20e3d5528e2af16c,FIRST_PERSON_NARRATOR,ROMANTIC_PARTNER,,FAMILY_MEMBER,,,[],[],"[""FIRST_PERSON_NARRATOR"", ""ROMANTIC_PARTNER"", ""FAMILY_MEMBER""]",[],,0,no_event_evidence,conservative-title-rules-v1,,1.0.1,"[{""kind"": ""roles"", ""label"": ""FIRST_PERSON_NARRATOR"", ""start"": 5, ""end"": 7, ""text"": ""My""}, {""kind"": ""roles"", ""label"": ""FIRST_PERSON_NARRATOR"", ""start"": 23, ""end"": 25, ""text"": ""My""}, {""kind"": ""roles"", ""label"": ""ROMANTIC_PARTNER"", ""start"": 5, ""end"": 13, ""text"": ""My Bride""}, {""kind"": ""roles"", ""label"": ""FAMILY_MEMBER"", ""start"": 26, ""end"": 29, ""text"": ""Dad""}]",[],[]
UCHPA4fgVIFf4Wfae6-f5qNQ,Hein Recap,9290,119,3026852,dl7FiJJDoh0,I Transmigrated Into A Trash Son-In-Law - Hein Recap,https://www.youtube.com/watch?v=dl7FiJJDoh0,2026-09-19T17:00:24Z,3568.0,0,1,0,en,en,32423,1116,63,2026-10-01T06:14:16.896069+00:00,2026-10-01T06:14:16.896069+00:00,59:28,i transmigrated into a trash son-in-law - hein recap,9,52,34.42001048638312,1.9430651081022727,56.45161290322581,3.4420010486383124,0.1943065108102273,20,417327,20866.35,11582.0,20,544.2,326.5,20,27.45,22.0,20,2.764269455233001,2.7864566805098296,20,0.1704447084872326,0.1644883012290921,20,89901,KM6YKFEZ6AI,Leaving The Traitorous Family To Despair! - Hein Recap,1975,KM6YKFEZ6AI,Leaving The Traitorous Family To Despair! - Hein Recap,82,K2iI10BMw98,I Let The Nation Extract My Memories - Hein Recap,4,2.7994301502331203,False,4,3.418070444104135,True,3,2.863636363636364,False,I Transmigrated Into A Trash Son-In-Law,True, - Hein Recap,exact_channel_suffix_with_separator,4574b4165e847c09161c9226a5e8ebb8f271931d538c25d0c954f967428015d6,FIRST_PERSON_NARRATOR,,,FAMILY_MEMBER,,,"[""REINCARNATION""]","[""REINCARNATION""]","[""FIRST_PERSON_NARRATOR"", ""FAMILY_MEMBER""]",[],,1,rule_supported_unvalidated,conservative-title-rules-v1,,1.0.1,"[{""kind"": ""events"", ""label"": ""REINCARNATION"", ""start"": 2, ""end"": 15, ""text"": ""Transmigrated""}, {""kind"": ""roles"", ""label"": ""FIRST_PERSON_NARRATOR"", ""start"": 0, ""end"": 1, ""text"": ""I""}, {""kind"": ""roles"", ""label"": ""FAMILY_MEMBER"", ""start"": 29, ""end"": 32, ""text"": ""Son""}]","[{""kind"": ""events"", ""label"": ""REINCARNATION"", ""start"": 2, ""end"": 15, ""text"": ""Transmigrated""}]",[]
UChIHuKSI-djAtbWK9mvHSww,Jinwoo Recap,41300,191,15216068,eC75umB-SHs,I Have A Gossip System - Jinwoo Recap,https://www.youtube.com/watch?v=eC75umB-SHs,2026-09-17T17:35:00Z,6051.0,0,1,0,en-US,en,78380,1612,63,2026-10-01T06:14:17.701864+00:00,2026-10-01T06:14:17.701864+00:00,1:40:51,i have a gossip system - jinwoo recap,8,37,20.56647103853024,0.8037764735902015,39.0818858560794,2.056647103853024,0.0803776473590201,20,540758,27037.9,22004.0,20,584.45,451.0,20,34.7,30.5,20,2.196591829543256,2.1913914131384487,20,0.1431061431342918,0.1485057134194587,20,78380,eC75umB-SHs,I Have A Gossip System - Jinwoo Recap,1612,eC75umB-SHs,I Have A Gossip System - Jinwoo Recap,76,wUPj55kldak,Zero Tolerance For Drama - Jinwoo Recap,1,3.5620796218869297,True,1,3.574279379157428,True,3,2.065573770491804,False,I Have A Gossip System,True, - Jinwoo Recap,exact_channel_suffix_with_separator,ca09a49b2758d1f8d3fd4ff7023226edafa5176fa338c326206e9dde5af8d1b6,FIRST_PERSON_NARRATOR,,,,,,[],[],"[""FIRST_PERSON_NARRATOR""]",[],,0,no_event_evidence,conservative-title-rules-v1,,1.0.1,"[{""kind"": ""roles"", ""label"": ""FIRST_PERSON_NARRATOR"", ""start"": 0, ""end"": 1, ""text"": ""I""}]",[],[]
UC4Dp5pw1_R4gv0N-FBeyB8A,Meow's Cafe,47500,1059,48033780,eHVZ1yAvKsA,📕Her new admirer warned me not to hurt my childhood sweetheart. I laughed—hurt her? She’s insane!,https://www.youtube.com/watch?v=eHVZ1yAvKsA,2026-09-23T21:00:06Z,3359.0,0,1,1,en,en,17767,583,56,2026-10-01T06:14:18.684168+00:00,2026-10-01T06:14:18.684168+00:00,55:59,📕her new admirer warned me not to hurt my childhood sweetheart. i laughed—hurt her? she’s insane!,16,97,32.81364327123318,3.1519108459503573,96.05488850771869,3.2813643271233186,0.3151910845950357,20,496895,24844.75,22779.5,20,696.4,667.0,20,84.5,77.5,20,2.9124490282749016,2.7864024707032984,20,0.3614687656163527,0.3325801098969242,20,44630,QfrpsGlVUoY,📕I called my GF my first love. The campus queen snapped—then found she'd erased all proof we dated!,1137,ox8CMjoszTQ,📕My boss GF faked amnesia and asked who I was. I said “just a coworker.” She relaxed—and so did I!,192,zXeifgaRYDM,📕An intern sent pics with my CEO wife to taunt me—I called cops at their office; one line froze them,16,0.7799556618889791,False,14,0.8740629685157422,False,17,0.7225806451612903,False,📕Her new admirer warned me not to hurt my childhood sweetheart. I laughed—hurt her? She’s insane!,False,,no_exact_separated_suffix,9a9962fab66f0cdbd8affc41a4cf4d6eb42996ee95bc6217b8a6bd1aab5ce077,FIRST_PERSON_NARRATOR,,,,,,[],[],"[""FIRST_PERSON_NARRATOR""]",[],,0,no_event_evidence,conservative-title-rules-v1,,1.0.1,"[{""kind"": ""roles"", ""label"": ""FIRST_PERSON_NARRATOR"", ""start"": 24, ""end"": 26, ""text"": ""me""}, {""kind"": ""roles"", ""label"": ""FIRST_PERSON_NARRATOR"", ""start"": 39, ""end"": 41, ""text"": ""my""}, {""kind"": ""roles"", ""label"": ""FIRST_PERSON_NARRATOR"", ""start"": 64, ""end"": 65, ""text"": ""I""}]",[],[]
UC4Dp5pw1_R4gv0N-FBeyB8A,Meow's Cafe,47500,1059,48033780,etDjkgcRGNo,"📕The college girl I kept said she was shy—I caught her with another guy. Fine, her roomie’s my type",https://www.youtube.com/watch?v=etDjkgcRGNo,2026-09-30T21:01:01Z,3045.0,0,1,1,en,en,8156,309,30,2026-10-01T06:14:18.684168+00:00,2026-10-01T06:14:18.684168+00:00,50:45,"📕the college girl i kept said she was shy—i caught her with another guy. fine, her roomie’s my type",19,99,37.88621873467386,3.678273663560569,97.08737864077668,3.7886218734673855,0.3678273663560569,20,496895,24844.75,22779.5,20,696.4,667.0,20,84.5,77.5,20,2.9124490282749016,2.7864024707032984,20,0.3614687656163527,0.3325801098969242,20,44630,QfrpsGlVUoY,📕I called my GF my first love. The campus queen snapped—then found she'd erased all proof we dated!,1137,ox8CMjoszTQ,📕My boss GF faked amnesia and asked who I was. I said “just a coworker.” She relaxed—and so did I!,192,zXeifgaRYDM,📕An intern sent pics with my CEO wife to taunt me—I called cops at their office; one line froze them,20,0.3580412212735134,False,20,0.4632683658170914,False,20,0.3870967741935484,False,"📕The college girl I kept said she was shy—I caught her with another guy. Fine, her roomie’s my type",False,,no_exact_separated_suffix,ccec2a94ae5406c501590be8a1336276545c1edb3abfe8fd9e5a94d9dad73811,FIRST_PERSON_NARRATOR,,,,,,[],[],"[""FIRST_PERSON_NARRATOR""]",[],,0,no_event_evidence,conservative-title-rules-v1,,1.0.1,"[{""kind"": ""roles"", ""label"": ""FIRST_PERSON_NARRATOR"", ""start"": 18, ""end"": 19, ""text"": ""I""}, {""kind"": ""roles"", ""label"": ""FIRST_PERSON_NARRATOR"", ""start"": 42, ""end"": 43, ""text"": ""I""}, {""kind"": ""roles"", ""label"": ""FIRST_PERSON_NARRATOR"", ""start"": 92, ""end"": 94, ""text"": ""my""}]",[],[]
UCeLOCj__efnDzhPUu7tlOWg,Yee Lovestory,43000,245,14151407,fno_FBKY0sE,Reborn: My 5 Beautiful Sisters Can Hear My Thoughts—but Now They Regret It!,https://www.youtube.com/watch?v=fno_FBKY0sE,2026-03-08T01:00:49Z,5545.0,0,22,0,en,en-US,227908,5961,228,2026-10-01T06:14:19.535343+00:00,2026-10-01T06:14:19.535343+00:00,1:32:25,reborn: my 5 beautiful sisters can hear my thoughts—but now they regret it!,13,75,26.155290731347737,1.0004036716569844,38.24861600402617,2.615529073134774,0.1000403671656984,20,3325008,166250.4,75548.0,20,3844.8,2140.5,20,239.25,165.0,20,2.599524377641904,2.6582881485017875,20,0.2275168933217518,0.162733939660102,20,797070,3DwZyWBN31A,Reborn: My Whole Rich Family Can Hear My Mind—Now I'm Somehow the Most Spoiled Favorite in the House,16943,3DwZyWBN31A,Reborn: My Whole Rich Family Can Hear My Mind—Now I'm Somehow the Most Spoiled Favorite in the House,1205,jCMa8FP8eqo,Reborn: I Chose the Cute Heiress Instead of the Driver's Daughter—but Now She Rues,5,3.0167310848731934,True,4,2.7848633496846533,False,7,1.3818181818181818,False,Reborn: My 5 Beautiful Sisters Can Hear My Thoughts—but Now They Regret It!,False,,no_exact_separated_suffix,ea4a89eea57042bff003aa26fc256816df6401b6d942f844e2aaf42c03a1939c,FIRST_PERSON_NARRATOR,,,FAMILY_MEMBER,,,"[""REBIRTH"", ""THOUGHTS_EXPOSED"", ""REGRET""]","[""REBIRTH"", ""THOUGHTS_EXPOSED"", ""REGRET""]","[""FIRST_PERSON_NARRATOR"", ""FAMILY_MEMBER""]",[],REBIRTH > THOUGHTS_EXPOSED > REGRET,3,rule_supported_unvalidated,conservative-title-rules-v1,,1.0.1,"[{""kind"": ""events"", ""label"": ""REBIRTH"", ""start"": 0, ""end"": 6, ""text"": ""Reborn""}, {""kind"": ""events"", ""label"": ""REGRET"", ""start"": 65, ""end"": 71, ""text"": ""Regret""}, {""kind"": ""events"", ""label"": ""THOUGHTS_EXPOSED"", ""start"": 35, ""end"": 51, ""text"": ""Hear My Thoughts""}, {""kind"": ""roles"", ""label"": ""FIRST_PERSON_NARRATOR"", ""start"": 8, ""end"": 10, ""text"": ""My""}, {""kind"": ""roles"", ""label"": ""FIRST_PERSON_NARRATOR"", ""start"": 40, ""end"": 42, ""text"": ""My""}, {""kind"": ""roles"", ""label"": ""FAMILY_MEMBER"", ""start"": 23, ""end"": 30, ""text"": ""Sisters""}]","[{""kind"": ""events"", ""label"": ""REBIRTH"", ""start"": 0, ""end"": 6, ""text"": ""Reborn""}, {""kind"": ""events"", ""label"": ""THOUGHTS_EXPOSED"", ""start"": 35, ""end"": 51, ""text"": ""Hear My Thoughts""}, {""kind"": ""events"", ""label"": ""REGRET"", ""start"": 65, ""end"": 71, ""text"": ""Regret""}]",[]
UChIHuKSI-djAtbWK9mvHSww,Jinwoo Recap,41300,191,15216068,gCnlYvG4-5A,Raised A Villainess: She Went Mad! - Jinwoo Recap,https://www.youtube.com/watch?v=gCnlYvG4-5A,2026-09-25T17:37:30Z,4680.0,0,1,0,en-US,en,15848,351,18,2026-10-01T06:14:17.701864+00:00,2026-10-01T06:14:17.701864+00:00,1:18:00,raised a villainess: she went mad! - jinwoo recap,9,49,22.147905098435132,1.1357900050479557,51.28205128205128,2.214790509843513,0.1135790005047955,20,540758,27037.9,22004.0,20,584.45,451.0,20,34.7,30.5,20,2.196591829543256,2.1913914131384487,20,0.1431061431342918,0.1485057134194587,20,78380,eC75umB-SHs,I Have A Gossip System - Jinwoo Recap,1612,eC75umB-SHs,I Have A Gossip System - Jinwoo Recap,76,wUPj55kldak,Zero Tolerance For Drama - Jinwoo Recap,14,0.7202326849663697,False,14,0.7782705099778271,False,16,0.5901639344262295,False,Raised A Villainess: She Went Mad!,True, - Jinwoo Recap,exact_channel_suffix_with_separator,512b11569805da5a4b5fb39e8356705f5ba4cae40a9cb1ad7157628718bc75d5,,,,,,,[],[],[],[],,0,no_event_evidence,conservative-title-rules-v1,,1.0.1,[],[],[]
UCHPA4fgVIFf4Wfae6-f5qNQ,Hein Recap,9290,119,3026852,hfvuBTFcEl0,"I Let My In-Laws Kick Me Out For Her Childhood Sweetheart, Unaware I Have $300M! - Hein Recap",https://www.youtube.com/watch?v=hfvuBTFcEl0,2026-09-29T17:03:15Z,3031.0,0,1,0,en,en,11424,311,21,2026-10-01T06:14:16.896069+00:00,2026-10-01T06:14:16.896069+00:00,50:31,"i let my in-laws kick me out for her childhood sweetheart, unaware i have $300m! - hein recap",18,93,27.2233893557423,1.838235294117647,67.52411575562701,2.72233893557423,0.1838235294117647,20,417327,20866.35,11582.0,20,544.2,326.5,20,27.45,22.0,20,2.764269455233001,2.7864566805098296,20,0.1704447084872326,0.1644883012290921,20,89901,KM6YKFEZ6AI,Leaving The Traitorous Family To Despair! - Hein Recap,1975,KM6YKFEZ6AI,Leaving The Traitorous Family To Despair! - Hein Recap,82,K2iI10BMw98,I Let The Nation Extract My Memories - Hein Recap,11,0.9863581419443964,False,11,0.9525267993874426,False,11,0.9545454545454546,False,"I Let My In-Laws Kick Me Out For Her Childhood Sweetheart, Unaware I Have $300M!",True, - Hein Recap,exact_channel_suffix_with_separator,429d525b2da77a97cca64efaaba87ac1bdb75715ffd0566e1e76a73c8016a158,FIRST_PERSON_NARRATOR,,,FAMILY_MEMBER,,,"[""ABANDONMENT""]","[""ABANDONMENT""]","[""FIRST_PERSON_NARRATOR"", ""FAMILY_MEMBER""]",[],,1,rule_supported_unvalidated,conservative-title-rules-v1,,1.0.1,"[{""kind"": ""events"", ""label"": ""ABANDONMENT"", ""start"": 17, ""end"": 28, ""text"": ""Kick Me Out""}, {""kind"": ""roles"", ""label"": ""FIRST_PERSON_NARRATOR"", ""start"": 0, ""end"": 1, ""text"": ""I""}, {""kind"": ""roles"", ""label"": ""FIRST_PERSON_NARRATOR"", ""start"": 6, ""end"": 8, ""text"": ""My""}, {""kind"": ""roles"", ""label"": ""FIRST_PERSON_NARRATOR"", ""start"": 22, ""end"": 24, ""text"": ""Me""}, {""kind"": ""roles"", ""label"": ""FIRST_PERSON_NARRATOR"", ""start"": 67, ""end"": 68, ""text"": ""I""}, {""kind"": ""roles"", ""label"": ""FAMILY_MEMBER"", ""start"": 9, ""end"": 16, ""text"": ""In-Laws""}]","[{""kind"": ""events"", ""label"": ""ABANDONMENT"", ""start"": 17, ""end"": 28, ""text"": ""Kick Me Out""}]",[]
UCeLOCj__efnDzhPUu7tlOWg,Yee Lovestory,43000,245,14151407,hgAAa0DWCcU,"Rebirth: I Choose My Cute Crush Instead of the Sexy Heiress, Heading Toward a Happy Ending!",https://www.youtube.com/watch?v=hgAAa0DWCcU,2026-05-16T09:09:44Z,113.0,1,22,0,en,en-US,25959,710,234,2026-10-01T06:14:19.535343+00:00,2026-10-01T06:14:19.535343+00:00,1:53,"rebirth: i choose my cute crush instead of the sexy heiress, heading toward a happy ending!",16,91,27.35082245078778,9.014214723217382,329.5774647887324,2.7350822450787784,0.9014214723217382,20,3325008,166250.4,75548.0,20,3844.8,2140.5,20,239.25,165.0,20,2.599524377641904,2.6582881485017875,20,0.2275168933217518,0.162733939660102,20,797070,3DwZyWBN31A,Reborn: My Whole Rich Family Can Hear My Mind—Now I'm Somehow the Most Spoiled Favorite in the House,16943,3DwZyWBN31A,Reborn: My Whole Rich Family Can Hear My Mind—Now I'm Somehow the Most Spoiled Favorite in the House,1205,jCMa8FP8eqo,Reborn: I Chose the Cute Heiress Instead of the Driver's Daughter—but Now She Rues,19,0.3436093609360936,False,19,0.3316982013548236,False,6,1.4181818181818182,False,"Rebirth: I Choose My Cute Crush Instead of the Sexy Heiress, Heading Toward a Happy Ending!",False,,no_exact_separated_suffix,811d5a2321e8b6774fecb0add5223cbd8076869c07dcff534e58f3134c740a7c,FIRST_PERSON_NARRATOR,,,,AUTHORITY_OR_STATUS,,"[""REBIRTH""]","[""REBIRTH""]","[""FIRST_PERSON_NARRATOR"", ""AUTHORITY_OR_STATUS""]",[],,1,rule_supported_unvalidated,conservative-title-rules-v1,,1.0.1,"[{""kind"": ""events"", ""label"": ""REBIRTH"", ""start"": 0, ""end"": 7, ""text"": ""Rebirth""}, {""kind"": ""roles"", ""label"": ""FIRST_PERSON_NARRATOR"", ""start"": 9, ""end"": 10, ""text"": ""I""}, {""kind"": ""roles"", ""label"": ""FIRST_PERSON_NARRATOR"", ""start"": 18, ""end"": 20, ""text"": ""My""}, {""kind"": ""roles"", ""label"": ""AUTHORITY_OR_STATUS"", ""start"": 52, ""end"": 59, ""text"": ""Heiress""}]","[{""kind"": ""events"", ""label"": ""REBIRTH"", ""start"": 0, ""end"": 7, ""text"": ""Rebirth""}]",[]
UC4Dp5pw1_R4gv0N-FBeyB8A,Meow's Cafe,47500,1059,48033780,iJ3SMkaAa1M,"📕My fiancée sent a pregnancy test, then unsent it. When she came back for me, I’d married someone!",https://www.youtube.com/watch?v=iJ3SMkaAa1M,2026-09-27T14:00:31Z,4209.0,0,1,1,en,en,26203,682,89,2026-10-01T06:14:18.684168+00:00,2026-10-01T06:14:18.684168+00:00,1:10:09,"📕my fiancée sent a pregnancy test, then unsent it. when she came back for me, i’d married someone!",18,98,26.027554096859134,3.3965576460710607,130.49853372434018,2.602755409685914,0.339655764607106,20,496895,24844.75,22779.5,20,696.4,667.0,20,84.5,77.5,20,2.9124490282749016,2.7864024707032984,20,0.3614687656163527,0.3325801098969242,20,44630,QfrpsGlVUoY,📕I called my GF my first love. The campus queen snapped—then found she'd erased all proof we dated!,1137,ox8CMjoszTQ,📕My boss GF faked amnesia and asked who I was. I said “just a coworker.” She relaxed—and so did I!,192,zXeifgaRYDM,📕An intern sent pics with my CEO wife to taunt me—I called cops at their office; one line froze them,8,1.150288636712834,False,9,1.0224887556221889,False,7,1.1483870967741936,False,"📕My fiancée sent a pregnancy test, then unsent it. When she came back for me, I’d married someone!",False,,no_exact_separated_suffix,09c5d8cbcf8bf72c106db1d4f5286e326df7acb552736015ca12443fd0ca8e42,FIRST_PERSON_NARRATOR,ROMANTIC_PARTNER,,,,,"[""RETURN"", ""MARRIAGE""]","[""RETURN"", ""MARRIAGE""]","[""FIRST_PERSON_NARRATOR"", ""ROMANTIC_PARTNER""]",[],RETURN > MARRIAGE,2,rule_supported_unvalidated,conservative-title-rules-v1,,1.0.1,"[{""kind"": ""events"", ""label"": ""MARRIAGE"", ""start"": 82, ""end"": 89, ""text"": ""married""}, {""kind"": ""events"", ""label"": ""RETURN"", ""start"": 60, ""end"": 69, ""text"": ""came back""}, {""kind"": ""roles"", ""label"": ""FIRST_PERSON_NARRATOR"", ""start"": 1, ""end"": 3, ""text"": ""My""}, {""kind"": ""roles"", ""label"": ""FIRST_PERSON_NARRATOR"", ""start"": 74, ""end"": 76, ""text"": ""me""}, {""kind"": ""roles"", ""label"": ""FIRST_PERSON_NARRATOR"", ""start"": 78, ""end"": 79, ""text"": ""I""}, {""kind"": ""roles"", ""label"": ""ROMANTIC_PARTNER"", ""start"": 1, ""end"": 11, ""text"": ""My fiancée""}]","[{""kind"": ""events"", ""label"": ""RETURN"", ""start"": 60, ""end"": 69, ""text"": ""came back""}, {""kind"": ""events"", ""label"": ""MARRIAGE"", ""start"": 82, ""end"": 89, ""text"": ""married""}]",[]
UChIHuKSI-djAtbWK9mvHSww,Jinwoo Recap,41300,191,15216068,ioHg-Fa7-18,I Faked Being A Trash Househusband To Divorce My Wife - Jinwoo Recap,https://www.youtube.com/watch?v=ioHg-Fa7-18,2026-09-28T17:37:12Z,5764.0,0,1,0,en-US,en,14452,346,18,2026-10-01T06:14:17.701864+00:00,2026-10-01T06:14:17.701864+00:00,1:36:04,i faked being a trash househusband to divorce my wife - jinwoo recap,13,68,23.94132300027678,1.2455023526155549,52.02312138728324,2.3941323000276777,0.1245502352615555,20,540758,27037.9,22004.0,20,584.45,451.0,20,34.7,30.5,20,2.196591829543256,2.1913914131384487,20,0.1431061431342918,0.1485057134194587,20,78380,eC75umB-SHs,I Have A Gossip System - Jinwoo Recap,1612,eC75umB-SHs,I Have A Gossip System - Jinwoo Recap,76,wUPj55kldak,Zero Tolerance For Drama - Jinwoo Recap,15,0.6567896746046173,False,15,0.7671840354767184,False,16,0.5901639344262295,False,I Faked Being A Trash Househusband To Divorce My Wife,True, - Jinwoo Recap,exact_channel_suffix_with_separator,4eb6383125a147ff7b3ca8e3bbc7277b4dfce2fbe613f1a617f74a152ac1ff9d,FIRST_PERSON_NARRATOR,ROMANTIC_PARTNER,,,,,"[""DIVORCE""]","[""DIVORCE""]","[""FIRST_PERSON_NARRATOR"", ""ROMANTIC_PARTNER""]",[],,1,rule_supported_unvalidated,conservative-title-rules-v1,,1.0.1,"[{""kind"": ""events"", ""label"": ""DIVORCE"", ""start"": 38, ""end"": 45, ""text"": ""Divorce""}, {""kind"": ""roles"", ""label"": ""FIRST_PERSON_NARRATOR"", ""start"": 0, ""end"": 1, ""text"": ""I""}, {""kind"": ""roles"", ""label"": ""FIRST_PERSON_NARRATOR"", ""start"": 46, ""end"": 48, ""text"": ""My""}, {""kind"": ""roles"", ""label"": ""ROMANTIC_PARTNER"", ""start"": 46, ""end"": 53, ""text"": ""My Wife""}]","[{""kind"": ""events"", ""label"": ""DIVORCE"", ""start"": 38, ""end"": 45, ""text"": ""Divorce""}]",[]
UC4Dp5pw1_R4gv0N-FBeyB8A,Meow's Cafe,47500,1059,48033780,isihpc5r1UA,📕I left her with nothing; she thought that was revenge—until her first love ditched her for this!,https://www.youtube.com/watch?v=isihpc5r1UA,2026-09-19T14:00:09Z,4857.0,0,1,1,en,en,15295,455,98,2026-10-01T06:14:18.684168+00:00,2026-10-01T06:14:18.684168+00:00,1:20:57,📕i left her with nothing; she thought that was revenge—until her first love ditched her for this!,17,97,29.748283752860413,6.407322654462242,215.3846153846154,2.9748283752860414,0.6407322654462242,20,496895,24844.75,22779.5,20,696.4,667.0,20,84.5,77.5,20,2.9124490282749016,2.7864024707032984,20,0.3614687656163527,0.3325801098969242,20,44630,QfrpsGlVUoY,📕I called my GF my first love. The campus queen snapped—then found she'd erased all proof we dated!,1137,ox8CMjoszTQ,📕My boss GF faked amnesia and asked who I was. I said “just a coworker.” She relaxed—and so did I!,192,zXeifgaRYDM,📕An intern sent pics with my CEO wife to taunt me—I called cops at their office; one line froze them,19,0.6714370376873944,False,18,0.6821589205397302,False,6,1.264516129032258,False,📕I left her with nothing; she thought that was revenge—until her first love ditched her for this!,False,,no_exact_separated_suffix,bac9783bc4aa8fd324d715fa6191ef4413a07d704bb636b538b08397b1280906,FIRST_PERSON_NARRATOR,,,,,,"[""REVENGE""]","[""REVENGE""]","[""FIRST_PERSON_NARRATOR""]",[],,1,rule_supported_unvalidated,conservative-title-rules-v1,,1.0.1,"[{""kind"": ""events"", ""label"": ""REVENGE"", ""start"": 47, ""end"": 54, ""text"": ""revenge""}, {""kind"": ""roles"", ""label"": ""FIRST_PERSON_NARRATOR"", ""start"": 1, ""end"": 2, ""text"": ""I""}]","[{""kind"": ""events"", ""label"": ""REVENGE"", ""start"": 47, ""end"": 54, ""text"": ""revenge""}]",[]
UChIHuKSI-djAtbWK9mvHSww,Jinwoo Recap,41300,191,15216068,it2BKpKdNy8,I Just Want To Be A Background NPC - Jinwoo Recap,https://www.youtube.com/watch?v=it2BKpKdNy8,2026-09-14T17:38:23Z,6022.0,0,1,0,en-US,en,68142,1487,42,2026-10-01T06:14:17.701864+00:00,2026-10-01T06:14:17.701864+00:00,1:40:22,i just want to be a background npc - jinwoo recap,11,49,21.82207742655044,0.6163599542132605,28.24478816408877,2.182207742655044,0.061635995421326,20,540758,27037.9,22004.0,20,584.45,451.0,20,34.7,30.5,20,2.196591829543256,2.1913914131384487,20,0.1431061431342918,0.1485057134194587,20,78380,eC75umB-SHs,I Have A Gossip System - Jinwoo Recap,1612,eC75umB-SHs,I Have A Gossip System - Jinwoo Recap,76,wUPj55kldak,Zero Tolerance For Drama - Jinwoo Recap,2,3.096800581712416,True,2,3.2971175166297115,True,5,1.3770491803278688,False,I Just Want To Be A Background NPC,True, - Jinwoo Recap,exact_channel_suffix_with_separator,193e95e0790b9c5e09ecf4383442075b29e9c8d0c242283ccef1f009ace6aa74,FIRST_PERSON_NARRATOR,,,,,,[],[],"[""FIRST_PERSON_NARRATOR""]",[],,0,no_event_evidence,conservative-title-rules-v1,,1.0.1,"[{""kind"": ""roles"", ""label"": ""FIRST_PERSON_NARRATOR"", ""start"": 0, ""end"": 1, ""text"": ""I""}]",[],[]
UCeLOCj__efnDzhPUu7tlOWg,Yee Lovestory,43000,245,14151407,jCMa8FP8eqo,Reborn: I Chose the Cute Heiress Instead of the Driver's Daughter—but Now She Rues,https://www.youtube.com/watch?v=jCMa8FP8eqo,2026-06-11T03:00:29Z,7474.0,0,22,0,en,en-US,722874,13178,1205,2026-10-01T06:14:19.535343+00:00,2026-10-01T06:14:19.535343+00:00,2:04:34,reborn: i chose the cute heiress instead of the driver's daughter—but now she rues,14,82,18.230009655901306,1.6669571737259885,91.44027925330096,1.8230009655901305,0.1666957173725988,20,3325008,166250.4,75548.0,20,3844.8,2140.5,20,239.25,165.0,20,2.599524377641904,2.6582881485017875,20,0.2275168933217518,0.162733939660102,20,797070,3DwZyWBN31A,Reborn: My Whole Rich Family Can Hear My Mind—Now I'm Somehow the Most Spoiled Favorite in the House,16943,3DwZyWBN31A,Reborn: My Whole Rich Family Can Hear My Mind—Now I'm Somehow the Most Spoiled Favorite in the House,1205,jCMa8FP8eqo,Reborn: I Chose the Cute Heiress Instead of the Driver's Daughter—but Now She Rues,2,9.568406840684068,True,2,6.156505489371642,True,1,7.303030303030303,True,Reborn: I Chose the Cute Heiress Instead of the Driver's Daughter—but Now She Rues,False,,no_exact_separated_suffix,deea80f73236021228bf116ed8b8e09f86ecb89dd9b7d787a787ace58abb9294,FIRST_PERSON_NARRATOR,,,FAMILY_MEMBER,AUTHORITY_OR_STATUS,,"[""REBIRTH"", ""REGRET""]","[""REBIRTH"", ""REGRET""]","[""FIRST_PERSON_NARRATOR"", ""AUTHORITY_OR_STATUS"", ""FAMILY_MEMBER""]",[],REBIRTH > REGRET,2,rule_supported_unvalidated,conservative-title-rules-v1,,1.0.1,"[{""kind"": ""events"", ""label"": ""REBIRTH"", ""start"": 0, ""end"": 6, ""text"": ""Reborn""}, {""kind"": ""events"", ""label"": ""REGRET"", ""start"": 78, ""end"": 82, ""text"": ""Rues""}, {""kind"": ""roles"", ""label"": ""FIRST_PERSON_NARRATOR"", ""start"": 8, ""end"": 9, ""text"": ""I""}, {""kind"": ""roles"", ""label"": ""FAMILY_MEMBER"", ""start"": 57, ""end"": 65, ""text"": ""Daughter""}, {""kind"": ""roles"", ""label"": ""AUTHORITY_OR_STATUS"", ""start"": 25, ""end"": 32, ""text"": ""Heiress""}]","[{""kind"": ""events"", ""label"": ""REBIRTH"", ""start"": 0, ""end"": 6, ""text"": ""Reborn""}, {""kind"": ""events"", ""label"": ""REGRET"", ""start"": 78, ""end"": 82, ""text"": ""Rues""}]",[]
UCeLOCj__efnDzhPUu7tlOWg,Yee Lovestory,43000,245,14151407,jkZ3fDsOEaM,Reuniting with My Heiress Ex-GF in the Elevator: She Panicked When She Saw the Child in My Arms,https://www.youtube.com/watch?v=jkZ3fDsOEaM,2026-05-27T13:53:52Z,193.0,0,22,0,en,en-US,22149,461,80,2026-10-01T06:14:19.535343+00:00,2026-10-01T06:14:19.535343+00:00,3:13,reuniting with my heiress ex-gf in the elevator: she panicked when she saw the child in my arms,18,95,20.81358074856653,3.611901214501784,173.53579175704988,2.0813580748566527,0.3611901214501783,20,3325008,166250.4,75548.0,20,3844.8,2140.5,20,239.25,165.0,20,2.599524377641904,2.6582881485017875,20,0.2275168933217518,0.162733939660102,20,797070,3DwZyWBN31A,Reborn: My Whole Rich Family Can Hear My Mind—Now I'm Somehow the Most Spoiled Favorite in the House,16943,3DwZyWBN31A,Reborn: My Whole Rich Family Can Hear My Mind—Now I'm Somehow the Most Spoiled Favorite in the House,1205,jCMa8FP8eqo,Reborn: I Chose the Cute Heiress Instead of the Driver's Daughter—but Now She Rues,20,0.2931778471964844,False,20,0.2153702405979911,False,19,0.4848484848484848,False,Reuniting with My Heiress Ex-GF in the Elevator: She Panicked When She Saw the Child in My Arms,False,,no_exact_separated_suffix,54c274abf65f25adcf226541c6a4db9ed41db56c428218fc6f909e77089d2d3d,FIRST_PERSON_NARRATOR,,,,AUTHORITY_OR_STATUS,,"[""RETURN""]","[""RETURN""]","[""FIRST_PERSON_NARRATOR"", ""AUTHORITY_OR_STATUS""]",[],,1,rule_supported_unvalidated,conservative-title-rules-v1,,1.0.1,"[{""kind"": ""events"", ""label"": ""RETURN"", ""start"": 0, ""end"": 9, ""text"": ""Reuniting""}, {""kind"": ""roles"", ""label"": ""FIRST_PERSON_NARRATOR"", ""start"": 15, ""end"": 17, ""text"": ""My""}, {""kind"": ""roles"", ""label"": ""FIRST_PERSON_NARRATOR"", ""start"": 88, ""end"": 90, ""text"": ""My""}, {""kind"": ""roles"", ""label"": ""AUTHORITY_OR_STATUS"", ""start"": 18, ""end"": 25, ""text"": ""Heiress""}]","[{""kind"": ""events"", ""label"": ""RETURN"", ""start"": 0, ""end"": 9, ""text"": ""Reuniting""}]",[]
UChIHuKSI-djAtbWK9mvHSww,Jinwoo Recap,41300,191,15216068,kiNWc1r-6Fg,"""Broke Nobody"" Is Teacher Cas! - Jinwoo Recap",https://www.youtube.com/watch?v=kiNWc1r-6Fg,2026-09-26T17:38:20Z,4092.0,0,1,0,en-US,en,12693,299,22,2026-10-01T06:14:17.701864+00:00,2026-10-01T06:14:17.701864+00:00,1:08:12,"""broke nobody"" is teacher cas! - jinwoo recap",8,45,23.556290868982902,1.7332387930355313,73.57859531772576,2.3556290868982903,0.1733238793035531,20,540758,27037.9,22004.0,20,584.45,451.0,20,34.7,30.5,20,2.196591829543256,2.1913914131384487,20,0.1431061431342918,0.1485057134194587,20,78380,eC75umB-SHs,I Have A Gossip System - Jinwoo Recap,1612,eC75umB-SHs,I Have A Gossip System - Jinwoo Recap,76,wUPj55kldak,Zero Tolerance For Drama - Jinwoo Recap,17,0.5768496636975096,False,17,0.6629711751662971,False,14,0.7213114754098361,False,"""Broke Nobody"" Is Teacher Cas!",True, - Jinwoo Recap,exact_channel_suffix_with_separator,b2685a0be5d56384e97ec3b2e80818e6319e61a9b2592e76bc401401b1169c44,,,,,AUTHORITY_OR_STATUS,,[],[],"[""AUTHORITY_OR_STATUS""]",[],,0,no_event_evidence,conservative-title-rules-v1,,1.0.1,"[{""kind"": ""roles"", ""label"": ""AUTHORITY_OR_STATUS"", ""start"": 18, ""end"": 25, ""text"": ""Teacher""}]",[],[]
UChIHuKSI-djAtbWK9mvHSww,Jinwoo Recap,41300,191,15216068,mHZowXumvNs,"A Billionaire Hired Me To Fake Being His Son, But His Daughters Fell In Love With Me! - Jinwoo Recap",https://www.youtube.com/watch?v=mHZowXumvNs,2026-09-24T17:38:25Z,7411.0,0,1,0,en-US,en,30256,673,38,2026-10-01T06:14:17.701864+00:00,2026-10-01T06:14:17.701864+00:00,2:03:31,"a billionaire hired me to fake being his son, but his daughters fell in love with me! - jinwoo recap",20,100,22.243521946060284,1.255949233209942,56.46359583952452,2.2243521946060283,0.1255949233209942,20,540758,27037.9,22004.0,20,584.45,451.0,20,34.7,30.5,20,2.196591829543256,2.1913914131384487,20,0.1431061431342918,0.1485057134194587,20,78380,eC75umB-SHs,I Have A Gossip System - Jinwoo Recap,1612,eC75umB-SHs,I Have A Gossip System - Jinwoo Recap,76,wUPj55kldak,Zero Tolerance For Drama - Jinwoo Recap,6,1.375022723141247,False,5,1.492239467849224,False,7,1.2459016393442623,False,"A Billionaire Hired Me To Fake Being His Son, But His Daughters Fell In Love With Me!",True, - Jinwoo Recap,exact_channel_suffix_with_separator,bedab24adb84dce8e0c6cc41c7451ac4d4ff6c2356c9fb66b4f3ffe5419091d9,FIRST_PERSON_NARRATOR,,,FAMILY_MEMBER,AUTHORITY_OR_STATUS,,[],[],"[""AUTHORITY_OR_STATUS"", ""FIRST_PERSON_NARRATOR"", ""FAMILY_MEMBER""]",[],,0,no_event_evidence,conservative-title-rules-v1,,1.0.1,"[{""kind"": ""roles"", ""label"": ""FIRST_PERSON_NARRATOR"", ""start"": 20, ""end"": 22, ""text"": ""Me""}, {""kind"": ""roles"", ""label"": ""FIRST_PERSON_NARRATOR"", ""start"": 82, ""end"": 84, ""text"": ""Me""}, {""kind"": ""roles"", ""label"": ""FAMILY_MEMBER"", ""start"": 41, ""end"": 44, ""text"": ""Son""}, {""kind"": ""roles"", ""label"": ""AUTHORITY_OR_STATUS"", ""start"": 2, ""end"": 13, ""text"": ""Billionaire""}]",[],[]
UChIHuKSI-djAtbWK9mvHSww,Jinwoo Recap,41300,191,15216068,mNoIfjZzwEc,I Was Locked In My Family Closet For 8 Years - Jinwoo Reca[,https://www.youtube.com/watch?v=mNoIfjZzwEc,2026-09-20T17:37:06Z,6554.0,0,1,0,en-US,en,28452,535,57,2026-10-01T06:14:17.701864+00:00,2026-10-01T06:14:17.701864+00:00,1:49:14,i was locked in my family closet for 8 years - jinwoo reca[,13,59,18.80359904400393,2.0033741037536905,106.54205607476636,1.8803599044003936,0.200337410375369,20,540758,27037.9,22004.0,20,584.45,451.0,20,34.7,30.5,20,2.196591829543256,2.1913914131384487,20,0.1431061431342918,0.1485057134194587,20,78380,eC75umB-SHs,I Have A Gossip System - Jinwoo Recap,1612,eC75umB-SHs,I Have A Gossip System - Jinwoo Recap,76,wUPj55kldak,Zero Tolerance For Drama - Jinwoo Recap,7,1.293037629521905,False,8,1.1862527716186253,False,4,1.8688524590163933,False,I Was Locked In My Family Closet For 8 Years - Jinwoo Reca[,False,,no_exact_separated_suffix,f3ac0e99824e30281b128812058a685fde114ba75e83040d9968b87b8c6f3eab,FIRST_PERSON_NARRATOR,,,FAMILY_MEMBER,,,[],[],"[""FIRST_PERSON_NARRATOR"", ""FAMILY_MEMBER""]",[],,0,no_event_evidence,conservative-title-rules-v1,,1.0.1,"[{""kind"": ""roles"", ""label"": ""FIRST_PERSON_NARRATOR"", ""start"": 0, ""end"": 1, ""text"": ""I""}, {""kind"": ""roles"", ""label"": ""FIRST_PERSON_NARRATOR"", ""start"": 16, ""end"": 18, ""text"": ""My""}, {""kind"": ""roles"", ""label"": ""FAMILY_MEMBER"", ""start"": 19, ""end"": 25, ""text"": ""Family""}]",[],[]
UCeLOCj__efnDzhPUu7tlOWg,Yee Lovestory,43000,245,14151407,mXMg15RcleU,Reborn: My 6 Sisters & Fiancée All Betrayed Me for The Fake Heir—so I Wed the Sexy CEO—Now They Rue!,https://www.youtube.com/watch?v=mXMg15RcleU,2026-03-19T00:01:03Z,7381.0,0,22,0,en,en-US,75580,1976,120,2026-10-01T06:14:19.535343+00:00,2026-10-01T06:14:19.535343+00:00,2:03:01,reborn: my 6 sisters & fiancée all betrayed me for the fake heir—so i wed the sexy ceo—now they rue!,20,100,26.14448266737232,1.587721619476052,60.72874493927125,2.614448266737232,0.1587721619476051,20,3325008,166250.4,75548.0,20,3844.8,2140.5,20,239.25,165.0,20,2.599524377641904,2.6582881485017875,20,0.2275168933217518,0.162733939660102,20,797070,3DwZyWBN31A,Reborn: My Whole Rich Family Can Hear My Mind—Now I'm Somehow the Most Spoiled Favorite in the House,16943,3DwZyWBN31A,Reborn: My Whole Rich Family Can Hear My Mind—Now I'm Somehow the Most Spoiled Favorite in the House,1205,jCMa8FP8eqo,Reborn: I Chose the Cute Heiress Instead of the Driver's Daughter—but Now She Rues,10,1.0004235717689416,False,14,0.9231487970100444,False,17,0.7272727272727273,False,Reborn: My 6 Sisters & Fiancée All Betrayed Me for The Fake Heir—so I Wed the Sexy CEO—Now They Rue!,False,,no_exact_separated_suffix,ebc6108b9485d80be4e93ae8da81d31178201535ff08655f122add026d454b18,FIRST_PERSON_NARRATOR,,,FAMILY_MEMBER,AUTHORITY_OR_STATUS,,"[""REBIRTH"", ""BETRAYAL"", ""MARRIAGE"", ""REGRET""]","[""REBIRTH"", ""BETRAYAL"", ""MARRIAGE"", ""REGRET""]","[""FIRST_PERSON_NARRATOR"", ""FAMILY_MEMBER"", ""AUTHORITY_OR_STATUS""]",[],REBIRTH > BETRAYAL > MARRIAGE > REGRET,4,rule_supported_unvalidated,conservative-title-rules-v1,,1.0.1,"[{""kind"": ""events"", ""label"": ""BETRAYAL"", ""start"": 35, ""end"": 43, ""text"": ""Betrayed""}, {""kind"": ""events"", ""label"": ""REBIRTH"", ""start"": 0, ""end"": 6, ""text"": ""Reborn""}, {""kind"": ""events"", ""label"": ""MARRIAGE"", ""start"": 70, ""end"": 73, ""text"": ""Wed""}, {""kind"": ""events"", ""label"": ""REGRET"", ""start"": 96, ""end"": 99, ""text"": ""Rue""}, {""kind"": ""roles"", ""label"": ""FIRST_PERSON_NARRATOR"", ""start"": 8, ""end"": 10, ""text"": ""My""}, {""kind"": ""roles"", ""label"": ""FIRST_PERSON_NARRATOR"", ""start"": 44, ""end"": 46, ""text"": ""Me""}, {""kind"": ""roles"", ""label"": ""FIRST_PERSON_NARRATOR"", ""start"": 68, ""end"": 69, ""text"": ""I""}, {""kind"": ""roles"", ""label"": ""FAMILY_MEMBER"", ""start"": 13, ""end"": 20, ""text"": ""Sisters""}, {""kind"": ""roles"", ""label"": ""AUTHORITY_OR_STATUS"", ""start"": 60, ""end"": 64, ""text"": ""Heir""}, {""kind"": ""roles"", ""label"": ""AUTHORITY_OR_STATUS"", ""start"": 83, ""end"": 86, ""text"": ""CEO""}]","[{""kind"": ""events"", ""label"": ""REBIRTH"", ""start"": 0, ""end"": 6, ""text"": ""Reborn""}, {""kind"": ""events"", ""label"": ""BETRAYAL"", ""start"": 35, ""end"": 43, ""text"": ""Betrayed""}, {""kind"": ""events"", ""label"": ""MARRIAGE"", ""start"": 70, ""end"": 73, ""text"": ""Wed""}, {""kind"": ""events"", ""label"": ""REGRET"", ""start"": 96, ""end"": 99, ""text"": ""Rue""}]",[]
UCHPA4fgVIFf4Wfae6-f5qNQ,Hein Recap,9290,119,3026852,miaJ4DQk3m4,I Catfished My Wife As Her High School Ex Just To Get A Divorce! - Hein Recap,https://www.youtube.com/watch?v=miaJ4DQk3m4,2026-09-20T17:02:32Z,2951.0,0,1,0,en,en,9921,342,23,2026-10-01T06:14:16.896069+00:00,2026-10-01T06:14:16.896069+00:00,49:11,i catfished my wife as her high school ex just to get a divorce! - hein recap,17,77,34.47233141820381,2.3183146860195545,67.25146198830409,3.4472331418203805,0.2318314686019554,20,417327,20866.35,11582.0,20,544.2,326.5,20,27.45,22.0,20,2.764269455233001,2.7864566805098296,20,0.1704447084872326,0.1644883012290921,20,89901,KM6YKFEZ6AI,Leaving The Traitorous Family To Despair! - Hein Recap,1975,KM6YKFEZ6AI,Leaving The Traitorous Family To Despair! - Hein Recap,82,K2iI10BMw98,I Let The Nation Extract My Memories - Hein Recap,13,0.8565878086686237,False,10,1.047473200612557,False,9,1.0454545454545454,False,I Catfished My Wife As Her High School Ex Just To Get A Divorce!,True, - Hein Recap,exact_channel_suffix_with_separator,e23fdf9269c29f184d17a5202b2474d26d4c3ed7221dea791b94d9468ec65c21,FIRST_PERSON_NARRATOR,ROMANTIC_PARTNER,,,,,"[""DIVORCE""]","[""DIVORCE""]","[""FIRST_PERSON_NARRATOR"", ""ROMANTIC_PARTNER""]",[],,1,rule_supported_unvalidated,conservative-title-rules-v1,,1.0.1,"[{""kind"": ""events"", ""label"": ""DIVORCE"", ""start"": 56, ""end"": 63, ""text"": ""Divorce""}, {""kind"": ""roles"", ""label"": ""FIRST_PERSON_NARRATOR"", ""start"": 0, ""end"": 1, ""text"": ""I""}, {""kind"": ""roles"", ""label"": ""FIRST_PERSON_NARRATOR"", ""start"": 12, ""end"": 14, ""text"": ""My""}, {""kind"": ""roles"", ""label"": ""ROMANTIC_PARTNER"", ""start"": 12, ""end"": 19, ""text"": ""My Wife""}]","[{""kind"": ""events"", ""label"": ""DIVORCE"", ""start"": 56, ""end"": 63, ""text"": ""Divorce""}]",[]
UC4Dp5pw1_R4gv0N-FBeyB8A,Meow's Cafe,47500,1059,48033780,muxk2be9b3g,"📕My GF exploded over dinner with another woman. I said, “I didn’t cheat”—her own words shut her up!",https://www.youtube.com/watch?v=muxk2be9b3g,2026-09-22T21:00:38Z,2883.0,0,1,1,en,en,36956,996,122,2026-10-01T06:14:18.684168+00:00,2026-10-01T06:14:18.684168+00:00,48:03,"📕my gf exploded over dinner with another woman. i said, “i didn’t cheat”—her own words shut her up!",18,99,26.950968719558396,3.301223076090486,122.48995983935744,2.6950968719558395,0.3301223076090486,20,496895,24844.75,22779.5,20,696.4,667.0,20,84.5,77.5,20,2.9124490282749016,2.7864024707032984,20,0.3614687656163527,0.3325801098969242,20,44630,QfrpsGlVUoY,📕I called my GF my first love. The campus queen snapped—then found she'd erased all proof we dated!,1137,ox8CMjoszTQ,📕My boss GF faked amnesia and asked who I was. I said “just a coworker.” She relaxed—and so did I!,192,zXeifgaRYDM,📕An intern sent pics with my CEO wife to taunt me—I called cops at their office; one line froze them,4,1.622335872165763,False,4,1.4932533733133433,False,3,1.5741935483870968,False,"📕My GF exploded over dinner with another woman. I said, “I didn’t cheat”—her own words shut her up!",False,,no_exact_separated_suffix,bb00c5b73d56e2b82ca004c39ac51e233ec023f248448731329ff0b5382736a1,FIRST_PERSON_NARRATOR,ROMANTIC_PARTNER,,,,,[],[],"[""FIRST_PERSON_NARRATOR"", ""ROMANTIC_PARTNER""]",[],,0,no_event_evidence,conservative-title-rules-v1,,1.0.1,"[{""kind"": ""roles"", ""label"": ""FIRST_PERSON_NARRATOR"", ""start"": 1, ""end"": 3, ""text"": ""My""}, {""kind"": ""roles"", ""label"": ""FIRST_PERSON_NARRATOR"", ""start"": 48, ""end"": 49, ""text"": ""I""}, {""kind"": ""roles"", ""label"": ""FIRST_PERSON_NARRATOR"", ""start"": 57, ""end"": 58, ""text"": ""I""}, {""kind"": ""roles"", ""label"": ""ROMANTIC_PARTNER"", ""start"": 1, ""end"": 6, ""text"": ""My GF""}]",[],"[{""kind"": ""events"", ""label"": ""CHEATING"", ""start"": 66, ""end"": 71, ""text"": ""cheat"", ""reason"": ""local_negation_guard""}]"
UCeLOCj__efnDzhPUu7tlOWg,Yee Lovestory,43000,245,14151407,mw8Bcg2G-8o,My Sexy CEO Wife Tested Me by Faking Poverty—but 6 Months Later She Begs Me for Kisses Every Day?!,https://www.youtube.com/watch?v=mw8Bcg2G-8o,2026-03-04T01:00:53Z,5340.0,0,22,0,en,en-US,66031,2092,144,2026-10-01T06:14:19.535343+00:00,2026-10-01T06:14:19.535343+00:00,1:29:00,my sexy ceo wife tested me by faking poverty—but 6 months later she begs me for kisses every day?!,19,98,31.682088715906165,2.180793869546122,68.83365200764818,3.1682088715906165,0.2180793869546122,20,3325008,166250.4,75548.0,20,3844.8,2140.5,20,239.25,165.0,20,2.599524377641904,2.6582881485017875,20,0.2275168933217518,0.162733939660102,20,797070,3DwZyWBN31A,Reborn: My Whole Rich Family Can Hear My Mind—Now I'm Somehow the Most Spoiled Favorite in the House,16943,3DwZyWBN31A,Reborn: My Whole Rich Family Can Hear My Mind—Now I'm Somehow the Most Spoiled Favorite in the House,1205,jCMa8FP8eqo,Reborn: I Chose the Cute Heiress Instead of the Driver's Daughter—but Now She Rues,15,0.8740271085932123,False,12,0.9773417425835084,False,13,0.8727272727272727,False,My Sexy CEO Wife Tested Me by Faking Poverty—but 6 Months Later She Begs Me for Kisses Every Day?!,False,,no_exact_separated_suffix,b230027d3e22eeaaf8031b1e0ebe2d670d384436065a1d68740f4ea0a12f4914,FIRST_PERSON_NARRATOR,,,,AUTHORITY_OR_STATUS,,[],[],"[""FIRST_PERSON_NARRATOR"", ""AUTHORITY_OR_STATUS""]",[],,0,no_event_evidence,conservative-title-rules-v1,,1.0.1,"[{""kind"": ""roles"", ""label"": ""FIRST_PERSON_NARRATOR"", ""start"": 0, ""end"": 2, ""text"": ""My""}, {""kind"": ""roles"", ""label"": ""FIRST_PERSON_NARRATOR"", ""start"": 24, ""end"": 26, ""text"": ""Me""}, {""kind"": ""roles"", ""label"": ""FIRST_PERSON_NARRATOR"", ""start"": 73, ""end"": 75, ""text"": ""Me""}, {""kind"": ""roles"", ""label"": ""AUTHORITY_OR_STATUS"", ""start"": 8, ""end"": 11, ""text"": ""CEO""}]",[],[]
UC4Dp5pw1_R4gv0N-FBeyB8A,Meow's Cafe,47500,1059,48033780,ox8CMjoszTQ,📕My boss GF faked amnesia and asked who I was. I said “just a coworker.” She relaxed—and so did I!,https://www.youtube.com/watch?v=ox8CMjoszTQ,2026-09-21T21:00:30Z,2361.0,0,1,1,en,en,37806,1137,124,2026-10-01T06:14:18.684168+00:00,2026-10-01T06:14:18.684168+00:00,39:21,📕my boss gf faked amnesia and asked who i was. i said “just a coworker.” she relaxed—and so did i!,20,98,30.07459133470877,3.2799026609532875,109.0589270008795,3.007459133470878,0.3279902660953288,20,496895,24844.75,22779.5,20,696.4,667.0,20,84.5,77.5,20,2.9124490282749016,2.7864024707032984,20,0.3614687656163527,0.3325801098969242,20,44630,QfrpsGlVUoY,📕I called my GF my first love. The campus queen snapped—then found she'd erased all proof we dated!,1137,ox8CMjoszTQ,📕My boss GF faked amnesia and asked who I was. I said “just a coworker.” She relaxed—and so did I!,192,zXeifgaRYDM,📕An intern sent pics with my CEO wife to taunt me—I called cops at their office; one line froze them,3,1.6596501240150134,False,1,1.7046476761619191,False,2,1.6,False,📕My boss GF faked amnesia and asked who I was. I said “just a coworker.” She relaxed—and so did I!,False,,no_exact_separated_suffix,af983269aa080f21c5d1de2b348c1e258b5c135fa0e0d5fba5161c3fff26cb07,FIRST_PERSON_NARRATOR,ROMANTIC_PARTNER,,,AUTHORITY_OR_STATUS,,[],[],"[""FIRST_PERSON_NARRATOR"", ""ROMANTIC_PARTNER"", ""AUTHORITY_OR_STATUS""]",[],,0,no_event_evidence,conservative-title-rules-v1,,1.0.1,"[{""kind"": ""roles"", ""label"": ""FIRST_PERSON_NARRATOR"", ""start"": 1, ""end"": 3, ""text"": ""My""}, {""kind"": ""roles"", ""label"": ""FIRST_PERSON_NARRATOR"", ""start"": 40, ""end"": 41, ""text"": ""I""}, {""kind"": ""roles"", ""label"": ""FIRST_PERSON_NARRATOR"", ""start"": 47, ""end"": 48, ""text"": ""I""}, {""kind"": ""roles"", ""label"": ""FIRST_PERSON_NARRATOR"", ""start"": 96, ""end"": 97, ""text"": ""I""}, {""kind"": ""roles"", ""label"": ""ROMANTIC_PARTNER"", ""start"": 1, ""end"": 11, ""text"": ""My boss GF""}, {""kind"": ""roles"", ""label"": ""AUTHORITY_OR_STATUS"", ""start"": 4, ""end"": 8, ""text"": ""boss""}]",[],[]
UCeLOCj__efnDzhPUu7tlOWg,Yee Lovestory,43000,245,14151407,q-ZoiMxj4DI,"My CEO Wife & Daughter All Betrayed Me For My Half-brother, so I Wed the Sweet Heiress—Now They Rue!",https://www.youtube.com/watch?v=q-ZoiMxj4DI,2026-03-18T00:01:05Z,6458.0,0,22,0,en,en-US,87245,2264,255,2026-10-01T06:14:19.535343+00:00,2026-10-01T06:14:19.535343+00:00,1:47:38,"my ceo wife & daughter all betrayed me for my half-brother, so i wed the sweet heiress—now they rue!",19,100,25.949911169694538,2.922803599060118,112.63250883392226,2.594991116969454,0.2922803599060118,20,3325008,166250.4,75548.0,20,3844.8,2140.5,20,239.25,165.0,20,2.599524377641904,2.6582881485017875,20,0.2275168933217518,0.162733939660102,20,797070,3DwZyWBN31A,Reborn: My Whole Rich Family Can Hear My Mind—Now I'm Somehow the Most Spoiled Favorite in the House,16943,3DwZyWBN31A,Reborn: My Whole Rich Family Can Hear My Mind—Now I'm Somehow the Most Spoiled Favorite in the House,1205,jCMa8FP8eqo,Reborn: I Chose the Cute Heiress Instead of the Driver's Daughter—but Now She Rues,9,1.1548287181659342,False,9,1.0576967998131277,False,5,1.5454545454545454,False,"My CEO Wife & Daughter All Betrayed Me For My Half-brother, so I Wed the Sweet Heiress—Now They Rue!",False,,no_exact_separated_suffix,5c9e58b56f299715b45dcf0f737fac1b403e9c7c71303e031ac9ea403770aa60,FIRST_PERSON_NARRATOR,ROMANTIC_PARTNER,,FAMILY_MEMBER,AUTHORITY_OR_STATUS,,"[""BETRAYAL"", ""MARRIAGE"", ""REGRET""]","[""BETRAYAL"", ""MARRIAGE"", ""REGRET""]","[""FIRST_PERSON_NARRATOR"", ""ROMANTIC_PARTNER"", ""AUTHORITY_OR_STATUS"", ""FAMILY_MEMBER""]",[],BETRAYAL > MARRIAGE > REGRET,3,rule_supported_unvalidated,conservative-title-rules-v1,,1.0.1,"[{""kind"": ""events"", ""label"": ""BETRAYAL"", ""start"": 27, ""end"": 35, ""text"": ""Betrayed""}, {""kind"": ""events"", ""label"": ""MARRIAGE"", ""start"": 65, ""end"": 68, ""text"": ""Wed""}, {""kind"": ""events"", ""label"": ""REGRET"", ""start"": 96, ""end"": 99, ""text"": ""Rue""}, {""kind"": ""roles"", ""label"": ""FIRST_PERSON_NARRATOR"", ""start"": 0, ""end"": 2, ""text"": ""My""}, {""kind"": ""roles"", ""label"": ""FIRST_PERSON_NARRATOR"", ""start"": 36, ""end"": 38, ""text"": ""Me""}, {""kind"": ""roles"", ""label"": ""FIRST_PERSON_NARRATOR"", ""start"": 43, ""end"": 45, ""text"": ""My""}, {""kind"": ""roles"", ""label"": ""FIRST_PERSON_NARRATOR"", ""start"": 63, ""end"": 64, ""text"": ""I""}, {""kind"": ""roles"", ""label"": ""ROMANTIC_PARTNER"", ""start"": 0, ""end"": 11, ""text"": ""My CEO Wife""}, {""kind"": ""roles"", ""label"": ""FAMILY_MEMBER"", ""start"": 14, ""end"": 22, ""text"": ""Daughter""}, {""kind"": ""roles"", ""label"": ""FAMILY_MEMBER"", ""start"": 51, ""end"": 58, ""text"": ""brother""}, {""kind"": ""roles"", ""label"": ""AUTHORITY_OR_STATUS"", ""start"": 3, ""end"": 6, ""text"": ""CEO""}, {""kind"": ""roles"", ""label"": ""AUTHORITY_OR_STATUS"", ""start"": 79, ""end"": 86, ""text"": ""Heiress""}]","[{""kind"": ""events"", ""label"": ""BETRAYAL"", ""start"": 27, ""end"": 35, ""text"": ""Betrayed""}, {""kind"": ""events"", ""label"": ""MARRIAGE"", ""start"": 65, ""end"": 68, ""text"": ""Wed""}, {""kind"": ""events"", ""label"": ""REGRET"", ""start"": 96, ""end"": 99, ""text"": ""Rue""}]",[]
UCeLOCj__efnDzhPUu7tlOWg,Yee Lovestory,43000,245,14151407,quzxCFm07zM,"My CEO Wife Gave Me $5M to Divorce Her While I Had Amnesia, so I Chose the Sexy Heiress—Now She Rues",https://www.youtube.com/watch?v=quzxCFm07zM,2026-03-07T01:00:58Z,5879.0,0,22,0,en,en-US,72910,2182,188,2026-10-01T06:14:19.535343+00:00,2026-10-01T06:14:19.535343+00:00,1:37:59,"my ceo wife gave me $5m to divorce her while i had amnesia, so i chose the sexy heiress—now she rues",21,100,29.927307639555615,2.5785214648196404,86.15948670944087,2.992730763955562,0.257852146481964,20,3325008,166250.4,75548.0,20,3844.8,2140.5,20,239.25,165.0,20,2.599524377641904,2.6582881485017875,20,0.2275168933217518,0.162733939660102,20,797070,3DwZyWBN31A,Reborn: My Whole Rich Family Can Hear My Mind—Now I'm Somehow the Most Spoiled Favorite in the House,16943,3DwZyWBN31A,Reborn: My Whole Rich Family Can Hear My Mind—Now I'm Somehow the Most Spoiled Favorite in the House,1205,jCMa8FP8eqo,Reborn: I Chose the Cute Heiress Instead of the Driver's Daughter—but Now She Rues,12,0.9650818022978768,False,10,1.019387993459472,False,8,1.1393939393939394,False,"My CEO Wife Gave Me $5M to Divorce Her While I Had Amnesia, so I Chose the Sexy Heiress—Now She Rues",False,,no_exact_separated_suffix,9e10edfc067bf5bd2614fada7ffb64fe53468d2b248ee06487fb6e60cfef93fc,FIRST_PERSON_NARRATOR,ROMANTIC_PARTNER,,,AUTHORITY_OR_STATUS,,"[""DIVORCE"", ""REGRET""]","[""DIVORCE"", ""REGRET""]","[""FIRST_PERSON_NARRATOR"", ""ROMANTIC_PARTNER"", ""AUTHORITY_OR_STATUS""]",[],DIVORCE > REGRET,2,rule_supported_unvalidated,conservative-title-rules-v1,,1.0.1,"[{""kind"": ""events"", ""label"": ""DIVORCE"", ""start"": 27, ""end"": 34, ""text"": ""Divorce""}, {""kind"": ""events"", ""label"": ""REGRET"", ""start"": 96, ""end"": 100, ""text"": ""Rues""}, {""kind"": ""roles"", ""label"": ""FIRST_PERSON_NARRATOR"", ""start"": 0, ""end"": 2, ""text"": ""My""}, {""kind"": ""roles"", ""label"": ""FIRST_PERSON_NARRATOR"", ""start"": 17, ""end"": 19, ""text"": ""Me""}, {""kind"": ""roles"", ""label"": ""FIRST_PERSON_NARRATOR"", ""start"": 45, ""end"": 46, ""text"": ""I""}, {""kind"": ""roles"", ""label"": ""FIRST_PERSON_NARRATOR"", ""start"": 63, ""end"": 64, ""text"": ""I""}, {""kind"": ""roles"", ""label"": ""ROMANTIC_PARTNER"", ""start"": 0, ""end"": 11, ""text"": ""My CEO Wife""}, {""kind"": ""roles"", ""label"": ""AUTHORITY_OR_STATUS"", ""start"": 3, ""end"": 6, ""text"": ""CEO""}, {""kind"": ""roles"", ""label"": ""AUTHORITY_OR_STATUS"", ""start"": 80, ""end"": 87, ""text"": ""Heiress""}]","[{""kind"": ""events"", ""label"": ""DIVORCE"", ""start"": 27, ""end"": 34, ""text"": ""Divorce""}, {""kind"": ""events"", ""label"": ""REGRET"", ""start"": 96, ""end"": 100, ""text"": ""Rues""}]",[]
UCeLOCj__efnDzhPUu7tlOWg,Yee Lovestory,43000,245,14151407,ryys-jNzfMg,My 5 Sexy Fiancées All Despised Me for Being a Hick—‘til They Discovered I Was a Billionaire CEO,https://www.youtube.com/watch?v=ryys-jNzfMg,2026-03-06T01:01:00Z,8143.0,0,22,0,en,en-US,72488,2099,181,2026-10-01T06:14:19.535343+00:00,2026-10-01T06:14:19.535343+00:00,2:15:43,my 5 sexy fiancées all despised me for being a hick—‘til they discovered i was a billionaire ceo,18,96,28.956516940735018,2.496965014899017,86.23153882801334,2.8956516940735018,0.2496965014899017,20,3325008,166250.4,75548.0,20,3844.8,2140.5,20,239.25,165.0,20,2.599524377641904,2.6582881485017875,20,0.2275168933217518,0.162733939660102,20,797070,3DwZyWBN31A,Reborn: My Whole Rich Family Can Hear My Mind—Now I'm Somehow the Most Spoiled Favorite in the House,16943,3DwZyWBN31A,Reborn: My Whole Rich Family Can Hear My Mind—Now I'm Somehow the Most Spoiled Favorite in the House,1205,jCMa8FP8eqo,Reborn: I Chose the Cute Heiress Instead of the Driver's Daughter—but Now She Rues,13,0.9594959495949597,False,11,0.980612006540528,False,10,1.096969696969697,False,My 5 Sexy Fiancées All Despised Me for Being a Hick—‘til They Discovered I Was a Billionaire CEO,False,,no_exact_separated_suffix,5794dd638ae9b7f1f4860ca37f3ab1a9d5ef4f161f46933fdb454cecef5979d5,FIRST_PERSON_NARRATOR,,,,AUTHORITY_OR_STATUS,,"[""WEALTH_REVEAL""]","[""STATUS_REVEAL"", ""WEALTH_REVEAL""]","[""FIRST_PERSON_NARRATOR"", ""AUTHORITY_OR_STATUS""]",[],,1,rule_supported_unvalidated,conservative-title-rules-v1,,1.0.1,"[{""kind"": ""events"", ""label"": ""STATUS_REVEAL"", ""start"": 62, ""end"": 92, ""text"": ""Discovered I Was a Billionaire""}, {""kind"": ""events"", ""label"": ""WEALTH_REVEAL"", ""start"": 62, ""end"": 92, ""text"": ""Discovered I Was a Billionaire""}, {""kind"": ""roles"", ""label"": ""FIRST_PERSON_NARRATOR"", ""start"": 0, ""end"": 2, ""text"": ""My""}, {""kind"": ""roles"", ""label"": ""FIRST_PERSON_NARRATOR"", ""start"": 32, ""end"": 34, ""text"": ""Me""}, {""kind"": ""roles"", ""label"": ""FIRST_PERSON_NARRATOR"", ""start"": 73, ""end"": 74, ""text"": ""I""}, {""kind"": ""roles"", ""label"": ""AUTHORITY_OR_STATUS"", ""start"": 81, ""end"": 92, ""text"": ""Billionaire""}, {""kind"": ""roles"", ""label"": ""AUTHORITY_OR_STATUS"", ""start"": 93, ""end"": 96, ""text"": ""CEO""}]","[{""kind"": ""events"", ""label"": ""WEALTH_REVEAL"", ""start"": 62, ""end"": 92, ""text"": ""Discovered I Was a Billionaire""}]",[]
UC4Dp5pw1_R4gv0N-FBeyB8A,Meow's Cafe,47500,1059,48033780,t6_zHlXB39o,📕My wife brought her sick first love home and told me not to worry—so I took in my longtime crush!,https://www.youtube.com/watch?v=t6_zHlXB39o,2026-09-27T21:00:37Z,1948.0,0,1,1,en,en,27674,673,77,2026-10-01T06:14:18.684168+00:00,2026-10-01T06:14:18.684168+00:00,32:28,📕my wife brought her sick first love home and told me not to worry—so i took in my longtime crush!,20,98,24.31885524318855,2.78239502782395,114.41307578008914,2.4318855243188557,0.278239502782395,20,496895,24844.75,22779.5,20,696.4,667.0,20,84.5,77.5,20,2.9124490282749016,2.7864024707032984,20,0.3614687656163527,0.3325801098969242,20,44630,QfrpsGlVUoY,📕I called my GF my first love. The campus queen snapped—then found she'd erased all proof we dated!,1137,ox8CMjoszTQ,📕My boss GF faked amnesia and asked who I was. I said “just a coworker.” She relaxed—and so did I!,192,zXeifgaRYDM,📕An intern sent pics with my CEO wife to taunt me—I called cops at their office; one line froze them,7,1.2148642419719484,False,10,1.0089955022488757,False,11,0.9935483870967742,False,📕My wife brought her sick first love home and told me not to worry—so I took in my longtime crush!,False,,no_exact_separated_suffix,0ebabaa21081f152c77068aa196bc7c8b8a53d6d7416b35b12ba0b35e470c5b7,FIRST_PERSON_NARRATOR,ROMANTIC_PARTNER,,,,,[],[],"[""FIRST_PERSON_NARRATOR"", ""ROMANTIC_PARTNER""]",[],,0,no_event_evidence,conservative-title-rules-v1,,1.0.1,"[{""kind"": ""roles"", ""label"": ""FIRST_PERSON_NARRATOR"", ""start"": 1, ""end"": 3, ""text"": ""My""}, {""kind"": ""roles"", ""label"": ""FIRST_PERSON_NARRATOR"", ""start"": 51, ""end"": 53, ""text"": ""me""}, {""kind"": ""roles"", ""label"": ""FIRST_PERSON_NARRATOR"", ""start"": 70, ""end"": 71, ""text"": ""I""}, {""kind"": ""roles"", ""label"": ""FIRST_PERSON_NARRATOR"", ""start"": 80, ""end"": 82, ""text"": ""my""}, {""kind"": ""roles"", ""label"": ""ROMANTIC_PARTNER"", ""start"": 1, ""end"": 8, ""text"": ""My wife""}]",[],[]
UCeLOCj__efnDzhPUu7tlOWg,Yee Lovestory,43000,245,14151407,w10fgdwiuFI,Reborn: My Sexy Heiress Fiancée Overheard My Thoughts While Breaking Our Engagement—Now She Rues!,https://www.youtube.com/watch?v=w10fgdwiuFI,2026-03-03T01:01:07Z,5196.0,0,22,0,en,en-US,93773,2840,146,2026-10-01T06:14:19.535343+00:00,2026-10-01T06:14:19.535343+00:00,1:26:36,reborn: my sexy heiress fiancée overheard my thoughts while breaking our engagement—now she rues!,14,97,30.285903191750293,1.556951361266036,51.40845070422535,3.0285903191750294,0.1556951361266036,20,3325008,166250.4,75548.0,20,3844.8,2140.5,20,239.25,165.0,20,2.599524377641904,2.6582881485017875,20,0.2275168933217518,0.162733939660102,20,797070,3DwZyWBN31A,Reborn: My Whole Rich Family Can Hear My Mind—Now I'm Somehow the Most Spoiled Favorite in the House,16943,3DwZyWBN31A,Reborn: My Whole Rich Family Can Hear My Mind—Now I'm Somehow the Most Spoiled Favorite in the House,1205,jCMa8FP8eqo,Reborn: I Chose the Cute Heiress Instead of the Driver's Daughter—but Now She Rues,8,1.2412373590300207,False,7,1.3267928054192946,False,12,0.8848484848484849,False,Reborn: My Sexy Heiress Fiancée Overheard My Thoughts While Breaking Our Engagement—Now She Rues!,False,,no_exact_separated_suffix,7fae5954c7ebe386b9daa178ca7c1c1703fc1d2377f1e6dd8554dfa7e5b44ffd,FIRST_PERSON_NARRATOR,,,,AUTHORITY_OR_STATUS,,"[""REBIRTH"", ""THOUGHTS_EXPOSED"", ""ROMANTIC_REJECTION"", ""REGRET""]","[""REBIRTH"", ""THOUGHTS_EXPOSED"", ""ROMANTIC_REJECTION"", ""REGRET""]","[""FIRST_PERSON_NARRATOR"", ""AUTHORITY_OR_STATUS""]",[],REBIRTH > THOUGHTS_EXPOSED > ROMANTIC_REJECTION > REGRET,4,rule_supported_unvalidated,conservative-title-rules-v1,,1.0.1,"[{""kind"": ""events"", ""label"": ""ROMANTIC_REJECTION"", ""start"": 60, ""end"": 83, ""text"": ""Breaking Our Engagement""}, {""kind"": ""events"", ""label"": ""REBIRTH"", ""start"": 0, ""end"": 6, ""text"": ""Reborn""}, {""kind"": ""events"", ""label"": ""REGRET"", ""start"": 92, ""end"": 96, ""text"": ""Rues""}, {""kind"": ""events"", ""label"": ""THOUGHTS_EXPOSED"", ""start"": 32, ""end"": 53, ""text"": ""Overheard My Thoughts""}, {""kind"": ""roles"", ""label"": ""FIRST_PERSON_NARRATOR"", ""start"": 8, ""end"": 10, ""text"": ""My""}, {""kind"": ""roles"", ""label"": ""FIRST_PERSON_NARRATOR"", ""start"": 42, ""end"": 44, ""text"": ""My""}, {""kind"": ""roles"", ""label"": ""AUTHORITY_OR_STATUS"", ""start"": 16, ""end"": 23, ""text"": ""Heiress""}]","[{""kind"": ""events"", ""label"": ""REBIRTH"", ""start"": 0, ""end"": 6, ""text"": ""Reborn""}, {""kind"": ""events"", ""label"": ""THOUGHTS_EXPOSED"", ""start"": 32, ""end"": 53, ""text"": ""Overheard My Thoughts""}, {""kind"": ""events"", ""label"": ""ROMANTIC_REJECTION"", ""start"": 60, ""end"": 83, ""text"": ""Breaking Our Engagement""}, {""kind"": ""events"", ""label"": ""REGRET"", ""start"": 92, ""end"": 96, ""text"": ""Rues""}]",[]
UChIHuKSI-djAtbWK9mvHSww,Jinwoo Recap,41300,191,15216068,wUPj55kldak,Zero Tolerance For Drama - Jinwoo Recap,https://www.youtube.com/watch?v=wUPj55kldak,2026-09-12T17:34:33Z,5982.0,0,1,0,en-US,en,42625,1234,76,2026-10-01T06:14:17.701864+00:00,2026-10-01T06:14:17.701864+00:00,1:39:42,zero tolerance for drama - jinwoo recap,7,39,28.95014662756598,1.782991202346041,61.58833063209076,2.8950146627565982,0.1782991202346041,20,540758,27037.9,22004.0,20,584.45,451.0,20,34.7,30.5,20,2.196591829543256,2.1913914131384487,20,0.1431061431342918,0.1485057134194587,20,78380,eC75umB-SHs,I Have A Gossip System - Jinwoo Recap,1612,eC75umB-SHs,I Have A Gossip System - Jinwoo Recap,76,wUPj55kldak,Zero Tolerance For Drama - Jinwoo Recap,4,1.9371477913106707,False,3,2.7361419068736144,False,1,2.4918032786885247,False,Zero Tolerance For Drama,True, - Jinwoo Recap,exact_channel_suffix_with_separator,77fe9df97594dee945480a0c79e8ddffe88cf781154f10ada05a24eb6f8f4615,,,,,,,[],[],[],[],,0,no_event_evidence,conservative-title-rules-v1,,1.0.1,[],[],[]
UChIHuKSI-djAtbWK9mvHSww,Jinwoo Recap,41300,191,15216068,xHswmBIZeU4,My Parents' 7-Year Cold Marriage Shocked Everyone When Mom Chose The Fake Son! - Jinwoo Recap,https://www.youtube.com/watch?v=xHswmBIZeU4,2026-09-30T17:36:17Z,5610.0,0,1,0,en-US,en,7527,184,14,2026-10-01T06:14:17.701864+00:00,2026-10-01T06:14:17.701864+00:00,1:33:30,my parents' 7-year cold marriage shocked everyone when mom chose the fake son! - jinwoo recap,16,93,24.44533014481201,1.8599707718878704,76.08695652173914,2.444533014481201,0.185997077188787,20,540758,27037.9,22004.0,20,584.45,451.0,20,34.7,30.5,20,2.196591829543256,2.1913914131384487,20,0.1431061431342918,0.1485057134194587,20,78380,eC75umB-SHs,I Have A Gossip System - Jinwoo Recap,1612,eC75umB-SHs,I Have A Gossip System - Jinwoo Recap,76,wUPj55kldak,Zero Tolerance For Drama - Jinwoo Recap,20,0.3420741683330303,False,20,0.4079822616407982,False,19,0.4590163934426229,False,My Parents' 7-Year Cold Marriage Shocked Everyone When Mom Chose The Fake Son!,True, - Jinwoo Recap,exact_channel_suffix_with_separator,702d80b1e0a0618f77902247fe544edb34acb2c6cee6fbea32209cb021a65dc8,FIRST_PERSON_NARRATOR,,,FAMILY_MEMBER,,,"[""MARRIAGE""]","[""MARRIAGE""]","[""FIRST_PERSON_NARRATOR"", ""FAMILY_MEMBER""]",[],,1,rule_supported_unvalidated,conservative-title-rules-v1,,1.0.1,"[{""kind"": ""events"", ""label"": ""MARRIAGE"", ""start"": 24, ""end"": 32, ""text"": ""Marriage""}, {""kind"": ""roles"", ""label"": ""FIRST_PERSON_NARRATOR"", ""start"": 0, ""end"": 2, ""text"": ""My""}, {""kind"": ""roles"", ""label"": ""FAMILY_MEMBER"", ""start"": 3, ""end"": 10, ""text"": ""Parents""}, {""kind"": ""roles"", ""label"": ""FAMILY_MEMBER"", ""start"": 55, ""end"": 58, ""text"": ""Mom""}, {""kind"": ""roles"", ""label"": ""FAMILY_MEMBER"", ""start"": 74, ""end"": 77, ""text"": ""Son""}]","[{""kind"": ""events"", ""label"": ""MARRIAGE"", ""start"": 24, ""end"": 32, ""text"": ""Marriage""}]",[]
UChIHuKSI-djAtbWK9mvHSww,Jinwoo Recap,41300,191,15216068,y5eUE0-4l3o,My Wife Skipped Our Son's Funeral For Her Ex - Jinwoo Recap,https://www.youtube.com/watch?v=y5eUE0-4l3o,2026-09-16T17:34:31Z,5368.0,0,1,0,en-US,en,20783,385,39,2026-10-01T06:14:17.701864+00:00,2026-10-01T06:14:17.701864+00:00,1:29:28,my wife skipped our son's funeral for her ex - jinwoo recap,12,59,18.52475581003705,1.8765337054323243,101.2987012987013,1.8524755810037048,0.1876533705432324,20,540758,27037.9,22004.0,20,584.45,451.0,20,34.7,30.5,20,2.196591829543256,2.1913914131384487,20,0.1431061431342918,0.1485057134194587,20,78380,eC75umB-SHs,I Have A Gossip System - Jinwoo Recap,1612,eC75umB-SHs,I Have A Gossip System - Jinwoo Recap,76,wUPj55kldak,Zero Tolerance For Drama - Jinwoo Recap,11,0.9445100890747136,False,11,0.8536585365853658,False,6,1.278688524590164,False,My Wife Skipped Our Son's Funeral For Her Ex,True, - Jinwoo Recap,exact_channel_suffix_with_separator,6718dcf78f02a04589fb37449b140bfcc79544327e5f1571b9f218b74c2eb9c5,FIRST_PERSON_NARRATOR,ROMANTIC_PARTNER,,FAMILY_MEMBER,,,[],[],"[""FIRST_PERSON_NARRATOR"", ""ROMANTIC_PARTNER"", ""FAMILY_MEMBER""]",[],,0,no_event_evidence,conservative-title-rules-v1,,1.0.1,"[{""kind"": ""roles"", ""label"": ""FIRST_PERSON_NARRATOR"", ""start"": 0, ""end"": 2, ""text"": ""My""}, {""kind"": ""roles"", ""label"": ""ROMANTIC_PARTNER"", ""start"": 0, ""end"": 7, ""text"": ""My Wife""}, {""kind"": ""roles"", ""label"": ""FAMILY_MEMBER"", ""start"": 20, ""end"": 23, ""text"": ""Son""}]",[],[]
UCHPA4fgVIFf4Wfae6-f5qNQ,Hein Recap,9290,119,3026852,y7dcODn9qyU,The Empty Ring Box - Hein Recap,https://www.youtube.com/watch?v=y7dcODn9qyU,2026-09-15T17:01:35Z,2334.0,0,1,0,en,en,9894,304,13,2026-10-01T06:14:16.896069+00:00,2026-10-01T06:14:16.896069+00:00,38:54,the empty ring box - hein recap,7,31,30.725692338791184,1.3139276329088336,42.76315789473684,3.0725692338791184,0.1313927632908833,20,417327,20866.35,11582.0,20,544.2,326.5,20,27.45,22.0,20,2.764269455233001,2.7864566805098296,20,0.1704447084872326,0.1644883012290921,20,89901,KM6YKFEZ6AI,Leaving The Traitorous Family To Despair! - Hein Recap,1975,KM6YKFEZ6AI,Leaving The Traitorous Family To Despair! - Hein Recap,82,K2iI10BMw98,I Let The Nation Extract My Memories - Hein Recap,14,0.8542566050768434,False,12,0.9310872894333844,False,16,0.5909090909090909,False,The Empty Ring Box,True, - Hein Recap,exact_channel_suffix_with_separator,b0ed0513be2f8eb4e48fa41d126041e4b91fc946babfff3fb870e981f936dd96,,,,,,,[],[],[],[],,0,no_event_evidence,conservative-title-rules-v1,,1.0.1,[],[],[]
UCeLOCj__efnDzhPUu7tlOWg,Yee Lovestory,43000,245,14151407,yni_4Y1YCpU,"My Heiress Fiancée Called Off Our Wedding for Her Crush, so I Married Her Sexy Sister—Now She Rues!",https://www.youtube.com/watch?v=yni_4Y1YCpU,2026-03-12T00:01:15Z,6550.0,0,22,0,en,en-US,50610,1367,139,2026-10-01T06:14:19.535343+00:00,2026-10-01T06:14:19.535343+00:00,1:49:10,"my heiress fiancée called off our wedding for her crush, so i married her sexy sister—now she rues!",18,99,27.010472238688006,2.7464927879865635,101.68251645940016,2.701047223868801,0.2746492787986563,20,3325008,166250.4,75548.0,20,3844.8,2140.5,20,239.25,165.0,20,2.599524377641904,2.6582881485017875,20,0.2275168933217518,0.162733939660102,20,797070,3DwZyWBN31A,Reborn: My Whole Rich Family Can Hear My Mind—Now I'm Somehow the Most Spoiled Favorite in the House,16943,3DwZyWBN31A,Reborn: My Whole Rich Family Can Hear My Mind—Now I'm Somehow the Most Spoiled Favorite in the House,1205,jCMa8FP8eqo,Reborn: I Chose the Cute Heiress Instead of the Driver's Daughter—but Now She Rues,17,0.6699052258166993,False,17,0.6386358327493576,False,14,0.8424242424242424,False,"My Heiress Fiancée Called Off Our Wedding for Her Crush, so I Married Her Sexy Sister—Now She Rues!",False,,no_exact_separated_suffix,1bfbfab09e8971280ccfd4bc30e6b15359c3246de180f7463b869bb49c31d352,FIRST_PERSON_NARRATOR,ROMANTIC_PARTNER,,FAMILY_MEMBER,AUTHORITY_OR_STATUS,,"[""ROMANTIC_REJECTION"", ""REPLACEMENT_RELATIONSHIP"", ""REGRET""]","[""ROMANTIC_REJECTION"", ""REPLACEMENT_RELATIONSHIP"", ""MARRIAGE"", ""REGRET""]","[""FIRST_PERSON_NARRATOR"", ""ROMANTIC_PARTNER"", ""AUTHORITY_OR_STATUS"", ""PARTNER_RELATIVE"", ""FAMILY_MEMBER""]","[""PROTAGONIST_CHOOSES_PARTNER_RELATIVE""]",ROMANTIC_REJECTION > REPLACEMENT_RELATIONSHIP > REGRET,3,rule_supported_unvalidated,conservative-title-rules-v1,,1.0.1,"[{""kind"": ""events"", ""label"": ""ROMANTIC_REJECTION"", ""start"": 19, ""end"": 41, ""text"": ""Called Off Our Wedding""}, {""kind"": ""events"", ""label"": ""REPLACEMENT_RELATIONSHIP"", ""start"": 60, ""end"": 85, ""text"": ""I Married Her Sexy Sister""}, {""kind"": ""events"", ""label"": ""MARRIAGE"", ""start"": 62, ""end"": 69, ""text"": ""Married""}, {""kind"": ""events"", ""label"": ""REGRET"", ""start"": 94, ""end"": 98, ""text"": ""Rues""}, {""kind"": ""roles"", ""label"": ""FIRST_PERSON_NARRATOR"", ""start"": 0, ""end"": 2, ""text"": ""My""}, {""kind"": ""roles"", ""label"": ""FIRST_PERSON_NARRATOR"", ""start"": 60, ""end"": 61, ""text"": ""I""}, {""kind"": ""roles"", ""label"": ""ROMANTIC_PARTNER"", ""start"": 0, ""end"": 18, ""text"": ""My Heiress Fiancée""}, {""kind"": ""roles"", ""label"": ""FAMILY_MEMBER"", ""start"": 79, ""end"": 85, ""text"": ""Sister""}, {""kind"": ""roles"", ""label"": ""AUTHORITY_OR_STATUS"", ""start"": 3, ""end"": 10, ""text"": ""Heiress""}, {""kind"": ""roles"", ""label"": ""PARTNER_RELATIVE"", ""start"": 70, ""end"": 85, ""text"": ""Her Sexy Sister""}, {""kind"": ""relations"", ""label"": ""PROTAGONIST_CHOOSES_PARTNER_RELATIVE"", ""start"": 60, ""end"": 85, ""text"": ""I Married Her Sexy Sister""}]","[{""kind"": ""events"", ""label"": ""ROMANTIC_REJECTION"", ""start"": 19, ""end"": 41, ""text"": ""Called Off Our Wedding""}, {""kind"": ""events"", ""label"": ""REPLACEMENT_RELATIONSHIP"", ""start"": 60, ""end"": 85, ""text"": ""I Married Her Sexy Sister""}, {""kind"": ""events"", ""label"": ""REGRET"", ""start"": 94, ""end"": 98, ""text"": ""Rues""}]",[]
UC4Dp5pw1_R4gv0N-FBeyB8A,Meow's Cafe,47500,1059,48033780,zXeifgaRYDM,📕An intern sent pics with my CEO wife to taunt me—I called cops at their office; one line froze them,https://www.youtube.com/watch?v=zXeifgaRYDM,2026-09-20T14:00:27Z,6015.0,0,1,1,en,en,22875,931,192,2026-10-01T06:14:18.684168+00:00,2026-10-01T06:14:18.684168+00:00,1:40:15,📕an intern sent pics with my ceo wife to taunt me—i called cops at their office; one line froze them,20,100,40.69945355191257,8.39344262295082,206.22986036519876,4.0699453551912566,0.8393442622950821,20,496895,24844.75,22779.5,20,696.4,667.0,20,84.5,77.5,20,2.9124490282749016,2.7864024707032984,20,0.3614687656163527,0.3325801098969242,20,44630,QfrpsGlVUoY,📕I called my GF my first love. The campus queen snapped—then found she'd erased all proof we dated!,1137,ox8CMjoszTQ,📕My boss GF faked amnesia and asked who I was. I said “just a coworker.” She relaxed—and so did I!,192,zXeifgaRYDM,📕An intern sent pics with my CEO wife to taunt me—I called cops at their office; one line froze them,10,1.004192365943063,False,5,1.3958020989505249,False,1,2.47741935483871,False,📕An intern sent pics with my CEO wife to taunt me—I called cops at their office; one line froze them,False,,no_exact_separated_suffix,4c1bb46ba130b01afaf2557524b3dab5966d22203da4efb1ef4b02e2600566a5,FIRST_PERSON_NARRATOR,ROMANTIC_PARTNER,,,AUTHORITY_OR_STATUS,,"[""HUMILIATION""]","[""HUMILIATION""]","[""FIRST_PERSON_NARRATOR"", ""ROMANTIC_PARTNER"", ""AUTHORITY_OR_STATUS""]",[],,1,rule_supported_unvalidated,conservative-title-rules-v1,,1.0.1,"[{""kind"": ""events"", ""label"": ""HUMILIATION"", ""start"": 41, ""end"": 46, ""text"": ""taunt""}, {""kind"": ""roles"", ""label"": ""FIRST_PERSON_NARRATOR"", ""start"": 26, ""end"": 28, ""text"": ""my""}, {""kind"": ""roles"", ""label"": ""FIRST_PERSON_NARRATOR"", ""start"": 47, ""end"": 49, ""text"": ""me""}, {""kind"": ""roles"", ""label"": ""FIRST_PERSON_NARRATOR"", ""start"": 50, ""end"": 51, ""text"": ""I""}, {""kind"": ""roles"", ""label"": ""ROMANTIC_PARTNER"", ""start"": 26, ""end"": 37, ""text"": ""my CEO wife""}, {""kind"": ""roles"", ""label"": ""AUTHORITY_OR_STATUS"", ""start"": 29, ""end"": 32, ""text"": ""CEO""}]","[{""kind"": ""events"", ""label"": ""HUMILIATION"", ""start"": 41, ""end"": 46, ""text"": ""taunt""}]",[]
UChIHuKSI-djAtbWK9mvHSww,Jinwoo Recap,41300,191,15216068,zgxcHXJIUJ4,My Innocent Students Turned Into Demon Lords - Jinwoo Reca[,https://www.youtube.com/watch?v=zgxcHXJIUJ4,2026-09-18T17:38:30Z,11453.0,0,1,0,en-US,en,30611,548,28,2026-10-01T06:14:17.701864+00:00,2026-10-01T06:14:17.701864+00:00,3:10:53,my innocent students turned into demon lords - jinwoo reca[,10,59,17.90206135049492,0.914703864623828,51.09489051094891,1.7902061350494922,0.0914703864623828,20,540758,27037.9,22004.0,20,584.45,451.0,20,34.7,30.5,20,2.196591829543256,2.1913914131384487,20,0.1431061431342918,0.1485057134194587,20,78380,eC75umB-SHs,I Have A Gossip System - Jinwoo Recap,1612,eC75umB-SHs,I Have A Gossip System - Jinwoo Recap,76,wUPj55kldak,Zero Tolerance For Drama - Jinwoo Recap,5,1.3911561534266497,False,7,1.2150776053215078,False,12,0.918032786885246,False,My Innocent Students Turned Into Demon Lords - Jinwoo Reca[,False,,no_exact_separated_suffix,2592df6ad5a6d793717b29aed9306ecce72a6389d9ea5e4b2399d32237e41b59,FIRST_PERSON_NARRATOR,,,,,,[],[],"[""FIRST_PERSON_NARRATOR""]",[],,0,no_event_evidence,conservative-title-rules-v1,,1.0.1,"[{""kind"": ""roles"", ""label"": ""FIRST_PERSON_NARRATOR"", ""start"": 0, ""end"": 2, ""text"": ""My""}]",[],[]
