video_id,channel_id,channel_title,title,description,published_at,duration_iso8601,view_count,like_count,comment_count,favorite_count,category_id,tags_json,default_language,default_audio_language,caption_available,live_broadcast_content,thumbnail_default,thumbnail_medium,thumbnail_high,privacy_status,raw_video_json,first_collected_at,last_refreshed_at,duration_seconds,age_days,likes_per_1000_views,comments_per_1000_views,short_candidate,format_guess
etDjkgcRGNo,UC4Dp5pw1_R4gv0N-FBeyB8A,Meow's Cafe,"📕The college girl I kept said she was shy—I caught her with another guy. Fine, her roomie’s my type","📖 Story Synopsis:
I was raising a beautiful college girl, but she insisted on playing hard to get.
 She said relationships should develop slowly.
I thought she was just young and shy.
Until I saw her hanging all over another man—
Oh, so it wasn’t shyness.
 She was just afraid of getting caught juggling guys.
Fine. I’ll switch targets.
 Her roommate is prettier than her anyway.”",2026-09-30T21:01:01Z,PT50M45S,8156,309,30,0,1,,en,en,1,none,https://i.ytimg.com/vi/etDjkgcRGNo/default.jpg,https://i.ytimg.com/vi/etDjkgcRGNo/mqdefault.jpg,https://i.ytimg.com/vi/etDjkgcRGNo/hqdefault.jpg,public,"{""kind"": ""youtube#video"", ""etag"": ""0qMCg1gpcTv3nef-dbgSilGl8Q8"", ""id"": ""etDjkgcRGNo"", ""snippet"": {""publishedAt"": ""2026-09-30T21:01:01Z"", ""channelId"": ""UC4Dp5pw1_R4gv0N-FBeyB8A"", ""title"": ""📕The college girl I kept said she was shy—I caught her with another guy. Fine, her roomie’s my type"", ""description"": ""📖 Story Synopsis:\nI was raising a beautiful college girl, but she insisted on playing hard to get.\n She said relationships should develop slowly.\nI thought she was just young and shy.\nUntil I saw her hanging all over another man—\nOh, so it wasn’t shyness.\n She was just afraid of getting caught juggling guys.\nFine. I’ll switch targets.\n Her roommate is prettier than her anyway.”"", ""thumbnails"": {""default"": {""url"": ""https://i.ytimg.com/vi/etDjkgcRGNo/default.jpg"", ""width"": 120, ""height"": 90}, ""medium"": {""url"": ""https://i.ytimg.com/vi/etDjkgcRGNo/mqdefault.jpg"", ""width"": 320, ""height"": 180}, ""high"": {""url"": ""https://i.ytimg.com/vi/etDjkgcRGNo/hqdefault.jpg"", ""width"": 480, ""height"": 360}, ""standard"": {""url"": ""https://i.ytimg.com/vi/etDjkgcRGNo/sddefault.jpg"", ""width"": 640, ""height"": 480}, ""maxres"": {""url"": ""https://i.ytimg.com/vi/etDjkgcRGNo/maxresdefault.jpg"", ""width"": 1280, ""height"": 720}}, ""channelTitle"": ""Meow's Cafe"", ""categoryId"": ""1"", ""liveBroadcastContent"": ""none"", ""defaultLanguage"": ""en"", ""localized"": {""title"": ""📕The college girl I kept said she was shy—I caught her with another guy. Fine, her roomie’s my type"", ""description"": ""📖 Story Synopsis:\nI was raising a beautiful college girl, but she insisted on playing hard to get.\n She said relationships should develop slowly.\nI thought she was just young and shy.\nUntil I saw her hanging all over another man—\nOh, so it wasn’t shyness.\n She was just afraid of getting caught juggling guys.\nFine. I’ll switch targets.\n Her roommate is prettier than her anyway.”""}, ""defaultAudioLanguage"": ""en""}, ""contentDetails"": {""duration"": ""PT50M45S"", ""dimension"": ""2d"", ""definition"": ""hd"", ""caption"": ""true"", ""licensedContent"": true, ""contentRating"": {}, ""projection"": ""rectangular""}, ""status"": {""uploadStatus"": ""processed"", ""privacyStatus"": ""public"", ""license"": ""creativeCommon"", ""embeddable"": true, ""publicStatsViewable"": true, ""madeForKids"": false}, ""statistics"": {""viewCount"": ""8156"", ""likeCount"": ""309"", ""favoriteCount"": ""0"", ""commentCount"": ""30""}}",2026-10-01T06:14:18.684168+00:00,2026-10-01T06:14:18.684168+00:00,3045.0,0.3842324556481481,37.88621873467386,3.678273663560569,0,over_180_seconds
5a5Js5uVK5M,UC4Dp5pw1_R4gv0N-FBeyB8A,Meow's Cafe,"📕Once I learned the plot, I let my wife see her first love—even told her to dress sexier. She froze!","📖 Story Synopsis:
By the time I awakened, the story hadn't even made it out of the tutorial stage.
The ML was still a delivery guy.
He hadn't met the female lead yet.
I was a delivery guy too.
And I hadn't reunited with my billionaire father yet.
After six months of delivering takeout, I suddenly awakened.
That's when I realized I was living inside a sweet romance novel.
And my role?
The vicious second ML.
Tomorrow, I would reunite with my wealthy father.
After that, following the grand tradition of rich families, I'd enter an arranged marriage with a wealthy heiress I had zero feelings for.
Then I'd get cheated on.
Meanwhile, the ML would marry the beautiful, rich female lead and reach the pinnacle of life.
Every day, he'd flaunt their relationship right in front of me until I completely lost it.
I'd spend years trying every dirty trick imaginable to break them up.
In the end, I'd get thrown in jail.
And the ML and female lead would happily welcome a pair of twins.
For fuck's sake...
What kind of sadistic author wrote this garbage?
I'm a rich second-generation heir with all the money and free time in the world.
Why the hell would I give up a life of luxury just to sabotage the leads?
According to the plot, my father would take me back into the family.
Then I'd marry the daughter of the Liu family and smoothly land a cushy position at Liu Group.
But for the rest of the story?
I chose a different path.
She could do her thing.
I'd do mine.
And we'd each enjoy our lives.
When Willow Liu said she was going to meet her crush, I even suggested she wear something a little more revealing.
I told her,
""Mr Ito likes bold girls. Trust me. Wear that black lace camisole.""",2026-09-29T21:00:03Z,PT39M11S,22684,620,76,0,1,,en,en,1,none,https://i.ytimg.com/vi/5a5Js5uVK5M/default.jpg,https://i.ytimg.com/vi/5a5Js5uVK5M/mqdefault.jpg,https://i.ytimg.com/vi/5a5Js5uVK5M/hqdefault.jpg,public,"{""kind"": ""youtube#video"", ""etag"": ""BgT2INAU1qPj0w5hAi3p1lxieWY"", ""id"": ""5a5Js5uVK5M"", ""snippet"": {""publishedAt"": ""2026-09-29T21:00:03Z"", ""channelId"": ""UC4Dp5pw1_R4gv0N-FBeyB8A"", ""title"": ""📕Once I learned the plot, I let my wife see her first love—even told her to dress sexier. She froze!"", ""description"": ""📖 Story Synopsis:\nBy the time I awakened, the story hadn't even made it out of the tutorial stage.\nThe ML was still a delivery guy.\nHe hadn't met the female lead yet.\nI was a delivery guy too.\nAnd I hadn't reunited with my billionaire father yet.\nAfter six months of delivering takeout, I suddenly awakened.\nThat's when I realized I was living inside a sweet romance novel.\nAnd my role?\nThe vicious second ML.\nTomorrow, I would reunite with my wealthy father.\nAfter that, following the grand tradition of rich families, I'd enter an arranged marriage with a wealthy heiress I had zero feelings for.\nThen I'd get cheated on.\nMeanwhile, the ML would marry the beautiful, rich female lead and reach the pinnacle of life.\nEvery day, he'd flaunt their relationship right in front of me until I completely lost it.\nI'd spend years trying every dirty trick imaginable to break them up.\nIn the end, I'd get thrown in jail.\nAnd the ML and female lead would happily welcome a pair of twins.\nFor fuck's sake...\nWhat kind of sadistic author wrote this garbage?\nI'm a rich second-generation heir with all the money and free time in the world.\nWhy the hell would I give up a life of luxury just to sabotage the leads?\nAccording to the plot, my father would take me back into the family.\nThen I'd marry the daughter of the Liu family and smoothly land a cushy position at Liu Group.\nBut for the rest of the story?\nI chose a different path.\nShe could do her thing.\nI'd do mine.\nAnd we'd each enjoy our lives.\nWhen Willow Liu said she was going to meet her crush, I even suggested she wear something a little more revealing.\nI told her,\n\""Mr Ito likes bold girls. Trust me. Wear that black lace camisole.\"""", ""thumbnails"": {""default"": {""url"": ""https://i.ytimg.com/vi/5a5Js5uVK5M/default.jpg"", ""width"": 120, ""height"": 90}, ""medium"": {""url"": ""https://i.ytimg.com/vi/5a5Js5uVK5M/mqdefault.jpg"", ""width"": 320, ""height"": 180}, ""high"": {""url"": ""https://i.ytimg.com/vi/5a5Js5uVK5M/hqdefault.jpg"", ""width"": 480, ""height"": 360}, ""standard"": {""url"": ""https://i.ytimg.com/vi/5a5Js5uVK5M/sddefault.jpg"", ""width"": 640, ""height"": 480}, ""maxres"": {""url"": ""https://i.ytimg.com/vi/5a5Js5uVK5M/maxresdefault.jpg"", ""width"": 1280, ""height"": 720}}, ""channelTitle"": ""Meow's Cafe"", ""categoryId"": ""1"", ""liveBroadcastContent"": ""none"", ""defaultLanguage"": ""en"", ""localized"": {""title"": ""📕Once I learned the plot, I let my wife see her first love—even told her to dress sexier. She froze!"", ""description"": ""📖 Story Synopsis:\nBy the time I awakened, the story hadn't even made it out of the tutorial stage.\nThe ML was still a delivery guy.\nHe hadn't met the female lead yet.\nI was a delivery guy too.\nAnd I hadn't reunited with my billionaire father yet.\nAfter six months of delivering takeout, I suddenly awakened.\nThat's when I realized I was living inside a sweet romance novel.\nAnd my role?\nThe vicious second ML.\nTomorrow, I would reunite with my wealthy father.\nAfter that, following the grand tradition of rich families, I'd enter an arranged marriage with a wealthy heiress I had zero feelings for.\nThen I'd get cheated on.\nMeanwhile, the ML would marry the beautiful, rich female lead and reach the pinnacle of life.\nEvery day, he'd flaunt their relationship right in front of me until I completely lost it.\nI'd spend years trying every dirty trick imaginable to break them up.\nIn the end, I'd get thrown in jail.\nAnd the ML and female lead would happily welcome a pair of twins.\nFor fuck's sake...\nWhat kind of sadistic author wrote this garbage?\nI'm a rich second-generation heir with all the money and free time in the world.\nWhy the hell would I give up a life of luxury just to sabotage the leads?\nAccording to the plot, my father would take me back into the family.\nThen I'd marry the daughter of the Liu family and smoothly land a cushy position at Liu Group.\nBut for the rest of the story?\nI chose a different path.\nShe could do her thing.\nI'd do mine.\nAnd we'd each enjoy our lives.\nWhen Willow Liu said she was going to meet her crush, I even suggested she wear something a little more revealing.\nI told her,\n\""Mr Ito likes bold girls. Trust me. Wear that black lace camisole.\""""}, ""defaultAudioLanguage"": ""en""}, ""contentDetails"": {""duration"": ""PT39M11S"", ""dimension"": ""2d"", ""definition"": ""hd"", ""caption"": ""true"", ""licensedContent"": true, ""contentRating"": {}, ""projection"": ""rectangular""}, ""status"": {""uploadStatus"": ""processed"", ""privacyStatus"": ""public"", ""license"": ""creativeCommon"", ""embeddable"": true, ""publicStatsViewable"": true, ""madeForKids"": false}, ""statistics"": {""viewCount"": ""22684"", ""likeCount"": ""620"", ""favoriteCount"": ""0"", ""commentCount"": ""76""}}",2026-10-01T06:14:18.684168+00:00,2026-10-01T06:14:18.684168+00:00,2351.0,1.3849037519444445,27.33204020454946,3.3503791218479986,0,over_180_seconds
5FY8SsRjahk,UC4Dp5pw1_R4gv0N-FBeyB8A,Meow's Cafe,📕I charged my wife every time her fl taunted me—then she panicked when our daughter and I moved on!,"📖 Story Synopsis:
My wife’s first love—the man she had always put on a pedestal—came back from overseas.
And she wanted our daughter and me to move out so he could move in.
I used to think ridiculous things like this only happened in novels.
Now I’ve realized that apparently, the whole damn world is one giant novel.
First, my wife started blatantly favoring him. Then she began missing more and more of the important moments in our daughter’s life.
I seriously wondered if the man had put some kind of spell on her.
But I honestly couldn’t care less.
Because every time that pretentious homewrecker tried to provoke me, I used it as an excuse to get another fat payout from my wife.
Why waste my energy obsessing over love and jealousy when I could keep my bank account nice and full?
When my daughter and I happily took her money and traveled around the world, my wife finally couldn’t take it anymore.
“Do you two seriously not care how I’m doing back home?”
I told her that kind of concern was an add-on service.
And add-ons cost extra.",2026-09-28T21:00:34Z,PT41M38S,18484,730,73,0,1,,en,en,1,none,https://i.ytimg.com/vi/5FY8SsRjahk/default.jpg,https://i.ytimg.com/vi/5FY8SsRjahk/mqdefault.jpg,https://i.ytimg.com/vi/5FY8SsRjahk/hqdefault.jpg,public,"{""kind"": ""youtube#video"", ""etag"": ""1zV_rHNMC8LX1ysL0hJNk3GKeIo"", ""id"": ""5FY8SsRjahk"", ""snippet"": {""publishedAt"": ""2026-09-28T21:00:34Z"", ""channelId"": ""UC4Dp5pw1_R4gv0N-FBeyB8A"", ""title"": ""📕I charged my wife every time her fl taunted me—then she panicked when our daughter and I moved on!"", ""description"": ""📖 Story Synopsis:\nMy wife’s first love—the man she had always put on a pedestal—came back from overseas.\nAnd she wanted our daughter and me to move out so he could move in.\nI used to think ridiculous things like this only happened in novels.\nNow I’ve realized that apparently, the whole damn world is one giant novel.\nFirst, my wife started blatantly favoring him. Then she began missing more and more of the important moments in our daughter’s life.\nI seriously wondered if the man had put some kind of spell on her.\nBut I honestly couldn’t care less.\nBecause every time that pretentious homewrecker tried to provoke me, I used it as an excuse to get another fat payout from my wife.\nWhy waste my energy obsessing over love and jealousy when I could keep my bank account nice and full?\nWhen my daughter and I happily took her money and traveled around the world, my wife finally couldn’t take it anymore.\n“Do you two seriously not care how I’m doing back home?”\nI told her that kind of concern was an add-on service.\nAnd add-ons cost extra."", ""thumbnails"": {""default"": {""url"": ""https://i.ytimg.com/vi/5FY8SsRjahk/default.jpg"", ""width"": 120, ""height"": 90}, ""medium"": {""url"": ""https://i.ytimg.com/vi/5FY8SsRjahk/mqdefault.jpg"", ""width"": 320, ""height"": 180}, ""high"": {""url"": ""https://i.ytimg.com/vi/5FY8SsRjahk/hqdefault.jpg"", ""width"": 480, ""height"": 360}, ""standard"": {""url"": ""https://i.ytimg.com/vi/5FY8SsRjahk/sddefault.jpg"", ""width"": 640, ""height"": 480}, ""maxres"": {""url"": ""https://i.ytimg.com/vi/5FY8SsRjahk/maxresdefault.jpg"", ""width"": 1280, ""height"": 720}}, ""channelTitle"": ""Meow's Cafe"", ""categoryId"": ""1"", ""liveBroadcastContent"": ""none"", ""defaultLanguage"": ""en"", ""localized"": {""title"": ""📕I charged my wife every time her fl taunted me—then she panicked when our daughter and I moved on!"", ""description"": ""📖 Story Synopsis:\nMy wife’s first love—the man she had always put on a pedestal—came back from overseas.\nAnd she wanted our daughter and me to move out so he could move in.\nI used to think ridiculous things like this only happened in novels.\nNow I’ve realized that apparently, the whole damn world is one giant novel.\nFirst, my wife started blatantly favoring him. Then she began missing more and more of the important moments in our daughter’s life.\nI seriously wondered if the man had put some kind of spell on her.\nBut I honestly couldn’t care less.\nBecause every time that pretentious homewrecker tried to provoke me, I used it as an excuse to get another fat payout from my wife.\nWhy waste my energy obsessing over love and jealousy when I could keep my bank account nice and full?\nWhen my daughter and I happily took her money and traveled around the world, my wife finally couldn’t take it anymore.\n“Do you two seriously not care how I’m doing back home?”\nI told her that kind of concern was an add-on service.\nAnd add-ons cost extra.""}, ""defaultAudioLanguage"": ""en""}, ""contentDetails"": {""duration"": ""PT41M38S"", ""dimension"": ""2d"", ""definition"": ""hd"", ""caption"": ""true"", ""licensedContent"": true, ""contentRating"": {}, ""projection"": ""rectangular""}, ""status"": {""uploadStatus"": ""processed"", ""privacyStatus"": ""public"", ""license"": ""creativeCommon"", ""embeddable"": true, ""publicStatsViewable"": true, ""madeForKids"": false}, ""statistics"": {""viewCount"": ""18484"", ""likeCount"": ""730"", ""favoriteCount"": ""0"", ""commentCount"": ""73""}}",2026-10-01T06:14:18.684168+00:00,2026-10-01T06:14:18.684168+00:00,2498.0,2.384544955648148,39.49361610041117,3.949361610041117,0,over_180_seconds
t6_zHlXB39o,UC4Dp5pw1_R4gv0N-FBeyB8A,Meow's Cafe,📕My wife brought her sick first love home and told me not to worry—so I took in my longtime crush!,"📖 Story Synopsis:
My wife brought her sick ex-boyfriend back home,
 her eyes red as she said she wanted to take care of him.
My worldview completely shattered.
 I questioned if her brain had been kicked by a donkey.
 Was she really cheating so blatantly now?
Yet she accused me of being filthy!
 She said that people with dirty hearts see everything as dirty.
 She just wanted to make up for the regrets of the past.
Fury burned inside me as I slammed the door and left.
 But unexpectedly, the very next second,
 a slender figure blocked my path.
“Geo,
 long time no see.”
I looked up in disbelief.
 There she was—
 Willow, the goddess I had secretly loved for years.
At this moment, she looked weak,
 leaning on a cane, her body trembling slightly,
 so fragile that it stirred pity at first glance.
My eyes instantly turned red.
At that moment,
 I suddenly understood my wife.
I couldn’t help but grab the woman’s hand and say,
 “Come home with me. I’ll take care of you.”",2026-09-27T21:00:37Z,PT32M28S,27674,673,77,0,1,,en,en,1,none,https://i.ytimg.com/vi/t6_zHlXB39o/default.jpg,https://i.ytimg.com/vi/t6_zHlXB39o/mqdefault.jpg,https://i.ytimg.com/vi/t6_zHlXB39o/hqdefault.jpg,public,"{""kind"": ""youtube#video"", ""etag"": ""cCvRLmiBKXWLN9PxvieYgPcZ7Ns"", ""id"": ""t6_zHlXB39o"", ""snippet"": {""publishedAt"": ""2026-09-27T21:00:37Z"", ""channelId"": ""UC4Dp5pw1_R4gv0N-FBeyB8A"", ""title"": ""📕My wife brought her sick first love home and told me not to worry—so I took in my longtime crush!"", ""description"": ""📖 Story Synopsis:\nMy wife brought her sick ex-boyfriend back home,\n her eyes red as she said she wanted to take care of him.\nMy worldview completely shattered.\n I questioned if her brain had been kicked by a donkey.\n Was she really cheating so blatantly now?\nYet she accused me of being filthy!\n She said that people with dirty hearts see everything as dirty.\n She just wanted to make up for the regrets of the past.\nFury burned inside me as I slammed the door and left.\n But unexpectedly, the very next second,\n a slender figure blocked my path.\n“Geo,\n long time no see.”\nI looked up in disbelief.\n There she was—\n Willow, the goddess I had secretly loved for years.\nAt this moment, she looked weak,\n leaning on a cane, her body trembling slightly,\n so fragile that it stirred pity at first glance.\nMy eyes instantly turned red.\nAt that moment,\n I suddenly understood my wife.\nI couldn’t help but grab the woman’s hand and say,\n “Come home with me. I’ll take care of you.”"", ""thumbnails"": {""default"": {""url"": ""https://i.ytimg.com/vi/t6_zHlXB39o/default.jpg"", ""width"": 120, ""height"": 90}, ""medium"": {""url"": ""https://i.ytimg.com/vi/t6_zHlXB39o/mqdefault.jpg"", ""width"": 320, ""height"": 180}, ""high"": {""url"": ""https://i.ytimg.com/vi/t6_zHlXB39o/hqdefault.jpg"", ""width"": 480, ""height"": 360}, ""standard"": {""url"": ""https://i.ytimg.com/vi/t6_zHlXB39o/sddefault.jpg"", ""width"": 640, ""height"": 480}, ""maxres"": {""url"": ""https://i.ytimg.com/vi/t6_zHlXB39o/maxresdefault.jpg"", ""width"": 1280, ""height"": 720}}, ""channelTitle"": ""Meow's Cafe"", ""categoryId"": ""1"", ""liveBroadcastContent"": ""none"", ""defaultLanguage"": ""en"", ""localized"": {""title"": ""📕My wife brought her sick first love home and told me not to worry—so I took in my longtime crush!"", ""description"": ""📖 Story Synopsis:\nMy wife brought her sick ex-boyfriend back home,\n her eyes red as she said she wanted to take care of him.\nMy worldview completely shattered.\n I questioned if her brain had been kicked by a donkey.\n Was she really cheating so blatantly now?\nYet she accused me of being filthy!\n She said that people with dirty hearts see everything as dirty.\n She just wanted to make up for the regrets of the past.\nFury burned inside me as I slammed the door and left.\n But unexpectedly, the very next second,\n a slender figure blocked my path.\n“Geo,\n long time no see.”\nI looked up in disbelief.\n There she was—\n Willow, the goddess I had secretly loved for years.\nAt this moment, she looked weak,\n leaning on a cane, her body trembling slightly,\n so fragile that it stirred pity at first glance.\nMy eyes instantly turned red.\nAt that moment,\n I suddenly understood my wife.\nI couldn’t help but grab the woman’s hand and say,\n “Come home with me. I’ll take care of you.”""}, ""defaultAudioLanguage"": ""en""}, ""contentDetails"": {""duration"": ""PT32M28S"", ""dimension"": ""2d"", ""definition"": ""hd"", ""caption"": ""true"", ""licensedContent"": true, ""contentRating"": {}, ""projection"": ""rectangular""}, ""status"": {""uploadStatus"": ""processed"", ""privacyStatus"": ""public"", ""license"": ""creativeCommon"", ""embeddable"": true, ""publicStatsViewable"": true, ""madeForKids"": false}, ""statistics"": {""viewCount"": ""27674"", ""likeCount"": ""673"", ""favoriteCount"": ""0"", ""commentCount"": ""77""}}",2026-10-01T06:14:18.684168+00:00,2026-10-01T06:14:18.684168+00:00,1948.0,3.384510233425926,24.31885524318855,2.7823950278239504,0,over_180_seconds
iJ3SMkaAa1M,UC4Dp5pw1_R4gv0N-FBeyB8A,Meow's Cafe,"📕My fiancée sent a pregnancy test, then unsent it. When she came back for me, I’d married someone!","📖 Story Synopsis:
What does it feel like when your fiancée, who has been abroad for three months, sends you a pregnancy test report saying she is two months pregnant?
Three months after my fiancée went abroad, she sent me a message.
It read:
“Honey, you’re going to be a dad!”
Below it was an ultrasound report.
I was over the moon.
I never thought I was actually going to be a father.
But when I opened the image, I saw the words printed clearly on the report:
Seven weeks pregnant.
I was happily counting the days on my fingers when the message was suddenly recalled.
Then a new message popped up.
My fiancée wrote:
“Sorry. Sent it to the wrong person.”
I froze in front of the screen.
The smile on my face slowly stiffened.
So…
Was I the one who was going to be a dad?",2026-09-27T14:00:31Z,PT1H10M9S,26203,682,89,0,1,,en,en,1,none,https://i.ytimg.com/vi/iJ3SMkaAa1M/default.jpg,https://i.ytimg.com/vi/iJ3SMkaAa1M/mqdefault.jpg,https://i.ytimg.com/vi/iJ3SMkaAa1M/hqdefault.jpg,public,"{""kind"": ""youtube#video"", ""etag"": ""00ufycuKYB_yoBFDuHAvhEvLHm0"", ""id"": ""iJ3SMkaAa1M"", ""snippet"": {""publishedAt"": ""2026-09-27T14:00:31Z"", ""channelId"": ""UC4Dp5pw1_R4gv0N-FBeyB8A"", ""title"": ""📕My fiancée sent a pregnancy test, then unsent it. When she came back for me, I’d married someone!"", ""description"": ""📖 Story Synopsis:\nWhat does it feel like when your fiancée, who has been abroad for three months, sends you a pregnancy test report saying she is two months pregnant?\nThree months after my fiancée went abroad, she sent me a message.\nIt read:\n“Honey, you’re going to be a dad!”\nBelow it was an ultrasound report.\nI was over the moon.\nI never thought I was actually going to be a father.\nBut when I opened the image, I saw the words printed clearly on the report:\nSeven weeks pregnant.\nI was happily counting the days on my fingers when the message was suddenly recalled.\nThen a new message popped up.\nMy fiancée wrote:\n“Sorry. Sent it to the wrong person.”\nI froze in front of the screen.\nThe smile on my face slowly stiffened.\nSo…\nWas I the one who was going to be a dad?"", ""thumbnails"": {""default"": {""url"": ""https://i.ytimg.com/vi/iJ3SMkaAa1M/default.jpg"", ""width"": 120, ""height"": 90}, ""medium"": {""url"": ""https://i.ytimg.com/vi/iJ3SMkaAa1M/mqdefault.jpg"", ""width"": 320, ""height"": 180}, ""high"": {""url"": ""https://i.ytimg.com/vi/iJ3SMkaAa1M/hqdefault.jpg"", ""width"": 480, ""height"": 360}, ""standard"": {""url"": ""https://i.ytimg.com/vi/iJ3SMkaAa1M/sddefault.jpg"", ""width"": 640, ""height"": 480}, ""maxres"": {""url"": ""https://i.ytimg.com/vi/iJ3SMkaAa1M/maxresdefault.jpg"", ""width"": 1280, ""height"": 720}}, ""channelTitle"": ""Meow's Cafe"", ""categoryId"": ""1"", ""liveBroadcastContent"": ""none"", ""defaultLanguage"": ""en"", ""localized"": {""title"": ""📕My fiancée sent a pregnancy test, then unsent it. When she came back for me, I’d married someone!"", ""description"": ""📖 Story Synopsis:\nWhat does it feel like when your fiancée, who has been abroad for three months, sends you a pregnancy test report saying she is two months pregnant?\nThree months after my fiancée went abroad, she sent me a message.\nIt read:\n“Honey, you’re going to be a dad!”\nBelow it was an ultrasound report.\nI was over the moon.\nI never thought I was actually going to be a father.\nBut when I opened the image, I saw the words printed clearly on the report:\nSeven weeks pregnant.\nI was happily counting the days on my fingers when the message was suddenly recalled.\nThen a new message popped up.\nMy fiancée wrote:\n“Sorry. Sent it to the wrong person.”\nI froze in front of the screen.\nThe smile on my face slowly stiffened.\nSo…\nWas I the one who was going to be a dad?""}, ""defaultAudioLanguage"": ""en""}, ""contentDetails"": {""duration"": ""PT1H10M9S"", ""dimension"": ""2d"", ""definition"": ""hd"", ""caption"": ""true"", ""licensedContent"": true, ""contentRating"": {}, ""projection"": ""rectangular""}, ""status"": {""uploadStatus"": ""processed"", ""privacyStatus"": ""public"", ""license"": ""creativeCommon"", ""embeddable"": true, ""publicStatsViewable"": true, ""madeForKids"": false}, ""statistics"": {""viewCount"": ""26203"", ""likeCount"": ""682"", ""favoriteCount"": ""0"", ""commentCount"": ""89""}}",2026-10-01T06:14:18.684168+00:00,2026-10-01T06:14:18.684168+00:00,4209.0,3.676246344537037,26.027554096859138,3.3965576460710607,0,over_180_seconds
KH8DW60j-3o,UC4Dp5pw1_R4gv0N-FBeyB8A,Meow's Cafe,"📕After we reconciled, I stopped chasing her. She proposed—my revenge began at city hall","📖 Story Synopsis:
I accompanied my cousin Renata, who was six months pregnant, to the hospital for a prenatal checkup. 
Her husband was away on business most of the year, and she hated how anxious her mother got every time she came to the hospital, so she simply roped me into coming along.
“This little rascal kicked me all night. I wonder who the baby takes after.”
Renata supported her lower back, frowning slightly as she complained nonstop.
I was about to respond when something suddenly caught my eye.
By the window in the infusion area, Miranda sat sideways, her head lowered as she spoke to the person beside her.
It had been five years. 
Her hair was a little shorter now, tucked neatly behind her ears.
She wore a beige knit cardigan and still looked as gentle as ever.
Beside her was Cole.
The man who had relentlessly haunted our relationship back when Miranda and I were together.
His head rested against her shoulder, his eyes closed and his face pale.
Miranda held a thermos in her hands and spoke softly to him, her expression attentive.
My fingers clenched sharply, my nails digging deep into my palm.
“Alonso?”
Renata nudged my arm.
“What are you staring at? They called our number.”
I abruptly came back to my senses. My throat felt dry, and an almost imperceptible bitterness crept into my voice.
“Nothing.”
Renata followed my gaze and noticed Miranda as well. A thoughtful look appeared in her eyes.
But my mind kept replaying the scene I had just witnessed.
Cole leaning against Miranda’s shoulder, while she lowered her head and tended to him with concern.
Five years had passed, yet they were still like this.
No. Perhaps they were even closer than before.",2026-09-26T21:00:26Z,PT38M44S,19822,519,89,0,1,,en,en,1,none,https://i.ytimg.com/vi/KH8DW60j-3o/default.jpg,https://i.ytimg.com/vi/KH8DW60j-3o/mqdefault.jpg,https://i.ytimg.com/vi/KH8DW60j-3o/hqdefault.jpg,public,"{""kind"": ""youtube#video"", ""etag"": ""3b6B3lFhr36EjLgr9s7YnSc6VRg"", ""id"": ""KH8DW60j-3o"", ""snippet"": {""publishedAt"": ""2026-09-26T21:00:26Z"", ""channelId"": ""UC4Dp5pw1_R4gv0N-FBeyB8A"", ""title"": ""📕After we reconciled, I stopped chasing her. She proposed—my revenge began at city hall"", ""description"": ""📖 Story Synopsis:\nI accompanied my cousin Renata, who was six months pregnant, to the hospital for a prenatal checkup. \nHer husband was away on business most of the year, and she hated how anxious her mother got every time she came to the hospital, so she simply roped me into coming along.\n“This little rascal kicked me all night. I wonder who the baby takes after.”\nRenata supported her lower back, frowning slightly as she complained nonstop.\nI was about to respond when something suddenly caught my eye.\nBy the window in the infusion area, Miranda sat sideways, her head lowered as she spoke to the person beside her.\nIt had been five years. \nHer hair was a little shorter now, tucked neatly behind her ears.\nShe wore a beige knit cardigan and still looked as gentle as ever.\nBeside her was Cole.\nThe man who had relentlessly haunted our relationship back when Miranda and I were together.\nHis head rested against her shoulder, his eyes closed and his face pale.\nMiranda held a thermos in her hands and spoke softly to him, her expression attentive.\nMy fingers clenched sharply, my nails digging deep into my palm.\n“Alonso?”\nRenata nudged my arm.\n“What are you staring at? They called our number.”\nI abruptly came back to my senses. My throat felt dry, and an almost imperceptible bitterness crept into my voice.\n“Nothing.”\nRenata followed my gaze and noticed Miranda as well. A thoughtful look appeared in her eyes.\nBut my mind kept replaying the scene I had just witnessed.\nCole leaning against Miranda’s shoulder, while she lowered her head and tended to him with concern.\nFive years had passed, yet they were still like this.\nNo. Perhaps they were even closer than before."", ""thumbnails"": {""default"": {""url"": ""https://i.ytimg.com/vi/KH8DW60j-3o/default.jpg"", ""width"": 120, ""height"": 90}, ""medium"": {""url"": ""https://i.ytimg.com/vi/KH8DW60j-3o/mqdefault.jpg"", ""width"": 320, ""height"": 180}, ""high"": {""url"": ""https://i.ytimg.com/vi/KH8DW60j-3o/hqdefault.jpg"", ""width"": 480, ""height"": 360}, ""standard"": {""url"": ""https://i.ytimg.com/vi/KH8DW60j-3o/sddefault.jpg"", ""width"": 640, ""height"": 480}, ""maxres"": {""url"": ""https://i.ytimg.com/vi/KH8DW60j-3o/maxresdefault.jpg"", ""width"": 1280, ""height"": 720}}, ""channelTitle"": ""Meow's Cafe"", ""categoryId"": ""1"", ""liveBroadcastContent"": ""none"", ""defaultLanguage"": ""en"", ""localized"": {""title"": ""📕After we reconciled, I stopped chasing her. She proposed—my revenge began at city hall"", ""description"": ""📖 Story Synopsis:\nI accompanied my cousin Renata, who was six months pregnant, to the hospital for a prenatal checkup. \nHer husband was away on business most of the year, and she hated how anxious her mother got every time she came to the hospital, so she simply roped me into coming along.\n“This little rascal kicked me all night. I wonder who the baby takes after.”\nRenata supported her lower back, frowning slightly as she complained nonstop.\nI was about to respond when something suddenly caught my eye.\nBy the window in the infusion area, Miranda sat sideways, her head lowered as she spoke to the person beside her.\nIt had been five years. \nHer hair was a little shorter now, tucked neatly behind her ears.\nShe wore a beige knit cardigan and still looked as gentle as ever.\nBeside her was Cole.\nThe man who had relentlessly haunted our relationship back when Miranda and I were together.\nHis head rested against her shoulder, his eyes closed and his face pale.\nMiranda held a thermos in her hands and spoke softly to him, her expression attentive.\nMy fingers clenched sharply, my nails digging deep into my palm.\n“Alonso?”\nRenata nudged my arm.\n“What are you staring at? They called our number.”\nI abruptly came back to my senses. My throat felt dry, and an almost imperceptible bitterness crept into my voice.\n“Nothing.”\nRenata followed my gaze and noticed Miranda as well. A thoughtful look appeared in her eyes.\nBut my mind kept replaying the scene I had just witnessed.\nCole leaning against Miranda’s shoulder, while she lowered her head and tended to him with concern.\nFive years had passed, yet they were still like this.\nNo. Perhaps they were even closer than before.""}, ""defaultAudioLanguage"": ""en""}, ""contentDetails"": {""duration"": ""PT38M44S"", ""dimension"": ""2d"", ""definition"": ""hd"", ""caption"": ""true"", ""licensedContent"": true, ""contentRating"": {}, ""projection"": ""rectangular""}, ""status"": {""uploadStatus"": ""processed"", ""privacyStatus"": ""public"", ""license"": ""creativeCommon"", ""embeddable"": true, ""publicStatsViewable"": true, ""madeForKids"": false}, ""statistics"": {""viewCount"": ""19822"", ""likeCount"": ""519"", ""favoriteCount"": ""0"", ""commentCount"": ""89""}}",2026-10-01T06:14:18.684168+00:00,2026-10-01T06:14:18.684168+00:00,2324.0,4.3846375482407405,26.183028957723742,4.489960649783069,0,over_180_seconds
a1V0vi-5fEk,UC4Dp5pw1_R4gv0N-FBeyB8A,Meow's Cafe,"📕My ex failed to marry rich, saw me on TV and wanted me back—then the next shot made her break down!","📖 Story Synopsis:
What kind of sins did I commit in my past life
to end up marrying an idiot like Sophia in this one?
Just last week,
Sophia proudly told me
that she had become her boss Makoto’s mistress
and was about to successfully replace his wife. 
Apparently, when Makoto’s wife showed up to confront them,
not only did he protect Sophia in front of everyone at the company,
he immediately asked his wife for a divorce.
Sophia looked absolutely lovestruck as she told me about it,
as if she were living out some cheesy
“domineering CEO falls in love with me” fantasy.
If I didn’t know any better,
I would have thought she wanted me to start shipping the two of them.
But then,
the idiot happily went along with Makoto
to provoke his wife right to her face.
His wife slapped Sophia.
Sophia had barely raised her hand to hit back
when Makoto suddenly stepped in like some domineering husband
and slapped Sophia too.
He snapped,
“She’s my wife! How dare you try to hit her!”
Sophia was completely dumbfounded.
It took her a long moment to finally figure out what was going on.
So the married couple had just been having a fight
and were using her to vent their frustration!
She was nothing more than a prop
in their little marital love game!",2026-09-26T14:00:26Z,PT1H18M47S,16508,471,47,0,1,,en,en,1,none,https://i.ytimg.com/vi/a1V0vi-5fEk/default.jpg,https://i.ytimg.com/vi/a1V0vi-5fEk/mqdefault.jpg,https://i.ytimg.com/vi/a1V0vi-5fEk/hqdefault.jpg,public,"{""kind"": ""youtube#video"", ""etag"": ""KaEcrhJJSkMXraJTGgq0GBW8cPw"", ""id"": ""a1V0vi-5fEk"", ""snippet"": {""publishedAt"": ""2026-09-26T14:00:26Z"", ""channelId"": ""UC4Dp5pw1_R4gv0N-FBeyB8A"", ""title"": ""📕My ex failed to marry rich, saw me on TV and wanted me back—then the next shot made her break down!"", ""description"": ""📖 Story Synopsis:\nWhat kind of sins did I commit in my past life\nto end up marrying an idiot like Sophia in this one?\nJust last week,\nSophia proudly told me\nthat she had become her boss Makoto’s mistress\nand was about to successfully replace his wife. \nApparently, when Makoto’s wife showed up to confront them,\nnot only did he protect Sophia in front of everyone at the company,\nhe immediately asked his wife for a divorce.\nSophia looked absolutely lovestruck as she told me about it,\nas if she were living out some cheesy\n“domineering CEO falls in love with me” fantasy.\nIf I didn’t know any better,\nI would have thought she wanted me to start shipping the two of them.\nBut then,\nthe idiot happily went along with Makoto\nto provoke his wife right to her face.\nHis wife slapped Sophia.\nSophia had barely raised her hand to hit back\nwhen Makoto suddenly stepped in like some domineering husband\nand slapped Sophia too.\nHe snapped,\n“She’s my wife! How dare you try to hit her!”\nSophia was completely dumbfounded.\nIt took her a long moment to finally figure out what was going on.\nSo the married couple had just been having a fight\nand were using her to vent their frustration!\nShe was nothing more than a prop\nin their little marital love game!"", ""thumbnails"": {""default"": {""url"": ""https://i.ytimg.com/vi/a1V0vi-5fEk/default.jpg"", ""width"": 120, ""height"": 90}, ""medium"": {""url"": ""https://i.ytimg.com/vi/a1V0vi-5fEk/mqdefault.jpg"", ""width"": 320, ""height"": 180}, ""high"": {""url"": ""https://i.ytimg.com/vi/a1V0vi-5fEk/hqdefault.jpg"", ""width"": 480, ""height"": 360}, ""standard"": {""url"": ""https://i.ytimg.com/vi/a1V0vi-5fEk/sddefault.jpg"", ""width"": 640, ""height"": 480}, ""maxres"": {""url"": ""https://i.ytimg.com/vi/a1V0vi-5fEk/maxresdefault.jpg"", ""width"": 1280, ""height"": 720}}, ""channelTitle"": ""Meow's Cafe"", ""categoryId"": ""1"", ""liveBroadcastContent"": ""none"", ""defaultLanguage"": ""en"", ""localized"": {""title"": ""📕My ex failed to marry rich, saw me on TV and wanted me back—then the next shot made her break down!"", ""description"": ""📖 Story Synopsis:\nWhat kind of sins did I commit in my past life\nto end up marrying an idiot like Sophia in this one?\nJust last week,\nSophia proudly told me\nthat she had become her boss Makoto’s mistress\nand was about to successfully replace his wife. \nApparently, when Makoto’s wife showed up to confront them,\nnot only did he protect Sophia in front of everyone at the company,\nhe immediately asked his wife for a divorce.\nSophia looked absolutely lovestruck as she told me about it,\nas if she were living out some cheesy\n“domineering CEO falls in love with me” fantasy.\nIf I didn’t know any better,\nI would have thought she wanted me to start shipping the two of them.\nBut then,\nthe idiot happily went along with Makoto\nto provoke his wife right to her face.\nHis wife slapped Sophia.\nSophia had barely raised her hand to hit back\nwhen Makoto suddenly stepped in like some domineering husband\nand slapped Sophia too.\nHe snapped,\n“She’s my wife! How dare you try to hit her!”\nSophia was completely dumbfounded.\nIt took her a long moment to finally figure out what was going on.\nSo the married couple had just been having a fight\nand were using her to vent their frustration!\nShe was nothing more than a prop\nin their little marital love game!""}, ""defaultAudioLanguage"": ""en""}, ""contentDetails"": {""duration"": ""PT1H18M47S"", ""dimension"": ""2d"", ""definition"": ""hd"", ""caption"": ""true"", ""licensedContent"": true, ""contentRating"": {}, ""projection"": ""rectangular""}, ""status"": {""uploadStatus"": ""processed"", ""privacyStatus"": ""public"", ""license"": ""creativeCommon"", ""embeddable"": true, ""publicStatsViewable"": true, ""madeForKids"": false}, ""statistics"": {""viewCount"": ""16508"", ""likeCount"": ""471"", ""favoriteCount"": ""0"", ""commentCount"": ""47""}}",2026-10-01T06:14:18.684168+00:00,2026-10-01T06:14:18.684168+00:00,4727.0,4.676304214907407,28.5316210322268,2.8471044342137146,0,over_180_seconds
YqWAnbgwisA,UC4Dp5pw1_R4gv0N-FBeyB8A,Meow's Cafe,"📕She married him, then realized she loved me. I smiled and told her why I chased her—she broke!","📖 Story Synopsis:
At my goddess Willow’s wedding,
everyone was cheering and celebrating.
Everyone except me.
I was bawling my eyes out like I was at a damn funeral!
Snot was practically stretching three thousand feet from my nose!
The guests were deeply moved by the sight.
They said,
“A real man doesn’t shed tears easily. He only cries when the pain cuts too deep.”
Pain, my ass!
I was crying because I was happy!
Only God knew what I’d been through during those three years of being Willow’s simp and personal errand boy!
Three whole years of acting, and the show was finally over!
I, George, was free!
But never in a million years did I expect that the very next day after the wedding, my goddess would contact me again.
She texted,
“After going around in circles, I finally realized that the person who loved me most was you all along.”
Excuse me?
My mission was already complete!
You’re not draining another cent out of me!
I immediately replied,
“This simp has officially logged off. Don’t start!”
But after Willow learned the truth, she actually broke down and accused me through heart-wrenching sobs,
“Three years!
You lied to me for three whole years!
George, how could you play with my feelings like this?!”",2026-09-25T21:00:21Z,PT45M10S,15502,469,62,0,1,,en,en,1,none,https://i.ytimg.com/vi/YqWAnbgwisA/default.jpg,https://i.ytimg.com/vi/YqWAnbgwisA/mqdefault.jpg,https://i.ytimg.com/vi/YqWAnbgwisA/hqdefault.jpg,public,"{""kind"": ""youtube#video"", ""etag"": ""CgFDbi1IuRuC1XZrReBwn5ttgBk"", ""id"": ""YqWAnbgwisA"", ""snippet"": {""publishedAt"": ""2026-09-25T21:00:21Z"", ""channelId"": ""UC4Dp5pw1_R4gv0N-FBeyB8A"", ""title"": ""📕She married him, then realized she loved me. I smiled and told her why I chased her—she broke!"", ""description"": ""📖 Story Synopsis:\nAt my goddess Willow’s wedding,\neveryone was cheering and celebrating.\nEveryone except me.\nI was bawling my eyes out like I was at a damn funeral!\nSnot was practically stretching three thousand feet from my nose!\nThe guests were deeply moved by the sight.\nThey said,\n“A real man doesn’t shed tears easily. He only cries when the pain cuts too deep.”\nPain, my ass!\nI was crying because I was happy!\nOnly God knew what I’d been through during those three years of being Willow’s simp and personal errand boy!\nThree whole years of acting, and the show was finally over!\nI, George, was free!\nBut never in a million years did I expect that the very next day after the wedding, my goddess would contact me again.\nShe texted,\n“After going around in circles, I finally realized that the person who loved me most was you all along.”\nExcuse me?\nMy mission was already complete!\nYou’re not draining another cent out of me!\nI immediately replied,\n“This simp has officially logged off. Don’t start!”\nBut after Willow learned the truth, she actually broke down and accused me through heart-wrenching sobs,\n“Three years!\nYou lied to me for three whole years!\nGeorge, how could you play with my feelings like this?!”"", ""thumbnails"": {""default"": {""url"": ""https://i.ytimg.com/vi/YqWAnbgwisA/default.jpg"", ""width"": 120, ""height"": 90}, ""medium"": {""url"": ""https://i.ytimg.com/vi/YqWAnbgwisA/mqdefault.jpg"", ""width"": 320, ""height"": 180}, ""high"": {""url"": ""https://i.ytimg.com/vi/YqWAnbgwisA/hqdefault.jpg"", ""width"": 480, ""height"": 360}, ""standard"": {""url"": ""https://i.ytimg.com/vi/YqWAnbgwisA/sddefault.jpg"", ""width"": 640, ""height"": 480}, ""maxres"": {""url"": ""https://i.ytimg.com/vi/YqWAnbgwisA/maxresdefault.jpg"", ""width"": 1280, ""height"": 720}}, ""channelTitle"": ""Meow's Cafe"", ""categoryId"": ""1"", ""liveBroadcastContent"": ""none"", ""defaultLanguage"": ""en"", ""localized"": {""title"": ""📕She married him, then realized she loved me. I smiled and told her why I chased her—she broke!"", ""description"": ""📖 Story Synopsis:\nAt my goddess Willow’s wedding,\neveryone was cheering and celebrating.\nEveryone except me.\nI was bawling my eyes out like I was at a damn funeral!\nSnot was practically stretching three thousand feet from my nose!\nThe guests were deeply moved by the sight.\nThey said,\n“A real man doesn’t shed tears easily. He only cries when the pain cuts too deep.”\nPain, my ass!\nI was crying because I was happy!\nOnly God knew what I’d been through during those three years of being Willow’s simp and personal errand boy!\nThree whole years of acting, and the show was finally over!\nI, George, was free!\nBut never in a million years did I expect that the very next day after the wedding, my goddess would contact me again.\nShe texted,\n“After going around in circles, I finally realized that the person who loved me most was you all along.”\nExcuse me?\nMy mission was already complete!\nYou’re not draining another cent out of me!\nI immediately replied,\n“This simp has officially logged off. Don’t start!”\nBut after Willow learned the truth, she actually broke down and accused me through heart-wrenching sobs,\n“Three years!\nYou lied to me for three whole years!\nGeorge, how could you play with my feelings like this?!”""}, ""defaultAudioLanguage"": ""en""}, ""contentDetails"": {""duration"": ""PT45M10S"", ""dimension"": ""2d"", ""definition"": ""hd"", ""caption"": ""true"", ""licensedContent"": true, ""contentRating"": {}, ""projection"": ""rectangular""}, ""status"": {""uploadStatus"": ""processed"", ""privacyStatus"": ""public"", ""license"": ""creativeCommon"", ""embeddable"": true, ""publicStatsViewable"": true, ""madeForKids"": false}, ""statistics"": {""viewCount"": ""15502"", ""likeCount"": ""469"", ""favoriteCount"": ""0"", ""commentCount"": ""62""}}",2026-10-01T06:14:18.684168+00:00,2026-10-01T06:14:18.684168+00:00,2710.0,5.384695418611111,30.254160753451167,3.999483937556444,0,over_180_seconds
5uu-bOF5LT0,UC4Dp5pw1_R4gv0N-FBeyB8A,Meow's Cafe,"📕My GF left with another guy, said her flight was delayed—then her Uber arrived: me, driving her car","📖 Story Synopsis:
While driving a Rolls-Royce to the airport to pick up Uber passengers,
 I unexpectedly saw my girlfriend, Willow, getting off a flight with another man.
Before I could react,
 I received a text from her.
My flight’s been delayed.
 I probably won’t make it back tonight.
 No need to pick me up.
 I’ll take an Uber home myself!
The next second,
 the spare phone mounted on my dashboard beeped twice.
An automated voice immediately announced:
“Uber has automatically accepted a ride for you! Please pick up the passenger whose number ends in 0028 and drive them from the airport to the Moon Bay residential complex. The route has been updated. Please follow the navigation.”
I pulled the car over,
 and the automatic door swung open.
I called out to Willow,
“Number ending in 0028? 
 Hop in! I’ll help you two with your luggage!”",2026-09-24T21:00:21Z,PT40M55S,24757,703,78,0,1,,en,en,1,none,https://i.ytimg.com/vi/5uu-bOF5LT0/default.jpg,https://i.ytimg.com/vi/5uu-bOF5LT0/mqdefault.jpg,https://i.ytimg.com/vi/5uu-bOF5LT0/hqdefault.jpg,public,"{""kind"": ""youtube#video"", ""etag"": ""HpO9PjmPs2j9h3i2UL6O0hNT0Vc"", ""id"": ""5uu-bOF5LT0"", ""snippet"": {""publishedAt"": ""2026-09-24T21:00:21Z"", ""channelId"": ""UC4Dp5pw1_R4gv0N-FBeyB8A"", ""title"": ""📕My GF left with another guy, said her flight was delayed—then her Uber arrived: me, driving her car"", ""description"": ""📖 Story Synopsis:\nWhile driving a Rolls-Royce to the airport to pick up Uber passengers,\n I unexpectedly saw my girlfriend, Willow, getting off a flight with another man.\nBefore I could react,\n I received a text from her.\nMy flight’s been delayed.\n I probably won’t make it back tonight.\n No need to pick me up.\n I’ll take an Uber home myself!\nThe next second,\n the spare phone mounted on my dashboard beeped twice.\nAn automated voice immediately announced:\n“Uber has automatically accepted a ride for you! Please pick up the passenger whose number ends in 0028 and drive them from the airport to the Moon Bay residential complex. The route has been updated. Please follow the navigation.”\nI pulled the car over,\n and the automatic door swung open.\nI called out to Willow,\n“Number ending in 0028? \n Hop in! I’ll help you two with your luggage!”"", ""thumbnails"": {""default"": {""url"": ""https://i.ytimg.com/vi/5uu-bOF5LT0/default.jpg"", ""width"": 120, ""height"": 90}, ""medium"": {""url"": ""https://i.ytimg.com/vi/5uu-bOF5LT0/mqdefault.jpg"", ""width"": 320, ""height"": 180}, ""high"": {""url"": ""https://i.ytimg.com/vi/5uu-bOF5LT0/hqdefault.jpg"", ""width"": 480, ""height"": 360}, ""standard"": {""url"": ""https://i.ytimg.com/vi/5uu-bOF5LT0/sddefault.jpg"", ""width"": 640, ""height"": 480}, ""maxres"": {""url"": ""https://i.ytimg.com/vi/5uu-bOF5LT0/maxresdefault.jpg"", ""width"": 1280, ""height"": 720}}, ""channelTitle"": ""Meow's Cafe"", ""categoryId"": ""1"", ""liveBroadcastContent"": ""none"", ""defaultLanguage"": ""en"", ""localized"": {""title"": ""📕My GF left with another guy, said her flight was delayed—then her Uber arrived: me, driving her car"", ""description"": ""📖 Story Synopsis:\nWhile driving a Rolls-Royce to the airport to pick up Uber passengers,\n I unexpectedly saw my girlfriend, Willow, getting off a flight with another man.\nBefore I could react,\n I received a text from her.\nMy flight’s been delayed.\n I probably won’t make it back tonight.\n No need to pick me up.\n I’ll take an Uber home myself!\nThe next second,\n the spare phone mounted on my dashboard beeped twice.\nAn automated voice immediately announced:\n“Uber has automatically accepted a ride for you! Please pick up the passenger whose number ends in 0028 and drive them from the airport to the Moon Bay residential complex. The route has been updated. Please follow the navigation.”\nI pulled the car over,\n and the automatic door swung open.\nI called out to Willow,\n“Number ending in 0028? \n Hop in! I’ll help you two with your luggage!”""}, ""defaultAudioLanguage"": ""en""}, ""contentDetails"": {""duration"": ""PT40M55S"", ""dimension"": ""2d"", ""definition"": ""hd"", ""caption"": ""true"", ""licensedContent"": true, ""contentRating"": {}, ""projection"": ""rectangular""}, ""status"": {""uploadStatus"": ""processed"", ""privacyStatus"": ""public"", ""license"": ""creativeCommon"", ""embeddable"": true, ""publicStatsViewable"": true, ""madeForKids"": false}, ""statistics"": {""viewCount"": ""24757"", ""likeCount"": ""703"", ""favoriteCount"": ""0"", ""commentCount"": ""78""}}",2026-10-01T06:14:18.684168+00:00,2026-10-01T06:14:18.684168+00:00,2455.0,6.384695418611111,28.3960092095165,3.15062406592075,0,over_180_seconds
eHVZ1yAvKsA,UC4Dp5pw1_R4gv0N-FBeyB8A,Meow's Cafe,📕Her new admirer warned me not to hurt my childhood sweetheart. I laughed—hurt her? She’s insane!,"📖 Story Synopsis:
A sweet, devoted guy had suddenly appeared by my childhood sweetheart Willow’s side, constantly showering her with care and attention. 
Out of the goodness of my heart, I warned him, “Buddy, Willow is a psycho. Simping for her won’t end well.”
To my surprise, the guy practically radiated the dazzling light of righteousness as he stepped in front of Willow protectively.
“I know exactly what kind of person you are,” he declared. “You’re trying to tear a girl down and manipulate her by destroying her self-esteem. As long as I’m here, I won’t let you slander her like this!”
Then he gazed tenderly at Willow.
“Willow, you’re a wonderful person! Don’t let him get inside your head!”
I couldn’t help rubbing my forehead.
“What are you, some patron saint who escaped from Notre-Dame? Even Willow herself wouldn’t believe she’s a good person.”
The guy glared at me furiously before grabbing Willow and storming off.
A second later, Willow looked back from around the corner.
She pressed one finger to her lips and gave me a provocative wink.
Fucking psycho.",2026-09-23T21:00:06Z,PT55M59S,17767,583,56,0,1,,en,en,1,none,https://i.ytimg.com/vi/eHVZ1yAvKsA/default.jpg,https://i.ytimg.com/vi/eHVZ1yAvKsA/mqdefault.jpg,https://i.ytimg.com/vi/eHVZ1yAvKsA/hqdefault.jpg,public,"{""kind"": ""youtube#video"", ""etag"": ""kkRnpK_erlOp3C4EsvoHuJOsnRA"", ""id"": ""eHVZ1yAvKsA"", ""snippet"": {""publishedAt"": ""2026-09-23T21:00:06Z"", ""channelId"": ""UC4Dp5pw1_R4gv0N-FBeyB8A"", ""title"": ""📕Her new admirer warned me not to hurt my childhood sweetheart. I laughed—hurt her? She’s insane!"", ""description"": ""📖 Story Synopsis:\nA sweet, devoted guy had suddenly appeared by my childhood sweetheart Willow’s side, constantly showering her with care and attention. \nOut of the goodness of my heart, I warned him, “Buddy, Willow is a psycho. Simping for her won’t end well.”\nTo my surprise, the guy practically radiated the dazzling light of righteousness as he stepped in front of Willow protectively.\n“I know exactly what kind of person you are,” he declared. “You’re trying to tear a girl down and manipulate her by destroying her self-esteem. As long as I’m here, I won’t let you slander her like this!”\nThen he gazed tenderly at Willow.\n“Willow, you’re a wonderful person! Don’t let him get inside your head!”\nI couldn’t help rubbing my forehead.\n“What are you, some patron saint who escaped from Notre-Dame? Even Willow herself wouldn’t believe she’s a good person.”\nThe guy glared at me furiously before grabbing Willow and storming off.\nA second later, Willow looked back from around the corner.\nShe pressed one finger to her lips and gave me a provocative wink.\nFucking psycho."", ""thumbnails"": {""default"": {""url"": ""https://i.ytimg.com/vi/eHVZ1yAvKsA/default.jpg"", ""width"": 120, ""height"": 90}, ""medium"": {""url"": ""https://i.ytimg.com/vi/eHVZ1yAvKsA/mqdefault.jpg"", ""width"": 320, ""height"": 180}, ""high"": {""url"": ""https://i.ytimg.com/vi/eHVZ1yAvKsA/hqdefault.jpg"", ""width"": 480, ""height"": 360}, ""standard"": {""url"": ""https://i.ytimg.com/vi/eHVZ1yAvKsA/sddefault.jpg"", ""width"": 640, ""height"": 480}, ""maxres"": {""url"": ""https://i.ytimg.com/vi/eHVZ1yAvKsA/maxresdefault.jpg"", ""width"": 1280, ""height"": 720}}, ""channelTitle"": ""Meow's Cafe"", ""categoryId"": ""1"", ""liveBroadcastContent"": ""none"", ""defaultLanguage"": ""en"", ""localized"": {""title"": ""📕Her new admirer warned me not to hurt my childhood sweetheart. I laughed—hurt her? She’s insane!"", ""description"": ""📖 Story Synopsis:\nA sweet, devoted guy had suddenly appeared by my childhood sweetheart Willow’s side, constantly showering her with care and attention. \nOut of the goodness of my heart, I warned him, “Buddy, Willow is a psycho. Simping for her won’t end well.”\nTo my surprise, the guy practically radiated the dazzling light of righteousness as he stepped in front of Willow protectively.\n“I know exactly what kind of person you are,” he declared. “You’re trying to tear a girl down and manipulate her by destroying her self-esteem. As long as I’m here, I won’t let you slander her like this!”\nThen he gazed tenderly at Willow.\n“Willow, you’re a wonderful person! Don’t let him get inside your head!”\nI couldn’t help rubbing my forehead.\n“What are you, some patron saint who escaped from Notre-Dame? Even Willow herself wouldn’t believe she’s a good person.”\nThe guy glared at me furiously before grabbing Willow and storming off.\nA second later, Willow looked back from around the corner.\nShe pressed one finger to her lips and gave me a provocative wink.\nFucking psycho.""}, ""defaultAudioLanguage"": ""en""}, ""contentDetails"": {""duration"": ""PT55M59S"", ""dimension"": ""2d"", ""definition"": ""hd"", ""caption"": ""true"", ""licensedContent"": true, ""contentRating"": {}, ""projection"": ""rectangular""}, ""status"": {""uploadStatus"": ""processed"", ""privacyStatus"": ""public"", ""license"": ""creativeCommon"", ""embeddable"": true, ""publicStatsViewable"": true, ""madeForKids"": false}, ""statistics"": {""viewCount"": ""17767"", ""likeCount"": ""583"", ""favoriteCount"": ""0"", ""commentCount"": ""56""}}",2026-10-01T06:14:18.684168+00:00,2026-10-01T06:14:18.684168+00:00,3359.0,7.384869029722222,32.81364327123318,3.1519108459503573,0,over_180_seconds
muxk2be9b3g,UC4Dp5pw1_R4gv0N-FBeyB8A,Meow's Cafe,"📕My GF exploded over dinner with another woman. I said, “I didn’t cheat”—her own words shut her up!","📖 Story Synopsis:
The door suddenly flew open, and Judy stormed in like a madwoman.
“Alex, who did you have dinner with tonight?”
Alex looked at her calmly. “Fiona. My assistant. You know her too.”
“You…” Judy’s voice shot up several octaves. “That bitch is obviously after you, and you still went to dinner alone with her?”
“No, it was just work.” Alex gave her an innocent look. “You need to trust me. You’re the only woman I consider my girlfriend. As long as I’m not cheating on you, what are you worried about? And whatever she thinks about me is her problem. What does it have to do with me?”
The room suddenly fell silent.
Judy swallowed with difficulty, as though every word she wanted to say had gotten stuck in her throat.
Because those were the exact same words she had once used to explain herself to Alex.
Now that the boomerang had come flying back at her, she finally understood just how much it hurt.",2026-09-22T21:00:38Z,PT48M3S,36956,996,122,0,1,,en,en,1,none,https://i.ytimg.com/vi/muxk2be9b3g/default.jpg,https://i.ytimg.com/vi/muxk2be9b3g/mqdefault.jpg,https://i.ytimg.com/vi/muxk2be9b3g/hqdefault.jpg,public,"{""kind"": ""youtube#video"", ""etag"": ""XsPSOKhI5NtP1JgHvE2OF37BQ9U"", ""id"": ""muxk2be9b3g"", ""snippet"": {""publishedAt"": ""2026-09-22T21:00:38Z"", ""channelId"": ""UC4Dp5pw1_R4gv0N-FBeyB8A"", ""title"": ""📕My GF exploded over dinner with another woman. I said, “I didn’t cheat”—her own words shut her up!"", ""description"": ""📖 Story Synopsis:\nThe door suddenly flew open, and Judy stormed in like a madwoman.\n“Alex, who did you have dinner with tonight?”\nAlex looked at her calmly. “Fiona. My assistant. You know her too.”\n“You…” Judy’s voice shot up several octaves. “That bitch is obviously after you, and you still went to dinner alone with her?”\n“No, it was just work.” Alex gave her an innocent look. “You need to trust me. You’re the only woman I consider my girlfriend. As long as I’m not cheating on you, what are you worried about? And whatever she thinks about me is her problem. What does it have to do with me?”\nThe room suddenly fell silent.\nJudy swallowed with difficulty, as though every word she wanted to say had gotten stuck in her throat.\nBecause those were the exact same words she had once used to explain herself to Alex.\nNow that the boomerang had come flying back at her, she finally understood just how much it hurt."", ""thumbnails"": {""default"": {""url"": ""https://i.ytimg.com/vi/muxk2be9b3g/default.jpg"", ""width"": 120, ""height"": 90}, ""medium"": {""url"": ""https://i.ytimg.com/vi/muxk2be9b3g/mqdefault.jpg"", ""width"": 320, ""height"": 180}, ""high"": {""url"": ""https://i.ytimg.com/vi/muxk2be9b3g/hqdefault.jpg"", ""width"": 480, ""height"": 360}, ""standard"": {""url"": ""https://i.ytimg.com/vi/muxk2be9b3g/sddefault.jpg"", ""width"": 640, ""height"": 480}, ""maxres"": {""url"": ""https://i.ytimg.com/vi/muxk2be9b3g/maxresdefault.jpg"", ""width"": 1280, ""height"": 720}}, ""channelTitle"": ""Meow's Cafe"", ""categoryId"": ""1"", ""liveBroadcastContent"": ""none"", ""defaultLanguage"": ""en"", ""localized"": {""title"": ""📕My GF exploded over dinner with another woman. I said, “I didn’t cheat”—her own words shut her up!"", ""description"": ""📖 Story Synopsis:\nThe door suddenly flew open, and Judy stormed in like a madwoman.\n“Alex, who did you have dinner with tonight?”\nAlex looked at her calmly. “Fiona. My assistant. You know her too.”\n“You…” Judy’s voice shot up several octaves. “That bitch is obviously after you, and you still went to dinner alone with her?”\n“No, it was just work.” Alex gave her an innocent look. “You need to trust me. You’re the only woman I consider my girlfriend. As long as I’m not cheating on you, what are you worried about? And whatever she thinks about me is her problem. What does it have to do with me?”\nThe room suddenly fell silent.\nJudy swallowed with difficulty, as though every word she wanted to say had gotten stuck in her throat.\nBecause those were the exact same words she had once used to explain herself to Alex.\nNow that the boomerang had come flying back at her, she finally understood just how much it hurt.""}, ""defaultAudioLanguage"": ""en""}, ""contentDetails"": {""duration"": ""PT48M3S"", ""dimension"": ""2d"", ""definition"": ""hd"", ""caption"": ""true"", ""licensedContent"": true, ""contentRating"": {}, ""projection"": ""rectangular""}, ""status"": {""uploadStatus"": ""processed"", ""privacyStatus"": ""public"", ""license"": ""creativeCommon"", ""embeddable"": true, ""publicStatsViewable"": true, ""madeForKids"": false}, ""statistics"": {""viewCount"": ""36956"", ""likeCount"": ""996"", ""favoriteCount"": ""0"", ""commentCount"": ""122""}}",2026-10-01T06:14:18.684168+00:00,2026-10-01T06:14:18.684168+00:00,2883.0,8.384498659351852,26.950968719558393,3.301223076090486,0,over_180_seconds
ox8CMjoszTQ,UC4Dp5pw1_R4gv0N-FBeyB8A,Meow's Cafe,📕My boss GF faked amnesia and asked who I was. I said “just a coworker.” She relaxed—and so did I!,"📖 Story Synopsis:
I went through hell and spent three whole years finally winning over my female boss.
Then, on the third day of our relationship, she lost her memory.
I was done. Let the whole world burn.
I simply didn’t have the energy to pursue her all over again.
So when my girlfriend asked who I was, I answered under the silent gaze of her family,
“I’m your coworker.”
The moment I said it, I knew everyone breathed a sigh of relief.
Including me.
And, of course, including her—the woman who was only pretending to have amnesia.",2026-09-21T21:00:30Z,PT39M21S,37806,1137,124,0,1,,en,en,1,none,https://i.ytimg.com/vi/ox8CMjoszTQ/default.jpg,https://i.ytimg.com/vi/ox8CMjoszTQ/mqdefault.jpg,https://i.ytimg.com/vi/ox8CMjoszTQ/hqdefault.jpg,public,"{""kind"": ""youtube#video"", ""etag"": ""Pl6P2xJWo70hxa0ieUJi-cyMzJ4"", ""id"": ""ox8CMjoszTQ"", ""snippet"": {""publishedAt"": ""2026-09-21T21:00:30Z"", ""channelId"": ""UC4Dp5pw1_R4gv0N-FBeyB8A"", ""title"": ""📕My boss GF faked amnesia and asked who I was. I said “just a coworker.” She relaxed—and so did I!"", ""description"": ""📖 Story Synopsis:\nI went through hell and spent three whole years finally winning over my female boss.\nThen, on the third day of our relationship, she lost her memory.\nI was done. Let the whole world burn.\nI simply didn’t have the energy to pursue her all over again.\nSo when my girlfriend asked who I was, I answered under the silent gaze of her family,\n“I’m your coworker.”\nThe moment I said it, I knew everyone breathed a sigh of relief.\nIncluding me.\nAnd, of course, including her—the woman who was only pretending to have amnesia."", ""thumbnails"": {""default"": {""url"": ""https://i.ytimg.com/vi/ox8CMjoszTQ/default.jpg"", ""width"": 120, ""height"": 90}, ""medium"": {""url"": ""https://i.ytimg.com/vi/ox8CMjoszTQ/mqdefault.jpg"", ""width"": 320, ""height"": 180}, ""high"": {""url"": ""https://i.ytimg.com/vi/ox8CMjoszTQ/hqdefault.jpg"", ""width"": 480, ""height"": 360}, ""standard"": {""url"": ""https://i.ytimg.com/vi/ox8CMjoszTQ/sddefault.jpg"", ""width"": 640, ""height"": 480}, ""maxres"": {""url"": ""https://i.ytimg.com/vi/ox8CMjoszTQ/maxresdefault.jpg"", ""width"": 1280, ""height"": 720}}, ""channelTitle"": ""Meow's Cafe"", ""categoryId"": ""1"", ""liveBroadcastContent"": ""none"", ""defaultLanguage"": ""en"", ""localized"": {""title"": ""📕My boss GF faked amnesia and asked who I was. I said “just a coworker.” She relaxed—and so did I!"", ""description"": ""📖 Story Synopsis:\nI went through hell and spent three whole years finally winning over my female boss.\nThen, on the third day of our relationship, she lost her memory.\nI was done. Let the whole world burn.\nI simply didn’t have the energy to pursue her all over again.\nSo when my girlfriend asked who I was, I answered under the silent gaze of her family,\n“I’m your coworker.”\nThe moment I said it, I knew everyone breathed a sigh of relief.\nIncluding me.\nAnd, of course, including her—the woman who was only pretending to have amnesia.""}, ""defaultAudioLanguage"": ""en""}, ""contentDetails"": {""duration"": ""PT39M21S"", ""dimension"": ""2d"", ""definition"": ""hd"", ""caption"": ""true"", ""licensedContent"": true, ""contentRating"": {}, ""projection"": ""rectangular""}, ""status"": {""uploadStatus"": ""processed"", ""privacyStatus"": ""public"", ""license"": ""creativeCommon"", ""embeddable"": true, ""publicStatsViewable"": true, ""madeForKids"": false}, ""statistics"": {""viewCount"": ""37806"", ""likeCount"": ""1137"", ""favoriteCount"": ""0"", ""commentCount"": ""124""}}",2026-10-01T06:14:18.684168+00:00,2026-10-01T06:14:18.684168+00:00,2361.0,9.384591251944444,30.074591334708778,3.279902660953288,0,over_180_seconds
KgZsH_ihLz0,UC4Dp5pw1_R4gv0N-FBeyB8A,Meow's Cafe,"📕She stayed out till 3 AM; I canceled the venue, wedding, and honeymoon—she rushed home like crazy!","📖 Story Synopsis:
My fiancée said she was going out with her best friend to clear her head, and didn’t come back by three in the morning.
 I didn’t call. I didn’t text. I didn’t even roll over.
At dawn, I called the sales office and canceled the wedding apartment I had booked for half a year—a ten-million-priced property.
 I also casually canceled the wedding planner, the hotel, and the honeymoon flights.
Everything was settled by nine thirty.
There was still half an hour before the hotpot restaurant opened, so I decided to get a haircut first.
When she rushed back after receiving the refund notifications, the hotpot broth was already almost reduced to nothing.",2026-09-20T21:00:34Z,PT34M10S,32333,860,67,0,1,,en,en,1,none,https://i.ytimg.com/vi/KgZsH_ihLz0/default.jpg,https://i.ytimg.com/vi/KgZsH_ihLz0/mqdefault.jpg,https://i.ytimg.com/vi/KgZsH_ihLz0/hqdefault.jpg,public,"{""kind"": ""youtube#video"", ""etag"": ""8lUIpgQPq051_O3S7y7ShVQj-oU"", ""id"": ""KgZsH_ihLz0"", ""snippet"": {""publishedAt"": ""2026-09-20T21:00:34Z"", ""channelId"": ""UC4Dp5pw1_R4gv0N-FBeyB8A"", ""title"": ""📕She stayed out till 3 AM; I canceled the venue, wedding, and honeymoon—she rushed home like crazy!"", ""description"": ""📖 Story Synopsis:\nMy fiancée said she was going out with her best friend to clear her head, and didn’t come back by three in the morning.\n I didn’t call. I didn’t text. I didn’t even roll over.\nAt dawn, I called the sales office and canceled the wedding apartment I had booked for half a year—a ten-million-priced property.\n I also casually canceled the wedding planner, the hotel, and the honeymoon flights.\nEverything was settled by nine thirty.\nThere was still half an hour before the hotpot restaurant opened, so I decided to get a haircut first.\nWhen she rushed back after receiving the refund notifications, the hotpot broth was already almost reduced to nothing."", ""thumbnails"": {""default"": {""url"": ""https://i.ytimg.com/vi/KgZsH_ihLz0/default.jpg"", ""width"": 120, ""height"": 90}, ""medium"": {""url"": ""https://i.ytimg.com/vi/KgZsH_ihLz0/mqdefault.jpg"", ""width"": 320, ""height"": 180}, ""high"": {""url"": ""https://i.ytimg.com/vi/KgZsH_ihLz0/hqdefault.jpg"", ""width"": 480, ""height"": 360}, ""standard"": {""url"": ""https://i.ytimg.com/vi/KgZsH_ihLz0/sddefault.jpg"", ""width"": 640, ""height"": 480}, ""maxres"": {""url"": ""https://i.ytimg.com/vi/KgZsH_ihLz0/maxresdefault.jpg"", ""width"": 1280, ""height"": 720}}, ""channelTitle"": ""Meow's Cafe"", ""categoryId"": ""1"", ""liveBroadcastContent"": ""none"", ""defaultLanguage"": ""en"", ""localized"": {""title"": ""📕She stayed out till 3 AM; I canceled the venue, wedding, and honeymoon—she rushed home like crazy!"", ""description"": ""📖 Story Synopsis:\nMy fiancée said she was going out with her best friend to clear her head, and didn’t come back by three in the morning.\n I didn’t call. I didn’t text. I didn’t even roll over.\nAt dawn, I called the sales office and canceled the wedding apartment I had booked for half a year—a ten-million-priced property.\n I also casually canceled the wedding planner, the hotel, and the honeymoon flights.\nEverything was settled by nine thirty.\nThere was still half an hour before the hotpot restaurant opened, so I decided to get a haircut first.\nWhen she rushed back after receiving the refund notifications, the hotpot broth was already almost reduced to nothing.""}, ""defaultAudioLanguage"": ""en""}, ""contentDetails"": {""duration"": ""PT34M10S"", ""dimension"": ""2d"", ""definition"": ""hd"", ""caption"": ""true"", ""licensedContent"": true, ""contentRating"": {}, ""projection"": ""rectangular""}, ""status"": {""uploadStatus"": ""processed"", ""privacyStatus"": ""public"", ""license"": ""creativeCommon"", ""embeddable"": true, ""publicStatsViewable"": true, ""madeForKids"": false}, ""statistics"": {""viewCount"": ""32333"", ""likeCount"": ""860"", ""favoriteCount"": ""0"", ""commentCount"": ""67""}}",2026-10-01T06:14:18.684168+00:00,2026-10-01T06:14:18.684168+00:00,2050.0,10.384544955648149,26.598212352704667,2.0721863111990846,0,over_180_seconds
zXeifgaRYDM,UC4Dp5pw1_R4gv0N-FBeyB8A,Meow's Cafe,📕An intern sent pics with my CEO wife to taunt me—I called cops at their office; one line froze them,"📖 Story Synopsis:
After our startup became a success,
I started resting on my laurels and living off everything I’d already accomplished.
Every day, I’d show my face at the office, then head home and play video games.
Who would’ve thought that, right in the middle of an intense gaming session, my wife’s intern assistant would send me a cozy photo of the two of them together.
The caption read:
Thanks for stepping aside and letting me have your wife.
I didn’t waste time arguing with him.
The next day, I went straight to the office, cornered the two of them, and called the police.
“Hello!
My wife is being coerced by someone!
I’ve already detained the suspect!
Please get here as soon as possible!”",2026-09-20T14:00:27Z,PT1H40M15S,22875,931,192,0,1,,en,en,1,none,https://i.ytimg.com/vi/zXeifgaRYDM/default.jpg,https://i.ytimg.com/vi/zXeifgaRYDM/mqdefault.jpg,https://i.ytimg.com/vi/zXeifgaRYDM/hqdefault.jpg,public,"{""kind"": ""youtube#video"", ""etag"": ""-jm7RtfD9wXa8ybkgoYvQUQCl24"", ""id"": ""zXeifgaRYDM"", ""snippet"": {""publishedAt"": ""2026-09-20T14:00:27Z"", ""channelId"": ""UC4Dp5pw1_R4gv0N-FBeyB8A"", ""title"": ""📕An intern sent pics with my CEO wife to taunt me—I called cops at their office; one line froze them"", ""description"": ""📖 Story Synopsis:\nAfter our startup became a success,\nI started resting on my laurels and living off everything I’d already accomplished.\nEvery day, I’d show my face at the office, then head home and play video games.\nWho would’ve thought that, right in the middle of an intense gaming session, my wife’s intern assistant would send me a cozy photo of the two of them together.\nThe caption read:\nThanks for stepping aside and letting me have your wife.\nI didn’t waste time arguing with him.\nThe next day, I went straight to the office, cornered the two of them, and called the police.\n“Hello!\nMy wife is being coerced by someone!\nI’ve already detained the suspect!\nPlease get here as soon as possible!”"", ""thumbnails"": {""default"": {""url"": ""https://i.ytimg.com/vi/zXeifgaRYDM/default.jpg"", ""width"": 120, ""height"": 90}, ""medium"": {""url"": ""https://i.ytimg.com/vi/zXeifgaRYDM/mqdefault.jpg"", ""width"": 320, ""height"": 180}, ""high"": {""url"": ""https://i.ytimg.com/vi/zXeifgaRYDM/hqdefault.jpg"", ""width"": 480, ""height"": 360}, ""standard"": {""url"": ""https://i.ytimg.com/vi/zXeifgaRYDM/sddefault.jpg"", ""width"": 640, ""height"": 480}, ""maxres"": {""url"": ""https://i.ytimg.com/vi/zXeifgaRYDM/maxresdefault.jpg"", ""width"": 1280, ""height"": 720}}, ""channelTitle"": ""Meow's Cafe"", ""categoryId"": ""1"", ""liveBroadcastContent"": ""none"", ""defaultLanguage"": ""en"", ""localized"": {""title"": ""📕An intern sent pics with my CEO wife to taunt me—I called cops at their office; one line froze them"", ""description"": ""📖 Story Synopsis:\nAfter our startup became a success,\nI started resting on my laurels and living off everything I’d already accomplished.\nEvery day, I’d show my face at the office, then head home and play video games.\nWho would’ve thought that, right in the middle of an intense gaming session, my wife’s intern assistant would send me a cozy photo of the two of them together.\nThe caption read:\nThanks for stepping aside and letting me have your wife.\nI didn’t waste time arguing with him.\nThe next day, I went straight to the office, cornered the two of them, and called the police.\n“Hello!\nMy wife is being coerced by someone!\nI’ve already detained the suspect!\nPlease get here as soon as possible!”""}, ""defaultAudioLanguage"": ""en""}, ""contentDetails"": {""duration"": ""PT1H40M15S"", ""dimension"": ""2d"", ""definition"": ""hd"", ""caption"": ""true"", ""licensedContent"": true, ""contentRating"": {}, ""projection"": ""rectangular""}, ""status"": {""uploadStatus"": ""processed"", ""privacyStatus"": ""public"", ""license"": ""creativeCommon"", ""embeddable"": true, ""publicStatsViewable"": true, ""madeForKids"": false}, ""statistics"": {""viewCount"": ""22875"", ""likeCount"": ""931"", ""favoriteCount"": ""0"", ""commentCount"": ""192""}}",2026-10-01T06:14:18.684168+00:00,2026-10-01T06:14:18.684168+00:00,6015.0,10.676292640833333,40.69945355191257,8.39344262295082,0,over_180_seconds
MAl1JDkhEUQ,UC4Dp5pw1_R4gv0N-FBeyB8A,Meow's Cafe,📕My rich ex-wife brought our son to take me back—only to find me living my best life without them!,"📖 Story Synopsis:
My wife, Willow, and I grew up together in an orphanage.
We went from strangers to friends, then lovers, and eventually became husband and wife and had a child together.
We were each other’s only family and sole source of support.
But never in my wildest dreams did I imagine that shortly after giving birth, Willow would be found by her wealthy biological parents and brought back into the Liu family.
Naturally, they looked down on me.
Not only did they refuse to accept me, but they also wanted Willow to divorce me and marry someone else—preferably into the Ito family.
Yet despite the immense pressure from her family, Willow Liu adamantly refused to give in. She would rather die than divorce me.
In the end, both sides reached a compromise.
Our son took the Liu surname, Willow became the Liu family’s sole heiress, and I became the husband who had married into her wealthy family.
But years later, I placed a divorce agreement in front of Willow.
When she asked me why, I calmly set down my fork and said,
“Because the food has gone cold, and I can’t stomach it anymore.”",2026-09-19T21:00:16Z,PT42M23S,18717,661,78,0,1,,en,en,1,none,https://i.ytimg.com/vi/MAl1JDkhEUQ/default.jpg,https://i.ytimg.com/vi/MAl1JDkhEUQ/mqdefault.jpg,https://i.ytimg.com/vi/MAl1JDkhEUQ/hqdefault.jpg,public,"{""kind"": ""youtube#video"", ""etag"": ""q9fJX4TpXt_dIrJFvfYvP1LdBRA"", ""id"": ""MAl1JDkhEUQ"", ""snippet"": {""publishedAt"": ""2026-09-19T21:00:16Z"", ""channelId"": ""UC4Dp5pw1_R4gv0N-FBeyB8A"", ""title"": ""📕My rich ex-wife brought our son to take me back—only to find me living my best life without them!"", ""description"": ""📖 Story Synopsis:\nMy wife, Willow, and I grew up together in an orphanage.\nWe went from strangers to friends, then lovers, and eventually became husband and wife and had a child together.\nWe were each other’s only family and sole source of support.\nBut never in my wildest dreams did I imagine that shortly after giving birth, Willow would be found by her wealthy biological parents and brought back into the Liu family.\nNaturally, they looked down on me.\nNot only did they refuse to accept me, but they also wanted Willow to divorce me and marry someone else—preferably into the Ito family.\nYet despite the immense pressure from her family, Willow Liu adamantly refused to give in. She would rather die than divorce me.\nIn the end, both sides reached a compromise.\nOur son took the Liu surname, Willow became the Liu family’s sole heiress, and I became the husband who had married into her wealthy family.\nBut years later, I placed a divorce agreement in front of Willow.\nWhen she asked me why, I calmly set down my fork and said,\n“Because the food has gone cold, and I can’t stomach it anymore.”"", ""thumbnails"": {""default"": {""url"": ""https://i.ytimg.com/vi/MAl1JDkhEUQ/default.jpg"", ""width"": 120, ""height"": 90}, ""medium"": {""url"": ""https://i.ytimg.com/vi/MAl1JDkhEUQ/mqdefault.jpg"", ""width"": 320, ""height"": 180}, ""high"": {""url"": ""https://i.ytimg.com/vi/MAl1JDkhEUQ/hqdefault.jpg"", ""width"": 480, ""height"": 360}, ""standard"": {""url"": ""https://i.ytimg.com/vi/MAl1JDkhEUQ/sddefault.jpg"", ""width"": 640, ""height"": 480}, ""maxres"": {""url"": ""https://i.ytimg.com/vi/MAl1JDkhEUQ/maxresdefault.jpg"", ""width"": 1280, ""height"": 720}}, ""channelTitle"": ""Meow's Cafe"", ""categoryId"": ""1"", ""liveBroadcastContent"": ""none"", ""defaultLanguage"": ""en"", ""localized"": {""title"": ""📕My rich ex-wife brought our son to take me back—only to find me living my best life without them!"", ""description"": ""📖 Story Synopsis:\nMy wife, Willow, and I grew up together in an orphanage.\nWe went from strangers to friends, then lovers, and eventually became husband and wife and had a child together.\nWe were each other’s only family and sole source of support.\nBut never in my wildest dreams did I imagine that shortly after giving birth, Willow would be found by her wealthy biological parents and brought back into the Liu family.\nNaturally, they looked down on me.\nNot only did they refuse to accept me, but they also wanted Willow to divorce me and marry someone else—preferably into the Ito family.\nYet despite the immense pressure from her family, Willow Liu adamantly refused to give in. She would rather die than divorce me.\nIn the end, both sides reached a compromise.\nOur son took the Liu surname, Willow became the Liu family’s sole heiress, and I became the husband who had married into her wealthy family.\nBut years later, I placed a divorce agreement in front of Willow.\nWhen she asked me why, I calmly set down my fork and said,\n“Because the food has gone cold, and I can’t stomach it anymore.”""}, ""defaultAudioLanguage"": ""en""}, ""contentDetails"": {""duration"": ""PT42M23S"", ""dimension"": ""2d"", ""definition"": ""hd"", ""caption"": ""true"", ""licensedContent"": true, ""contentRating"": {}, ""projection"": ""rectangular""}, ""status"": {""uploadStatus"": ""processed"", ""privacyStatus"": ""public"", ""license"": ""creativeCommon"", ""embeddable"": true, ""publicStatsViewable"": true, ""madeForKids"": false}, ""statistics"": {""viewCount"": ""18717"", ""likeCount"": ""661"", ""favoriteCount"": ""0"", ""commentCount"": ""78""}}",2026-10-01T06:14:18.684168+00:00,2026-10-01T06:14:18.684168+00:00,2543.0,11.384753288981482,35.31548859325746,4.167334508735374,0,over_180_seconds
isihpc5r1UA,UC4Dp5pw1_R4gv0N-FBeyB8A,Meow's Cafe,📕I left her with nothing; she thought that was revenge—until her first love ditched her for this!,"📖 Story Synopsis:
After my wife went through a breakup, she cried alone every day until late into the night.
I chose to turn a deaf ear, half blind and half deaf, just hoping to get through it smoothly!
Unexpectedly, the next day, she actually accused me of not caring about her.
Sophia pointed at my nose and cursed me:
“I married you only to realize I was blind!”
“I’m heartbroken here and you don’t even bother to comfort me!”
Hearing this, I felt deeply ashamed.
So I called all eight of my girlfriends I was secretly keeping outside and brought them home.
Let them take turns comforting her.
After all, women understand women better.
And there were so many of them.
But what I never expected was—
she completely broke down emotionally.",2026-09-19T14:00:09Z,PT1H20M57S,15295,455,98,0,1,,en,en,1,none,https://i.ytimg.com/vi/isihpc5r1UA/default.jpg,https://i.ytimg.com/vi/isihpc5r1UA/mqdefault.jpg,https://i.ytimg.com/vi/isihpc5r1UA/hqdefault.jpg,public,"{""kind"": ""youtube#video"", ""etag"": ""997xfJCQWXYCup9eeQgKHVQdJMU"", ""id"": ""isihpc5r1UA"", ""snippet"": {""publishedAt"": ""2026-09-19T14:00:09Z"", ""channelId"": ""UC4Dp5pw1_R4gv0N-FBeyB8A"", ""title"": ""📕I left her with nothing; she thought that was revenge—until her first love ditched her for this!"", ""description"": ""📖 Story Synopsis:\nAfter my wife went through a breakup, she cried alone every day until late into the night.\nI chose to turn a deaf ear, half blind and half deaf, just hoping to get through it smoothly!\nUnexpectedly, the next day, she actually accused me of not caring about her.\nSophia pointed at my nose and cursed me:\n“I married you only to realize I was blind!”\n“I’m heartbroken here and you don’t even bother to comfort me!”\nHearing this, I felt deeply ashamed.\nSo I called all eight of my girlfriends I was secretly keeping outside and brought them home.\nLet them take turns comforting her.\nAfter all, women understand women better.\nAnd there were so many of them.\nBut what I never expected was—\nshe completely broke down emotionally."", ""thumbnails"": {""default"": {""url"": ""https://i.ytimg.com/vi/isihpc5r1UA/default.jpg"", ""width"": 120, ""height"": 90}, ""medium"": {""url"": ""https://i.ytimg.com/vi/isihpc5r1UA/mqdefault.jpg"", ""width"": 320, ""height"": 180}, ""high"": {""url"": ""https://i.ytimg.com/vi/isihpc5r1UA/hqdefault.jpg"", ""width"": 480, ""height"": 360}, ""standard"": {""url"": ""https://i.ytimg.com/vi/isihpc5r1UA/sddefault.jpg"", ""width"": 640, ""height"": 480}, ""maxres"": {""url"": ""https://i.ytimg.com/vi/isihpc5r1UA/maxresdefault.jpg"", ""width"": 1280, ""height"": 720}}, ""channelTitle"": ""Meow's Cafe"", ""categoryId"": ""1"", ""liveBroadcastContent"": ""none"", ""defaultLanguage"": ""en"", ""localized"": {""title"": ""📕I left her with nothing; she thought that was revenge—until her first love ditched her for this!"", ""description"": ""📖 Story Synopsis:\nAfter my wife went through a breakup, she cried alone every day until late into the night.\nI chose to turn a deaf ear, half blind and half deaf, just hoping to get through it smoothly!\nUnexpectedly, the next day, she actually accused me of not caring about her.\nSophia pointed at my nose and cursed me:\n“I married you only to realize I was blind!”\n“I’m heartbroken here and you don’t even bother to comfort me!”\nHearing this, I felt deeply ashamed.\nSo I called all eight of my girlfriends I was secretly keeping outside and brought them home.\nLet them take turns comforting her.\nAfter all, women understand women better.\nAnd there were so many of them.\nBut what I never expected was—\nshe completely broke down emotionally.""}, ""defaultAudioLanguage"": ""en""}, ""contentDetails"": {""duration"": ""PT1H20M57S"", ""dimension"": ""2d"", ""definition"": ""hd"", ""caption"": ""true"", ""licensedContent"": true, ""contentRating"": {}, ""projection"": ""rectangular""}, ""status"": {""uploadStatus"": ""processed"", ""privacyStatus"": ""public"", ""license"": ""creativeCommon"", ""embeddable"": true, ""publicStatsViewable"": true, ""madeForKids"": false}, ""statistics"": {""viewCount"": ""15295"", ""likeCount"": ""455"", ""favoriteCount"": ""0"", ""commentCount"": ""98""}}",2026-10-01T06:14:18.684168+00:00,2026-10-01T06:14:18.684168+00:00,4857.0,11.676500974166666,29.748283752860413,6.407322654462242,0,over_180_seconds
V_oeQsmasFM,UC4Dp5pw1_R4gv0N-FBeyB8A,Meow's Cafe,"📕My wife cheated with her bestie’s boyfriend; her bestie proposed revenge, but her method stunned me","📖 Story Synopsis:
After my wife went through a breakup, she cried alone every day until late into the night.
I chose to turn a deaf ear, half blind and half deaf, just hoping to get through it smoothly!
Unexpectedly, the next day, she actually accused me of not caring about her.
Sophia pointed at my nose and cursed me:
“I married you only to realize I was blind!”
“I’m heartbroken here and you don’t even bother to comfort me!”
Hearing this, I felt deeply ashamed.
So I called all eight of my girlfriends I was secretly keeping outside and brought them home.
Let them take turns comforting her.
After all, women understand women better.
And there were so many of them.
But what I never expected was—
she completely broke down emotionally.",2026-09-18T21:00:11Z,PT36M10S,19153,446,36,0,1,,en,en,1,none,https://i.ytimg.com/vi/V_oeQsmasFM/default.jpg,https://i.ytimg.com/vi/V_oeQsmasFM/mqdefault.jpg,https://i.ytimg.com/vi/V_oeQsmasFM/hqdefault.jpg,public,"{""kind"": ""youtube#video"", ""etag"": ""hIpKNAQPTwdvxJzFmfNjFqtrA6s"", ""id"": ""V_oeQsmasFM"", ""snippet"": {""publishedAt"": ""2026-09-18T21:00:11Z"", ""channelId"": ""UC4Dp5pw1_R4gv0N-FBeyB8A"", ""title"": ""📕My wife cheated with her bestie’s boyfriend; her bestie proposed revenge, but her method stunned me"", ""description"": ""📖 Story Synopsis:\nAfter my wife went through a breakup, she cried alone every day until late into the night.\nI chose to turn a deaf ear, half blind and half deaf, just hoping to get through it smoothly!\nUnexpectedly, the next day, she actually accused me of not caring about her.\nSophia pointed at my nose and cursed me:\n“I married you only to realize I was blind!”\n“I’m heartbroken here and you don’t even bother to comfort me!”\nHearing this, I felt deeply ashamed.\nSo I called all eight of my girlfriends I was secretly keeping outside and brought them home.\nLet them take turns comforting her.\nAfter all, women understand women better.\nAnd there were so many of them.\nBut what I never expected was—\nshe completely broke down emotionally."", ""thumbnails"": {""default"": {""url"": ""https://i.ytimg.com/vi/V_oeQsmasFM/default.jpg"", ""width"": 120, ""height"": 90}, ""medium"": {""url"": ""https://i.ytimg.com/vi/V_oeQsmasFM/mqdefault.jpg"", ""width"": 320, ""height"": 180}, ""high"": {""url"": ""https://i.ytimg.com/vi/V_oeQsmasFM/hqdefault.jpg"", ""width"": 480, ""height"": 360}, ""standard"": {""url"": ""https://i.ytimg.com/vi/V_oeQsmasFM/sddefault.jpg"", ""width"": 640, ""height"": 480}, ""maxres"": {""url"": ""https://i.ytimg.com/vi/V_oeQsmasFM/maxresdefault.jpg"", ""width"": 1280, ""height"": 720}}, ""channelTitle"": ""Meow's Cafe"", ""categoryId"": ""1"", ""liveBroadcastContent"": ""none"", ""defaultLanguage"": ""en"", ""localized"": {""title"": ""📕My wife cheated with her bestie’s boyfriend; her bestie proposed revenge, but her method stunned me"", ""description"": ""📖 Story Synopsis:\nAfter my wife went through a breakup, she cried alone every day until late into the night.\nI chose to turn a deaf ear, half blind and half deaf, just hoping to get through it smoothly!\nUnexpectedly, the next day, she actually accused me of not caring about her.\nSophia pointed at my nose and cursed me:\n“I married you only to realize I was blind!”\n“I’m heartbroken here and you don’t even bother to comfort me!”\nHearing this, I felt deeply ashamed.\nSo I called all eight of my girlfriends I was secretly keeping outside and brought them home.\nLet them take turns comforting her.\nAfter all, women understand women better.\nAnd there were so many of them.\nBut what I never expected was—\nshe completely broke down emotionally.""}, ""defaultAudioLanguage"": ""en""}, ""contentDetails"": {""duration"": ""PT36M10S"", ""dimension"": ""2d"", ""definition"": ""hd"", ""caption"": ""true"", ""licensedContent"": true, ""contentRating"": {}, ""projection"": ""rectangular""}, ""status"": {""uploadStatus"": ""processed"", ""privacyStatus"": ""public"", ""license"": ""creativeCommon"", ""embeddable"": true, ""publicStatsViewable"": true, ""madeForKids"": false}, ""statistics"": {""viewCount"": ""19153"", ""likeCount"": ""446"", ""favoriteCount"": ""0"", ""commentCount"": ""36""}}",2026-10-01T06:14:18.684168+00:00,2026-10-01T06:14:18.684168+00:00,2170.0,12.384811159351852,23.286169268521903,1.8796011068762073,0,over_180_seconds
0g2x-VQw38Q,UC4Dp5pw1_R4gv0N-FBeyB8A,Meow's Cafe,"📕My wife said I ignored her breakup, so I brought 8 girlfriends to comfort her—she totally broke!","📖 Story Synopsis:
After my wife went through a breakup, she cried alone every day until late into the night.
I chose to turn a deaf ear, half blind and half deaf, just hoping to get through it smoothly!
Unexpectedly, the next day, she actually accused me of not caring about her.
Sophia pointed at my nose and cursed me:
“I married you only to realize I was blind!”
“I’m heartbroken here and you don’t even bother to comfort me!”
Hearing this, I felt deeply ashamed.
So I called all eight of my girlfriends I was secretly keeping outside and brought them home.
Let them take turns comforting her.
After all, women understand women better.
And there were so many of them.
But what I never expected was—
she completely broke down emotionally.",2026-09-17T21:00:02Z,PT35M7S,30474,623,110,0,1,,en,en,1,none,https://i.ytimg.com/vi/0g2x-VQw38Q/default.jpg,https://i.ytimg.com/vi/0g2x-VQw38Q/mqdefault.jpg,https://i.ytimg.com/vi/0g2x-VQw38Q/hqdefault.jpg,public,"{""kind"": ""youtube#video"", ""etag"": ""9F2u5ruM0_kzVoQgwfKCB9uso1M"", ""id"": ""0g2x-VQw38Q"", ""snippet"": {""publishedAt"": ""2026-09-17T21:00:02Z"", ""channelId"": ""UC4Dp5pw1_R4gv0N-FBeyB8A"", ""title"": ""📕My wife said I ignored her breakup, so I brought 8 girlfriends to comfort her—she totally broke!"", ""description"": ""📖 Story Synopsis:\nAfter my wife went through a breakup, she cried alone every day until late into the night.\nI chose to turn a deaf ear, half blind and half deaf, just hoping to get through it smoothly!\nUnexpectedly, the next day, she actually accused me of not caring about her.\nSophia pointed at my nose and cursed me:\n“I married you only to realize I was blind!”\n“I’m heartbroken here and you don’t even bother to comfort me!”\nHearing this, I felt deeply ashamed.\nSo I called all eight of my girlfriends I was secretly keeping outside and brought them home.\nLet them take turns comforting her.\nAfter all, women understand women better.\nAnd there were so many of them.\nBut what I never expected was—\nshe completely broke down emotionally."", ""thumbnails"": {""default"": {""url"": ""https://i.ytimg.com/vi/0g2x-VQw38Q/default.jpg"", ""width"": 120, ""height"": 90}, ""medium"": {""url"": ""https://i.ytimg.com/vi/0g2x-VQw38Q/mqdefault.jpg"", ""width"": 320, ""height"": 180}, ""high"": {""url"": ""https://i.ytimg.com/vi/0g2x-VQw38Q/hqdefault.jpg"", ""width"": 480, ""height"": 360}, ""standard"": {""url"": ""https://i.ytimg.com/vi/0g2x-VQw38Q/sddefault.jpg"", ""width"": 640, ""height"": 480}, ""maxres"": {""url"": ""https://i.ytimg.com/vi/0g2x-VQw38Q/maxresdefault.jpg"", ""width"": 1280, ""height"": 720}}, ""channelTitle"": ""Meow's Cafe"", ""categoryId"": ""1"", ""liveBroadcastContent"": ""none"", ""defaultLanguage"": ""en"", ""localized"": {""title"": ""📕My wife said I ignored her breakup, so I brought 8 girlfriends to comfort her—she totally broke!"", ""description"": ""📖 Story Synopsis:\nAfter my wife went through a breakup, she cried alone every day until late into the night.\nI chose to turn a deaf ear, half blind and half deaf, just hoping to get through it smoothly!\nUnexpectedly, the next day, she actually accused me of not caring about her.\nSophia pointed at my nose and cursed me:\n“I married you only to realize I was blind!”\n“I’m heartbroken here and you don’t even bother to comfort me!”\nHearing this, I felt deeply ashamed.\nSo I called all eight of my girlfriends I was secretly keeping outside and brought them home.\nLet them take turns comforting her.\nAfter all, women understand women better.\nAnd there were so many of them.\nBut what I never expected was—\nshe completely broke down emotionally.""}, ""defaultAudioLanguage"": ""en""}, ""contentDetails"": {""duration"": ""PT35M7S"", ""dimension"": ""2d"", ""definition"": ""hd"", ""caption"": ""true"", ""licensedContent"": true, ""contentRating"": {}, ""projection"": ""rectangular""}, ""status"": {""uploadStatus"": ""processed"", ""privacyStatus"": ""public"", ""license"": ""creativeCommon"", ""embeddable"": true, ""publicStatsViewable"": true, ""madeForKids"": false}, ""statistics"": {""viewCount"": ""30474"", ""likeCount"": ""623"", ""favoriteCount"": ""0"", ""commentCount"": ""110""}}",2026-10-01T06:14:18.684168+00:00,2026-10-01T06:14:18.684168+00:00,2107.0,13.384915326018518,20.443656887838813,3.609634442475553,0,over_180_seconds
bm1vRaNE66I,UC4Dp5pw1_R4gv0N-FBeyB8A,Meow's Cafe,"📕I left without a word; she thought I’d never last 2 days—until I unfriended her, quit, and moved!","📖 Story Synopsis:
On my birthday, I received a loving transfer of 1314 from my girlfriend.
I was touched. I really was.
Until I saw her apprentice’s social media post—a screenshot of a 131,400 transfer.
Caption: My mentor says she’ll love me forever.
I silently pulled out my calculator.
One hundred thirty-one thousand four hundred divided by one thousand three hundred fourteen equals one hundred. 
Apparently, in her heart, I was worth one-hundredth of her apprentice.
Math doesn’t lie.
That night, I packed my things and left for another city.
I had never cared about the money.
But once you see where you rank in someone’s heart, you can’t pretend you didn’t.",2026-09-16T21:00:31Z,PT48M56S,41099,1028,114,0,1,,en,en,1,none,https://i.ytimg.com/vi/bm1vRaNE66I/default.jpg,https://i.ytimg.com/vi/bm1vRaNE66I/mqdefault.jpg,https://i.ytimg.com/vi/bm1vRaNE66I/hqdefault.jpg,public,"{""kind"": ""youtube#video"", ""etag"": ""DR8rvPOjROstQauR_kUqS-MQOcM"", ""id"": ""bm1vRaNE66I"", ""snippet"": {""publishedAt"": ""2026-09-16T21:00:31Z"", ""channelId"": ""UC4Dp5pw1_R4gv0N-FBeyB8A"", ""title"": ""📕I left without a word; she thought I’d never last 2 days—until I unfriended her, quit, and moved!"", ""description"": ""📖 Story Synopsis:\nOn my birthday, I received a loving transfer of 1314 from my girlfriend.\nI was touched. I really was.\nUntil I saw her apprentice’s social media post—a screenshot of a 131,400 transfer.\nCaption: My mentor says she’ll love me forever.\nI silently pulled out my calculator.\nOne hundred thirty-one thousand four hundred divided by one thousand three hundred fourteen equals one hundred. \nApparently, in her heart, I was worth one-hundredth of her apprentice.\nMath doesn’t lie.\nThat night, I packed my things and left for another city.\nI had never cared about the money.\nBut once you see where you rank in someone’s heart, you can’t pretend you didn’t."", ""thumbnails"": {""default"": {""url"": ""https://i.ytimg.com/vi/bm1vRaNE66I/default.jpg"", ""width"": 120, ""height"": 90}, ""medium"": {""url"": ""https://i.ytimg.com/vi/bm1vRaNE66I/mqdefault.jpg"", ""width"": 320, ""height"": 180}, ""high"": {""url"": ""https://i.ytimg.com/vi/bm1vRaNE66I/hqdefault.jpg"", ""width"": 480, ""height"": 360}, ""standard"": {""url"": ""https://i.ytimg.com/vi/bm1vRaNE66I/sddefault.jpg"", ""width"": 640, ""height"": 480}, ""maxres"": {""url"": ""https://i.ytimg.com/vi/bm1vRaNE66I/maxresdefault.jpg"", ""width"": 1280, ""height"": 720}}, ""channelTitle"": ""Meow's Cafe"", ""categoryId"": ""1"", ""liveBroadcastContent"": ""none"", ""defaultLanguage"": ""en"", ""localized"": {""title"": ""📕I left without a word; she thought I’d never last 2 days—until I unfriended her, quit, and moved!"", ""description"": ""📖 Story Synopsis:\nOn my birthday, I received a loving transfer of 1314 from my girlfriend.\nI was touched. I really was.\nUntil I saw her apprentice’s social media post—a screenshot of a 131,400 transfer.\nCaption: My mentor says she’ll love me forever.\nI silently pulled out my calculator.\nOne hundred thirty-one thousand four hundred divided by one thousand three hundred fourteen equals one hundred. \nApparently, in her heart, I was worth one-hundredth of her apprentice.\nMath doesn’t lie.\nThat night, I packed my things and left for another city.\nI had never cared about the money.\nBut once you see where you rank in someone’s heart, you can’t pretend you didn’t.""}, ""defaultAudioLanguage"": ""en""}, ""contentDetails"": {""duration"": ""PT48M56S"", ""dimension"": ""2d"", ""definition"": ""hd"", ""caption"": ""true"", ""licensedContent"": true, ""contentRating"": {}, ""projection"": ""rectangular""}, ""status"": {""uploadStatus"": ""processed"", ""privacyStatus"": ""public"", ""license"": ""creativeCommon"", ""embeddable"": true, ""publicStatsViewable"": true, ""madeForKids"": false}, ""statistics"": {""viewCount"": ""41099"", ""likeCount"": ""1028"", ""favoriteCount"": ""0"", ""commentCount"": ""114""}}",2026-10-01T06:14:18.684168+00:00,2026-10-01T06:14:18.684168+00:00,2936.0,14.38457967787037,25.01277403343147,2.773790116547848,0,over_180_seconds
QfrpsGlVUoY,UC4Dp5pw1_R4gv0N-FBeyB8A,Meow's Cafe,📕I called my GF my first love. The campus queen snapped—then found she'd erased all proof we dated!,"📖 Story Synopsis:
I went to great lengths to win over Willow, the prettiest girl at school.
But after we got together, she treated me coldly.
She never made our relationship public, and whenever she posted online, she only uploaded pictures of herself.
At first, I thought she was simply reserved.
Until one day, I overheard her friend asking her,
“Willow, why does that old classmate of yours keep coming to see you? Don’t tell me you two are dating.”
“Isn’t Makoto, the hottest guy at school, pursuing you? I thought you two were the couple.”
Willow merely replied in an indifferent tone,
“We’re not dating.”
Maria clutched her chest and said,
“You scared me to death! I knew someone as gorgeous as my friend wouldn’t date some four-eyes.”
Willow didn’t correct her.
So I chose a time and asked Willow to meet me.
Then I said to her seriously,
“Willow, could you… pretend we were never together?”
Willow frowned and snapped impatiently,
“George, what the hell has gotten into you?”
I replied,
“No, I’m serious. I’m begging you.”
“If my buddies found out I’d dated an idiot like you, they’d laugh themselves to death.”
“It would be way too embarrassing.”",2026-09-15T21:00:25Z,PT44M4S,44630,1032,72,0,1,,en,en,1,none,https://i.ytimg.com/vi/QfrpsGlVUoY/default.jpg,https://i.ytimg.com/vi/QfrpsGlVUoY/mqdefault.jpg,https://i.ytimg.com/vi/QfrpsGlVUoY/hqdefault.jpg,public,"{""kind"": ""youtube#video"", ""etag"": ""VHDjyVRU5oPL-lAhpMVZW_KXsNQ"", ""id"": ""QfrpsGlVUoY"", ""snippet"": {""publishedAt"": ""2026-09-15T21:00:25Z"", ""channelId"": ""UC4Dp5pw1_R4gv0N-FBeyB8A"", ""title"": ""📕I called my GF my first love. The campus queen snapped—then found she'd erased all proof we dated!"", ""description"": ""📖 Story Synopsis:\nI went to great lengths to win over Willow, the prettiest girl at school.\nBut after we got together, she treated me coldly.\nShe never made our relationship public, and whenever she posted online, she only uploaded pictures of herself.\nAt first, I thought she was simply reserved.\nUntil one day, I overheard her friend asking her,\n“Willow, why does that old classmate of yours keep coming to see you? Don’t tell me you two are dating.”\n“Isn’t Makoto, the hottest guy at school, pursuing you? I thought you two were the couple.”\nWillow merely replied in an indifferent tone,\n“We’re not dating.”\nMaria clutched her chest and said,\n“You scared me to death! I knew someone as gorgeous as my friend wouldn’t date some four-eyes.”\nWillow didn’t correct her.\nSo I chose a time and asked Willow to meet me.\nThen I said to her seriously,\n“Willow, could you… pretend we were never together?”\nWillow frowned and snapped impatiently,\n“George, what the hell has gotten into you?”\nI replied,\n“No, I’m serious. I’m begging you.”\n“If my buddies found out I’d dated an idiot like you, they’d laugh themselves to death.”\n“It would be way too embarrassing.”"", ""thumbnails"": {""default"": {""url"": ""https://i.ytimg.com/vi/QfrpsGlVUoY/default.jpg"", ""width"": 120, ""height"": 90}, ""medium"": {""url"": ""https://i.ytimg.com/vi/QfrpsGlVUoY/mqdefault.jpg"", ""width"": 320, ""height"": 180}, ""high"": {""url"": ""https://i.ytimg.com/vi/QfrpsGlVUoY/hqdefault.jpg"", ""width"": 480, ""height"": 360}, ""standard"": {""url"": ""https://i.ytimg.com/vi/QfrpsGlVUoY/sddefault.jpg"", ""width"": 640, ""height"": 480}, ""maxres"": {""url"": ""https://i.ytimg.com/vi/QfrpsGlVUoY/maxresdefault.jpg"", ""width"": 1280, ""height"": 720}}, ""channelTitle"": ""Meow's Cafe"", ""categoryId"": ""1"", ""liveBroadcastContent"": ""none"", ""defaultLanguage"": ""en"", ""localized"": {""title"": ""📕I called my GF my first love. The campus queen snapped—then found she'd erased all proof we dated!"", ""description"": ""📖 Story Synopsis:\nI went to great lengths to win over Willow, the prettiest girl at school.\nBut after we got together, she treated me coldly.\nShe never made our relationship public, and whenever she posted online, she only uploaded pictures of herself.\nAt first, I thought she was simply reserved.\nUntil one day, I overheard her friend asking her,\n“Willow, why does that old classmate of yours keep coming to see you? Don’t tell me you two are dating.”\n“Isn’t Makoto, the hottest guy at school, pursuing you? I thought you two were the couple.”\nWillow merely replied in an indifferent tone,\n“We’re not dating.”\nMaria clutched her chest and said,\n“You scared me to death! I knew someone as gorgeous as my friend wouldn’t date some four-eyes.”\nWillow didn’t correct her.\nSo I chose a time and asked Willow to meet me.\nThen I said to her seriously,\n“Willow, could you… pretend we were never together?”\nWillow frowned and snapped impatiently,\n“George, what the hell has gotten into you?”\nI replied,\n“No, I’m serious. I’m begging you.”\n“If my buddies found out I’d dated an idiot like you, they’d laugh themselves to death.”\n“It would be way too embarrassing.”""}, ""defaultAudioLanguage"": ""en""}, ""contentDetails"": {""duration"": ""PT44M4S"", ""dimension"": ""2d"", ""definition"": ""hd"", ""caption"": ""true"", ""licensedContent"": true, ""contentRating"": {}, ""projection"": ""rectangular""}, ""status"": {""uploadStatus"": ""processed"", ""privacyStatus"": ""public"", ""license"": ""creativeCommon"", ""embeddable"": true, ""publicStatsViewable"": true, ""madeForKids"": false}, ""statistics"": {""viewCount"": ""44630"", ""likeCount"": ""1032"", ""favoriteCount"": ""0"", ""commentCount"": ""72""}}",2026-10-01T06:14:18.684168+00:00,2026-10-01T06:14:18.684168+00:00,2644.0,15.384649122314816,23.12345955635223,1.6132646202106207,0,over_180_seconds
H8GIzUs4iYQ,UCHPA4fgVIFf4Wfae6-f5qNQ,Hein Recap,She Ditched My Birthday For Her Art Crush - Hein Recap,"Name: She Ditched My Birthday For Her Art Crush

--Summary--
Callahan and Seraphina were inseparable childhood sweethearts whose lifelong bond led everyone to believe they were destined for a happily-ever-after. However, college life alters their dynamic when Bramwell, a charming art major with shared creative passions, maneuvers his way into Seraphina's world. Through calculated manipulation and victim-playing, Bramwell orchestrates conflicts that erode Seraphina’s trust in Callahan. The turning point arrives on Callahan’s birthday: while he waits in the pouring rain with a bouquet of roses prepared for a confession, Seraphina chooses to attend Bramwell’s conflicting birthday gathering instead. Heartbroken and exhausted, Callahan finally gives up his one-sided devotion, distributes the confession roses to his friends, and emotionally withdraws behind polite, distant boundaries. As Seraphina belatedly senses his retreat and spiraling anxiety sets in over the fading warmth she took for granted, Callahan retreats to his safe haven—the campus Literature Club. There, greeting the poised and elegant Senior Genevieve, Callahan steps into an uncertain yet liberating new chapter, leaving the lingering remnants of their shared past open to whatever consequences Seraphina's delayed realization may bring.

Make Sure to like and share the video.
Subscribe for more recap videos.
#manhwa #manga #manhua #manhwarecap
#Manhuarecap #mangarecap #manhwarecaps #mangarecaps #reborn #reincarnation #regression #harem #villain",2026-09-30T17:02:34Z,PT1H33M59S,4125,118,24,0,1,"[""manhwa recap"", ""anime recap"", ""anicap"", ""the manhwa man"", ""manhwa"", ""webtoon"", ""manhwa recaps"", ""manhwa cap"", ""webtoon recap"", ""manga recaps"", ""manga recap"", ""manhwa capped"", ""anime recaps"", ""manhua"", ""Wedding"", ""Finance""]",en,en,0,none,https://i.ytimg.com/vi/H8GIzUs4iYQ/default.jpg,https://i.ytimg.com/vi/H8GIzUs4iYQ/mqdefault.jpg,https://i.ytimg.com/vi/H8GIzUs4iYQ/hqdefault.jpg,public,"{""kind"": ""youtube#video"", ""etag"": ""DhFvT1sTmV8UAOBbtCbNPfTlbEE"", ""id"": ""H8GIzUs4iYQ"", ""snippet"": {""publishedAt"": ""2026-09-30T17:02:34Z"", ""channelId"": ""UCHPA4fgVIFf4Wfae6-f5qNQ"", ""title"": ""She Ditched My Birthday For Her Art Crush - Hein Recap"", ""description"": ""Name: She Ditched My Birthday For Her Art Crush\n\n--Summary--\nCallahan and Seraphina were inseparable childhood sweethearts whose lifelong bond led everyone to believe they were destined for a happily-ever-after. However, college life alters their dynamic when Bramwell, a charming art major with shared creative passions, maneuvers his way into Seraphina's world. Through calculated manipulation and victim-playing, Bramwell orchestrates conflicts that erode Seraphina’s trust in Callahan. The turning point arrives on Callahan’s birthday: while he waits in the pouring rain with a bouquet of roses prepared for a confession, Seraphina chooses to attend Bramwell’s conflicting birthday gathering instead. Heartbroken and exhausted, Callahan finally gives up his one-sided devotion, distributes the confession roses to his friends, and emotionally withdraws behind polite, distant boundaries. As Seraphina belatedly senses his retreat and spiraling anxiety sets in over the fading warmth she took for granted, Callahan retreats to his safe haven—the campus Literature Club. There, greeting the poised and elegant Senior Genevieve, Callahan steps into an uncertain yet liberating new chapter, leaving the lingering remnants of their shared past open to whatever consequences Seraphina's delayed realization may bring.\n\nMake Sure to like and share the video.\nSubscribe for more recap videos.\n#manhwa #manga #manhua #manhwarecap\n#Manhuarecap #mangarecap #manhwarecaps #mangarecaps #reborn #reincarnation #regression #harem #villain"", ""thumbnails"": {""default"": {""url"": ""https://i.ytimg.com/vi/H8GIzUs4iYQ/default.jpg"", ""width"": 120, ""height"": 90}, ""medium"": {""url"": ""https://i.ytimg.com/vi/H8GIzUs4iYQ/mqdefault.jpg"", ""width"": 320, ""height"": 180}, ""high"": {""url"": ""https://i.ytimg.com/vi/H8GIzUs4iYQ/hqdefault.jpg"", ""width"": 480, ""height"": 360}, ""standard"": {""url"": ""https://i.ytimg.com/vi/H8GIzUs4iYQ/sddefault.jpg"", ""width"": 640, ""height"": 480}, ""maxres"": {""url"": ""https://i.ytimg.com/vi/H8GIzUs4iYQ/maxresdefault.jpg"", ""width"": 1280, ""height"": 720}, ""fhd"": {""url"": ""https://i.ytimg.com/vi/H8GIzUs4iYQ/fhddefault.jpg"", ""width"": 1920, ""height"": 1080}}, ""channelTitle"": ""Hein Recap"", ""tags"": [""manhwa recap"", ""anime recap"", ""anicap"", ""the manhwa man"", ""manhwa"", ""webtoon"", ""manhwa recaps"", ""manhwa cap"", ""webtoon recap"", ""manga recaps"", ""manga recap"", ""manhwa capped"", ""anime recaps"", ""manhua"", ""Wedding"", ""Finance""], ""categoryId"": ""1"", ""liveBroadcastContent"": ""none"", ""defaultLanguage"": ""en"", ""localized"": {""title"": ""She Ditched My Birthday For Her Art Crush - Hein Recap"", ""description"": ""Name: She Ditched My Birthday For Her Art Crush\n\n--Summary--\nCallahan and Seraphina were inseparable childhood sweethearts whose lifelong bond led everyone to believe they were destined for a happily-ever-after. However, college life alters their dynamic when Bramwell, a charming art major with shared creative passions, maneuvers his way into Seraphina's world. Through calculated manipulation and victim-playing, Bramwell orchestrates conflicts that erode Seraphina’s trust in Callahan. The turning point arrives on Callahan’s birthday: while he waits in the pouring rain with a bouquet of roses prepared for a confession, Seraphina chooses to attend Bramwell’s conflicting birthday gathering instead. Heartbroken and exhausted, Callahan finally gives up his one-sided devotion, distributes the confession roses to his friends, and emotionally withdraws behind polite, distant boundaries. As Seraphina belatedly senses his retreat and spiraling anxiety sets in over the fading warmth she took for granted, Callahan retreats to his safe haven—the campus Literature Club. There, greeting the poised and elegant Senior Genevieve, Callahan steps into an uncertain yet liberating new chapter, leaving the lingering remnants of their shared past open to whatever consequences Seraphina's delayed realization may bring.\n\nMake Sure to like and share the video.\nSubscribe for more recap videos.\n#manhwa #manga #manhua #manhwarecap\n#Manhuarecap #mangarecap #manhwarecaps #mangarecaps #reborn #reincarnation #regression #harem #villain""}, ""defaultAudioLanguage"": ""en""}, ""contentDetails"": {""duration"": ""PT1H33M59S"", ""dimension"": ""2d"", ""definition"": ""hd"", ""caption"": ""false"", ""licensedContent"": true, ""contentRating"": {}, ""projection"": ""rectangular""}, ""status"": {""uploadStatus"": ""processed"", ""privacyStatus"": ""public"", ""license"": ""youtube"", ""embeddable"": true, ""publicStatsViewable"": true, ""madeForKids"": false}, ""statistics"": {""viewCount"": ""4125"", ""likeCount"": ""118"", ""favoriteCount"": ""0"", ""commentCount"": ""24""}}",2026-10-01T06:14:16.896069+00:00,2026-10-01T06:14:16.896069+00:00,5639.0,0.5498020378356482,28.606060606060606,5.818181818181818,0,over_180_seconds
hfvuBTFcEl0,UCHPA4fgVIFf4Wfae6-f5qNQ,Hein Recap,"I Let My In-Laws Kick Me Out For Her Childhood Sweetheart, Unaware I Have $300M! - Hein Recap","Name: I Let My In-Laws Kick Me Out For Her Childhood Sweetheart, Unaware I Have $300M!

--Summary--
Ronan spent three years in a sham contract marriage with corporate executive Seraphina Vance, quietly enduring mistreatment and domestic drudgery from his aloof wife, dismissive mother-in-law Beatrice, and demanding sister-in-law Piper. Unbeknownst to them, Ronan leveraged his finance expertise to secretly invest his modest living allowance, eventually growing a personal fortune of 300 million. Because his contract stipulated that Seraphina had to initiate the split for him to gain unconditional freedom, Ronan orchestrated the return of Alistair, her arrogant childhood sweetheart. The Vance family immediately fell for Alistair's facade and Seraphina decisively demanded a divorce, unwittingly giving Ronan the exact exit he had schemed for. He signed the papers with concealed joy and walked out to travel the country with his candid friend Declan, leaving his impoverished past behind.   Back at the Vance household, the truth unraveled quickly. Alistair proved to be incompetent and heavily indebted, botching major household tasks, alienating top business clients who only trusted Ronan, and bringing debt collectors to the company's doorsteps. A hidden company file left by Ronan revealed that he was the mastermind behind over sixty percent of the corporation’s key partnerships, leaving Seraphina and her family stricken with guilt as they finally realized who had truly kept them afloat. When Seraphina tracked Ronan down to a humble noodle stall to apologize, he firmly dismissed the past, regarding her as nothing more than a stranger. Alistair's desperate bid to forge signatures for a twenty-million bank loan led directly to his arrest at a board meeting. Rejecting frantic texts and unspoken regrets from the Vance family, Ronan boards a spur-of-the-moment flight to Bangkok as his bank balance surges even higher, ready to embrace the unpredictable open skies of genuine freedom.  

Make Sure to like and share the video.
Subscribe for more recap videos.
#manhwa #manga #manhua #manhwarecap
#Manhuarecap #mangarecap #manhwarecaps #mangarecaps #reborn #reincarnation #regression #harem #villain",2026-09-29T17:03:15Z,PT50M31S,11424,311,21,0,1,"[""manhwa recap"", ""anime recap"", ""anicap"", ""the manhwa man"", ""manhwa"", ""webtoon"", ""manhwa recaps"", ""manhwa cap"", ""webtoon recap"", ""manga recaps"", ""manga recap"", ""manhwa capped"", ""anime recaps"", ""manhua"", ""Wedding"", ""Finance""]",en,en,0,none,https://i.ytimg.com/vi/hfvuBTFcEl0/default.jpg,https://i.ytimg.com/vi/hfvuBTFcEl0/mqdefault.jpg,https://i.ytimg.com/vi/hfvuBTFcEl0/hqdefault.jpg,public,"{""kind"": ""youtube#video"", ""etag"": ""Q7K5uj1zoPK9y_boG4fcnHY69ak"", ""id"": ""hfvuBTFcEl0"", ""snippet"": {""publishedAt"": ""2026-09-29T17:03:15Z"", ""channelId"": ""UCHPA4fgVIFf4Wfae6-f5qNQ"", ""title"": ""I Let My In-Laws Kick Me Out For Her Childhood Sweetheart, Unaware I Have $300M! - Hein Recap"", ""description"": ""Name: I Let My In-Laws Kick Me Out For Her Childhood Sweetheart, Unaware I Have $300M!\n\n--Summary--\nRonan spent three years in a sham contract marriage with corporate executive Seraphina Vance, quietly enduring mistreatment and domestic drudgery from his aloof wife, dismissive mother-in-law Beatrice, and demanding sister-in-law Piper. Unbeknownst to them, Ronan leveraged his finance expertise to secretly invest his modest living allowance, eventually growing a personal fortune of 300 million. Because his contract stipulated that Seraphina had to initiate the split for him to gain unconditional freedom, Ronan orchestrated the return of Alistair, her arrogant childhood sweetheart. The Vance family immediately fell for Alistair's facade and Seraphina decisively demanded a divorce, unwittingly giving Ronan the exact exit he had schemed for. He signed the papers with concealed joy and walked out to travel the country with his candid friend Declan, leaving his impoverished past behind.   Back at the Vance household, the truth unraveled quickly. Alistair proved to be incompetent and heavily indebted, botching major household tasks, alienating top business clients who only trusted Ronan, and bringing debt collectors to the company's doorsteps. A hidden company file left by Ronan revealed that he was the mastermind behind over sixty percent of the corporation’s key partnerships, leaving Seraphina and her family stricken with guilt as they finally realized who had truly kept them afloat. When Seraphina tracked Ronan down to a humble noodle stall to apologize, he firmly dismissed the past, regarding her as nothing more than a stranger. Alistair's desperate bid to forge signatures for a twenty-million bank loan led directly to his arrest at a board meeting. Rejecting frantic texts and unspoken regrets from the Vance family, Ronan boards a spur-of-the-moment flight to Bangkok as his bank balance surges even higher, ready to embrace the unpredictable open skies of genuine freedom.  \n\nMake Sure to like and share the video.\nSubscribe for more recap videos.\n#manhwa #manga #manhua #manhwarecap\n#Manhuarecap #mangarecap #manhwarecaps #mangarecaps #reborn #reincarnation #regression #harem #villain"", ""thumbnails"": {""default"": {""url"": ""https://i.ytimg.com/vi/hfvuBTFcEl0/default.jpg"", ""width"": 120, ""height"": 90}, ""medium"": {""url"": ""https://i.ytimg.com/vi/hfvuBTFcEl0/mqdefault.jpg"", ""width"": 320, ""height"": 180}, ""high"": {""url"": ""https://i.ytimg.com/vi/hfvuBTFcEl0/hqdefault.jpg"", ""width"": 480, ""height"": 360}, ""standard"": {""url"": ""https://i.ytimg.com/vi/hfvuBTFcEl0/sddefault.jpg"", ""width"": 640, ""height"": 480}, ""maxres"": {""url"": ""https://i.ytimg.com/vi/hfvuBTFcEl0/maxresdefault.jpg"", ""width"": 1280, ""height"": 720}, ""fhd"": {""url"": ""https://i.ytimg.com/vi/hfvuBTFcEl0/fhddefault.jpg"", ""width"": 1920, ""height"": 1080}}, ""channelTitle"": ""Hein Recap"", ""tags"": [""manhwa recap"", ""anime recap"", ""anicap"", ""the manhwa man"", ""manhwa"", ""webtoon"", ""manhwa recaps"", ""manhwa cap"", ""webtoon recap"", ""manga recaps"", ""manga recap"", ""manhwa capped"", ""anime recaps"", ""manhua"", ""Wedding"", ""Finance""], ""categoryId"": ""1"", ""liveBroadcastContent"": ""none"", ""defaultLanguage"": ""en"", ""localized"": {""title"": ""I Let My In-Laws Kick Me Out For Her Childhood Sweetheart, Unaware I Have $300M! - Hein Recap"", ""description"": ""Name: I Let My In-Laws Kick Me Out For Her Childhood Sweetheart, Unaware I Have $300M!\n\n--Summary--\nRonan spent three years in a sham contract marriage with corporate executive Seraphina Vance, quietly enduring mistreatment and domestic drudgery from his aloof wife, dismissive mother-in-law Beatrice, and demanding sister-in-law Piper. Unbeknownst to them, Ronan leveraged his finance expertise to secretly invest his modest living allowance, eventually growing a personal fortune of 300 million. Because his contract stipulated that Seraphina had to initiate the split for him to gain unconditional freedom, Ronan orchestrated the return of Alistair, her arrogant childhood sweetheart. The Vance family immediately fell for Alistair's facade and Seraphina decisively demanded a divorce, unwittingly giving Ronan the exact exit he had schemed for. He signed the papers with concealed joy and walked out to travel the country with his candid friend Declan, leaving his impoverished past behind.   Back at the Vance household, the truth unraveled quickly. Alistair proved to be incompetent and heavily indebted, botching major household tasks, alienating top business clients who only trusted Ronan, and bringing debt collectors to the company's doorsteps. A hidden company file left by Ronan revealed that he was the mastermind behind over sixty percent of the corporation’s key partnerships, leaving Seraphina and her family stricken with guilt as they finally realized who had truly kept them afloat. When Seraphina tracked Ronan down to a humble noodle stall to apologize, he firmly dismissed the past, regarding her as nothing more than a stranger. Alistair's desperate bid to forge signatures for a twenty-million bank loan led directly to his arrest at a board meeting. Rejecting frantic texts and unspoken regrets from the Vance family, Ronan boards a spur-of-the-moment flight to Bangkok as his bank balance surges even higher, ready to embrace the unpredictable open skies of genuine freedom.  \n\nMake Sure to like and share the video.\nSubscribe for more recap videos.\n#manhwa #manga #manhua #manhwarecap\n#Manhuarecap #mangarecap #manhwarecaps #mangarecaps #reborn #reincarnation #regression #harem #villain""}, ""defaultAudioLanguage"": ""en""}, ""contentDetails"": {""duration"": ""PT50M31S"", ""dimension"": ""2d"", ""definition"": ""hd"", ""caption"": ""false"", ""licensedContent"": true, ""contentRating"": {}, ""projection"": ""rectangular""}, ""status"": {""uploadStatus"": ""processed"", ""privacyStatus"": ""public"", ""license"": ""youtube"", ""embeddable"": true, ""publicStatsViewable"": true, ""madeForKids"": false}, ""statistics"": {""viewCount"": ""11424"", ""likeCount"": ""311"", ""favoriteCount"": ""0"", ""commentCount"": ""21""}}",2026-10-01T06:14:16.896069+00:00,2026-10-01T06:14:16.896069+00:00,3031.0,1.5493275007986111,27.223389355742295,1.838235294117647,0,over_180_seconds
JKhn9JGaPY8,UCHPA4fgVIFf4Wfae6-f5qNQ,Hein Recap,"How A ""Greedy Opportunist"" Bore The Weight Of Two Dynasties! - Hein Recap","Name: How A ""Greedy Opportunist"" Bore The Weight Of Two Dynasties!

--Summary--
Kaelen is notoriously painted as a heartless, money-driven opportunist who took money from Seraphina’s tyrannical mother to abandon their relationship, yet the hidden truth was that Lady Vesper had weaponized his dying father's medical treatment to tear them apart. Despite his sacrifice, Kaelen’s father took his own life to spare the family further suffering, leaving Kaelen burdened with silent trauma and grief. Three years later, after a painful, humiliating reunion and being exiled from the city by Lady Vesper, Kaelen settles into a quiet life as a volunteer teacher in a remote southern mountain village. His solitude is disrupted when Elara, his devoted friend who has harbored feelings for him for years, tracks him down. She brings urgent news: Kaelen’s mother is suffering from severe heart failure and requires immediate city treatment. More shockingly, she reveals that Seraphina had systematically destroyed her mother's corporate empire as an act of vengeance on Kaelen's behalf, an act that ultimately left her critically stabbed and comatose in the hospital. Returning to the city, Kaelen finds a hollow, suicidal Seraphina waking up to absolute despair. Desperate to rekindle her will to live, Kaelen establishes a three-year challenge: Seraphina must rebuild her own empire from the ashes, and only once she succeeds will he marry Elara. At the same time, he sends Elara away to experience the world for three years so she can truly choose her own future rather than spending her youth anchored to his past. Anchored by this open-ended three-year pact, each of them steps forward into an uncertain tomorrow, seeking redemption, healing, and self-discovery.

Make Sure to like and share the video.
Subscribe for more recap videos.
#manhwa #manga #manhua #manhwarecap
#Manhuarecap #mangarecap #manhwarecaps #mangarecaps #reborn #reincarnation #regression #harem #villain",2026-09-28T17:03:24Z,PT58M54S,8092,184,9,0,1,"[""manhwa recap"", ""anime recap"", ""anicap"", ""the manhwa man"", ""manhwa"", ""webtoon"", ""manhwa recaps"", ""manhwa cap"", ""webtoon recap"", ""manga recaps"", ""manga recap"", ""manhwa capped"", ""anime recaps"", ""manhua"", ""Wedding"", ""Finance""]",en,en,0,none,https://i.ytimg.com/vi/JKhn9JGaPY8/default.jpg,https://i.ytimg.com/vi/JKhn9JGaPY8/mqdefault.jpg,https://i.ytimg.com/vi/JKhn9JGaPY8/hqdefault.jpg,public,"{""kind"": ""youtube#video"", ""etag"": ""qiUQVsRYPqJe0Z146AqzAzvbtes"", ""id"": ""JKhn9JGaPY8"", ""snippet"": {""publishedAt"": ""2026-09-28T17:03:24Z"", ""channelId"": ""UCHPA4fgVIFf4Wfae6-f5qNQ"", ""title"": ""How A \""Greedy Opportunist\"" Bore The Weight Of Two Dynasties! - Hein Recap"", ""description"": ""Name: How A \""Greedy Opportunist\"" Bore The Weight Of Two Dynasties!\n\n--Summary--\nKaelen is notoriously painted as a heartless, money-driven opportunist who took money from Seraphina’s tyrannical mother to abandon their relationship, yet the hidden truth was that Lady Vesper had weaponized his dying father's medical treatment to tear them apart. Despite his sacrifice, Kaelen’s father took his own life to spare the family further suffering, leaving Kaelen burdened with silent trauma and grief. Three years later, after a painful, humiliating reunion and being exiled from the city by Lady Vesper, Kaelen settles into a quiet life as a volunteer teacher in a remote southern mountain village. His solitude is disrupted when Elara, his devoted friend who has harbored feelings for him for years, tracks him down. She brings urgent news: Kaelen’s mother is suffering from severe heart failure and requires immediate city treatment. More shockingly, she reveals that Seraphina had systematically destroyed her mother's corporate empire as an act of vengeance on Kaelen's behalf, an act that ultimately left her critically stabbed and comatose in the hospital. Returning to the city, Kaelen finds a hollow, suicidal Seraphina waking up to absolute despair. Desperate to rekindle her will to live, Kaelen establishes a three-year challenge: Seraphina must rebuild her own empire from the ashes, and only once she succeeds will he marry Elara. At the same time, he sends Elara away to experience the world for three years so she can truly choose her own future rather than spending her youth anchored to his past. Anchored by this open-ended three-year pact, each of them steps forward into an uncertain tomorrow, seeking redemption, healing, and self-discovery.\n\nMake Sure to like and share the video.\nSubscribe for more recap videos.\n#manhwa #manga #manhua #manhwarecap\n#Manhuarecap #mangarecap #manhwarecaps #mangarecaps #reborn #reincarnation #regression #harem #villain"", ""thumbnails"": {""default"": {""url"": ""https://i.ytimg.com/vi/JKhn9JGaPY8/default.jpg"", ""width"": 120, ""height"": 90}, ""medium"": {""url"": ""https://i.ytimg.com/vi/JKhn9JGaPY8/mqdefault.jpg"", ""width"": 320, ""height"": 180}, ""high"": {""url"": ""https://i.ytimg.com/vi/JKhn9JGaPY8/hqdefault.jpg"", ""width"": 480, ""height"": 360}, ""standard"": {""url"": ""https://i.ytimg.com/vi/JKhn9JGaPY8/sddefault.jpg"", ""width"": 640, ""height"": 480}, ""maxres"": {""url"": ""https://i.ytimg.com/vi/JKhn9JGaPY8/maxresdefault.jpg"", ""width"": 1280, ""height"": 720}, ""fhd"": {""url"": ""https://i.ytimg.com/vi/JKhn9JGaPY8/fhddefault.jpg"", ""width"": 1920, ""height"": 1080}}, ""channelTitle"": ""Hein Recap"", ""tags"": [""manhwa recap"", ""anime recap"", ""anicap"", ""the manhwa man"", ""manhwa"", ""webtoon"", ""manhwa recaps"", ""manhwa cap"", ""webtoon recap"", ""manga recaps"", ""manga recap"", ""manhwa capped"", ""anime recaps"", ""manhua"", ""Wedding"", ""Finance""], ""categoryId"": ""1"", ""liveBroadcastContent"": ""none"", ""defaultLanguage"": ""en"", ""localized"": {""title"": ""How A \""Greedy Opportunist\"" Bore The Weight Of Two Dynasties! - Hein Recap"", ""description"": ""Name: How A \""Greedy Opportunist\"" Bore The Weight Of Two Dynasties!\n\n--Summary--\nKaelen is notoriously painted as a heartless, money-driven opportunist who took money from Seraphina’s tyrannical mother to abandon their relationship, yet the hidden truth was that Lady Vesper had weaponized his dying father's medical treatment to tear them apart. Despite his sacrifice, Kaelen’s father took his own life to spare the family further suffering, leaving Kaelen burdened with silent trauma and grief. Three years later, after a painful, humiliating reunion and being exiled from the city by Lady Vesper, Kaelen settles into a quiet life as a volunteer teacher in a remote southern mountain village. His solitude is disrupted when Elara, his devoted friend who has harbored feelings for him for years, tracks him down. She brings urgent news: Kaelen’s mother is suffering from severe heart failure and requires immediate city treatment. More shockingly, she reveals that Seraphina had systematically destroyed her mother's corporate empire as an act of vengeance on Kaelen's behalf, an act that ultimately left her critically stabbed and comatose in the hospital. Returning to the city, Kaelen finds a hollow, suicidal Seraphina waking up to absolute despair. Desperate to rekindle her will to live, Kaelen establishes a three-year challenge: Seraphina must rebuild her own empire from the ashes, and only once she succeeds will he marry Elara. At the same time, he sends Elara away to experience the world for three years so she can truly choose her own future rather than spending her youth anchored to his past. Anchored by this open-ended three-year pact, each of them steps forward into an uncertain tomorrow, seeking redemption, healing, and self-discovery.\n\nMake Sure to like and share the video.\nSubscribe for more recap videos.\n#manhwa #manga #manhua #manhwarecap\n#Manhuarecap #mangarecap #manhwarecaps #mangarecaps #reborn #reincarnation #regression #harem #villain""}, ""defaultAudioLanguage"": ""en""}, ""contentDetails"": {""duration"": ""PT58M54S"", ""dimension"": ""2d"", ""definition"": ""hd"", ""caption"": ""false"", ""licensedContent"": true, ""contentRating"": {}, ""projection"": ""rectangular""}, ""status"": {""uploadStatus"": ""processed"", ""privacyStatus"": ""public"", ""license"": ""youtube"", ""embeddable"": true, ""publicStatsViewable"": true, ""madeForKids"": false}, ""statistics"": {""viewCount"": ""8092"", ""likeCount"": ""184"", ""favoriteCount"": ""0"", ""commentCount"": ""9""}}",2026-10-01T06:14:16.896069+00:00,2026-10-01T06:14:16.896069+00:00,3534.0,2.5492233341319444,22.738507167572912,1.1122095897182402,0,over_180_seconds
KqinxI0DjmE,UCHPA4fgVIFf4Wfae6-f5qNQ,Hein Recap,Divorced On 5th Anniversary! - Hein Recap,"Name: Divorced On 5th Anniversary!

--Summary--
The story unfolds on Alaric and Seraphina's fifth wedding anniversary, where Seraphina unexpectedly demands a divorce, confessing her love for another man and offering to walk away with nothing. Expecting emotional turmoil, she is instead met with Alaric’s chilling composure as he immediately pulls out their documents and takes her to finalize the separation that very night without a shred of hesitation. Returning to an empty apartment, Alaric uncovers evidence showing that her departure was meticulously planned alongside an affluent elite named Valerius.   
Rather than succumbing to blind rage, Alaric meticulously enforces corporate protocols and audits on joint ventures linked to Valerius. This cold, strictly legal approach triggers a domino effect that freezes Valerius’s capital, dismantles his business empire, and reveals his cowardice as he uses Seraphina as a legal scapegoat. As her newly chosen world crumbles, Seraphina repeatedly begs Alaric for mercy, only to be met with total indifference from a man who no longer harbors any hatred or attachment toward her. The open-ended conclusion sees Seraphina entangled in the fallout of her own choices, while Alaric liquidates the remnants of their shared past, stepping forward into a clean slate and embracing a future entirely on his own terms.   

Make Sure to like and share the video.
Subscribe for more recap videos.
#manhwa #manga #manhua #manhwarecap
#Manhuarecap #mangarecap #manhwarecaps #mangarecaps #reborn #reincarnation #regression #harem #villain",2026-09-27T17:01:16Z,PT48M51S,9277,265,14,0,1,"[""manhwa recap"", ""anime recap"", ""anicap"", ""the manhwa man"", ""manhwa"", ""webtoon"", ""manhwa recaps"", ""manhwa cap"", ""webtoon recap"", ""manga recaps"", ""manga recap"", ""manhwa capped"", ""anime recaps"", ""manhua"", ""Wedding"", ""Finance""]",en,en,0,none,https://i.ytimg.com/vi/KqinxI0DjmE/default.jpg,https://i.ytimg.com/vi/KqinxI0DjmE/mqdefault.jpg,https://i.ytimg.com/vi/KqinxI0DjmE/hqdefault.jpg,public,"{""kind"": ""youtube#video"", ""etag"": ""IgQYwHchBRfwkEJM1Ga4IFY3lFg"", ""id"": ""KqinxI0DjmE"", ""snippet"": {""publishedAt"": ""2026-09-27T17:01:16Z"", ""channelId"": ""UCHPA4fgVIFf4Wfae6-f5qNQ"", ""title"": ""Divorced On 5th Anniversary! - Hein Recap"", ""description"": ""Name: Divorced On 5th Anniversary!\n\n--Summary--\nThe story unfolds on Alaric and Seraphina's fifth wedding anniversary, where Seraphina unexpectedly demands a divorce, confessing her love for another man and offering to walk away with nothing. Expecting emotional turmoil, she is instead met with Alaric’s chilling composure as he immediately pulls out their documents and takes her to finalize the separation that very night without a shred of hesitation. Returning to an empty apartment, Alaric uncovers evidence showing that her departure was meticulously planned alongside an affluent elite named Valerius.   \nRather than succumbing to blind rage, Alaric meticulously enforces corporate protocols and audits on joint ventures linked to Valerius. This cold, strictly legal approach triggers a domino effect that freezes Valerius’s capital, dismantles his business empire, and reveals his cowardice as he uses Seraphina as a legal scapegoat. As her newly chosen world crumbles, Seraphina repeatedly begs Alaric for mercy, only to be met with total indifference from a man who no longer harbors any hatred or attachment toward her. The open-ended conclusion sees Seraphina entangled in the fallout of her own choices, while Alaric liquidates the remnants of their shared past, stepping forward into a clean slate and embracing a future entirely on his own terms.   \n\nMake Sure to like and share the video.\nSubscribe for more recap videos.\n#manhwa #manga #manhua #manhwarecap\n#Manhuarecap #mangarecap #manhwarecaps #mangarecaps #reborn #reincarnation #regression #harem #villain"", ""thumbnails"": {""default"": {""url"": ""https://i.ytimg.com/vi/KqinxI0DjmE/default.jpg"", ""width"": 120, ""height"": 90}, ""medium"": {""url"": ""https://i.ytimg.com/vi/KqinxI0DjmE/mqdefault.jpg"", ""width"": 320, ""height"": 180}, ""high"": {""url"": ""https://i.ytimg.com/vi/KqinxI0DjmE/hqdefault.jpg"", ""width"": 480, ""height"": 360}, ""standard"": {""url"": ""https://i.ytimg.com/vi/KqinxI0DjmE/sddefault.jpg"", ""width"": 640, ""height"": 480}, ""maxres"": {""url"": ""https://i.ytimg.com/vi/KqinxI0DjmE/maxresdefault.jpg"", ""width"": 1280, ""height"": 720}, ""fhd"": {""url"": ""https://i.ytimg.com/vi/KqinxI0DjmE/fhddefault.jpg"", ""width"": 1920, ""height"": 1080}}, ""channelTitle"": ""Hein Recap"", ""tags"": [""manhwa recap"", ""anime recap"", ""anicap"", ""the manhwa man"", ""manhwa"", ""webtoon"", ""manhwa recaps"", ""manhwa cap"", ""webtoon recap"", ""manga recaps"", ""manga recap"", ""manhwa capped"", ""anime recaps"", ""manhua"", ""Wedding"", ""Finance""], ""categoryId"": ""1"", ""liveBroadcastContent"": ""none"", ""defaultLanguage"": ""en"", ""localized"": {""title"": ""Divorced On 5th Anniversary! - Hein Recap"", ""description"": ""Name: Divorced On 5th Anniversary!\n\n--Summary--\nThe story unfolds on Alaric and Seraphina's fifth wedding anniversary, where Seraphina unexpectedly demands a divorce, confessing her love for another man and offering to walk away with nothing. Expecting emotional turmoil, she is instead met with Alaric’s chilling composure as he immediately pulls out their documents and takes her to finalize the separation that very night without a shred of hesitation. Returning to an empty apartment, Alaric uncovers evidence showing that her departure was meticulously planned alongside an affluent elite named Valerius.   \nRather than succumbing to blind rage, Alaric meticulously enforces corporate protocols and audits on joint ventures linked to Valerius. This cold, strictly legal approach triggers a domino effect that freezes Valerius’s capital, dismantles his business empire, and reveals his cowardice as he uses Seraphina as a legal scapegoat. As her newly chosen world crumbles, Seraphina repeatedly begs Alaric for mercy, only to be met with total indifference from a man who no longer harbors any hatred or attachment toward her. The open-ended conclusion sees Seraphina entangled in the fallout of her own choices, while Alaric liquidates the remnants of their shared past, stepping forward into a clean slate and embracing a future entirely on his own terms.   \n\nMake Sure to like and share the video.\nSubscribe for more recap videos.\n#manhwa #manga #manhua #manhwarecap\n#Manhuarecap #mangarecap #manhwarecaps #mangarecaps #reborn #reincarnation #regression #harem #villain""}, ""defaultAudioLanguage"": ""en""}, ""contentDetails"": {""duration"": ""PT48M51S"", ""dimension"": ""2d"", ""definition"": ""hd"", ""caption"": ""false"", ""licensedContent"": true, ""contentRating"": {}, ""projection"": ""rectangular""}, ""status"": {""uploadStatus"": ""processed"", ""privacyStatus"": ""public"", ""license"": ""youtube"", ""embeddable"": true, ""publicStatsViewable"": true, ""madeForKids"": false}, ""statistics"": {""viewCount"": ""9277"", ""likeCount"": ""265"", ""favoriteCount"": ""0"", ""commentCount"": ""14""}}",2026-10-01T06:14:16.896069+00:00,2026-10-01T06:14:16.896069+00:00,2931.0,3.550704815613426,28.565268944701952,1.50910854802199,0,over_180_seconds
ZBOH21g61cw,UCHPA4fgVIFf4Wfae6-f5qNQ,Hein Recap,The Novel-Addicted Assistant - Hein Recap,"Name: The Novel-Addicted Assistant

--Summary--
Florian, an overly delicate young man lacking competence, lands a role as assistant to CEO Cressida purely through an academic connection. Heavily influenced by cheesy romance novel tropes, he continuously plays the fragile, submissive victim and stages clumsy romantic advances to win over his female boss. Unbeknownst to him, Cressida and her husband, VP Thorne, are deeply rational, experienced corporate leaders bound by lifelong roots as childhood sweethearts with equal family backgrounds. Instead of being swayed, the couple immediately sees through Florian's schemes—ranging from faked illnesses and attempts to exploit food allergies, to demanding a fake marriage and spreading workplace gossip—quietly collecting undeniable evidence every step of the way. The breaking point arrives when Florian stages an ambiguous photo with lipstick marks beside an intoxicated Cressida and texts it to Thorne to sow discord. The following morning, Cressida exposes the hotel surveillance footage to the entire company and fires him on the spot. When Florian tries to play the victim on social media, the couple promptly uploads comprehensive video proof and sends formal legal warnings, forcing him into a humiliated public apology and industry-wide blacklisting. As life returns to its calm and playful rhythm for the power couple, the narrative leaves an open reflection on the consequences of substituting shallow novel fantasies for genuine character, competence, and reality. 

Make Sure to like and share the video.
Subscribe for more recap videos.
#manhwa #manga #manhua #manhwarecap
#Manhuarecap #mangarecap #manhwarecaps #mangarecaps #reborn #reincarnation #regression #harem #villain",2026-09-26T17:00:25Z,PT43M41S,15793,525,38,0,1,"[""manhwa recap"", ""anime recap"", ""anicap"", ""the manhwa man"", ""manhwa"", ""webtoon"", ""manhwa recaps"", ""manhwa cap"", ""webtoon recap"", ""manga recaps"", ""manga recap"", ""manhwa capped"", ""anime recaps"", ""manhua"", ""Wedding"", ""Finance""]",en,en,0,none,https://i.ytimg.com/vi/ZBOH21g61cw/default.jpg,https://i.ytimg.com/vi/ZBOH21g61cw/mqdefault.jpg,https://i.ytimg.com/vi/ZBOH21g61cw/hqdefault.jpg,public,"{""kind"": ""youtube#video"", ""etag"": ""-UG9U_-UQDlZo1RxD8VY44ZZ4Jg"", ""id"": ""ZBOH21g61cw"", ""snippet"": {""publishedAt"": ""2026-09-26T17:00:25Z"", ""channelId"": ""UCHPA4fgVIFf4Wfae6-f5qNQ"", ""title"": ""The Novel-Addicted Assistant - Hein Recap"", ""description"": ""Name: The Novel-Addicted Assistant\n\n--Summary--\nFlorian, an overly delicate young man lacking competence, lands a role as assistant to CEO Cressida purely through an academic connection. Heavily influenced by cheesy romance novel tropes, he continuously plays the fragile, submissive victim and stages clumsy romantic advances to win over his female boss. Unbeknownst to him, Cressida and her husband, VP Thorne, are deeply rational, experienced corporate leaders bound by lifelong roots as childhood sweethearts with equal family backgrounds. Instead of being swayed, the couple immediately sees through Florian's schemes—ranging from faked illnesses and attempts to exploit food allergies, to demanding a fake marriage and spreading workplace gossip—quietly collecting undeniable evidence every step of the way. The breaking point arrives when Florian stages an ambiguous photo with lipstick marks beside an intoxicated Cressida and texts it to Thorne to sow discord. The following morning, Cressida exposes the hotel surveillance footage to the entire company and fires him on the spot. When Florian tries to play the victim on social media, the couple promptly uploads comprehensive video proof and sends formal legal warnings, forcing him into a humiliated public apology and industry-wide blacklisting. As life returns to its calm and playful rhythm for the power couple, the narrative leaves an open reflection on the consequences of substituting shallow novel fantasies for genuine character, competence, and reality. \n\nMake Sure to like and share the video.\nSubscribe for more recap videos.\n#manhwa #manga #manhua #manhwarecap\n#Manhuarecap #mangarecap #manhwarecaps #mangarecaps #reborn #reincarnation #regression #harem #villain"", ""thumbnails"": {""default"": {""url"": ""https://i.ytimg.com/vi/ZBOH21g61cw/default.jpg"", ""width"": 120, ""height"": 90}, ""medium"": {""url"": ""https://i.ytimg.com/vi/ZBOH21g61cw/mqdefault.jpg"", ""width"": 320, ""height"": 180}, ""high"": {""url"": ""https://i.ytimg.com/vi/ZBOH21g61cw/hqdefault.jpg"", ""width"": 480, ""height"": 360}, ""standard"": {""url"": ""https://i.ytimg.com/vi/ZBOH21g61cw/sddefault.jpg"", ""width"": 640, ""height"": 480}, ""maxres"": {""url"": ""https://i.ytimg.com/vi/ZBOH21g61cw/maxresdefault.jpg"", ""width"": 1280, ""height"": 720}, ""fhd"": {""url"": ""https://i.ytimg.com/vi/ZBOH21g61cw/fhddefault.jpg"", ""width"": 1920, ""height"": 1080}}, ""channelTitle"": ""Hein Recap"", ""tags"": [""manhwa recap"", ""anime recap"", ""anicap"", ""the manhwa man"", ""manhwa"", ""webtoon"", ""manhwa recaps"", ""manhwa cap"", ""webtoon recap"", ""manga recaps"", ""manga recap"", ""manhwa capped"", ""anime recaps"", ""manhua"", ""Wedding"", ""Finance""], ""categoryId"": ""1"", ""liveBroadcastContent"": ""none"", ""defaultLanguage"": ""en"", ""localized"": {""title"": ""The Novel-Addicted Assistant - Hein Recap"", ""description"": ""Name: The Novel-Addicted Assistant\n\n--Summary--\nFlorian, an overly delicate young man lacking competence, lands a role as assistant to CEO Cressida purely through an academic connection. Heavily influenced by cheesy romance novel tropes, he continuously plays the fragile, submissive victim and stages clumsy romantic advances to win over his female boss. Unbeknownst to him, Cressida and her husband, VP Thorne, are deeply rational, experienced corporate leaders bound by lifelong roots as childhood sweethearts with equal family backgrounds. Instead of being swayed, the couple immediately sees through Florian's schemes—ranging from faked illnesses and attempts to exploit food allergies, to demanding a fake marriage and spreading workplace gossip—quietly collecting undeniable evidence every step of the way. The breaking point arrives when Florian stages an ambiguous photo with lipstick marks beside an intoxicated Cressida and texts it to Thorne to sow discord. The following morning, Cressida exposes the hotel surveillance footage to the entire company and fires him on the spot. When Florian tries to play the victim on social media, the couple promptly uploads comprehensive video proof and sends formal legal warnings, forcing him into a humiliated public apology and industry-wide blacklisting. As life returns to its calm and playful rhythm for the power couple, the narrative leaves an open reflection on the consequences of substituting shallow novel fantasies for genuine character, competence, and reality. \n\nMake Sure to like and share the video.\nSubscribe for more recap videos.\n#manhwa #manga #manhua #manhwarecap\n#Manhuarecap #mangarecap #manhwarecaps #mangarecaps #reborn #reincarnation #regression #harem #villain""}, ""defaultAudioLanguage"": ""en""}, ""contentDetails"": {""duration"": ""PT43M41S"", ""dimension"": ""2d"", ""definition"": ""hd"", ""caption"": ""false"", ""licensedContent"": true, ""contentRating"": {}, ""projection"": ""rectangular""}, ""status"": {""uploadStatus"": ""processed"", ""privacyStatus"": ""public"", ""license"": ""youtube"", ""embeddable"": true, ""publicStatsViewable"": true, ""madeForKids"": false}, ""statistics"": {""viewCount"": ""15793"", ""likeCount"": ""525"", ""favoriteCount"": ""0"", ""commentCount"": ""38""}}",2026-10-01T06:14:16.896069+00:00,2026-10-01T06:14:16.896069+00:00,2621.0,4.551295093391204,33.24257582473248,2.40612929779016,0,over_180_seconds
I7mNKE7mbWw,UCHPA4fgVIFf4Wfae6-f5qNQ,Hein Recap,Unsent Letters At The Grave - Hein Recap,"Name: Unsent Letters At The Grave

--Summary--
Following the loss of his mother, an impoverished young man named Kael rescued and took in Seraphina, a blind girl he found stranded in a dark alley. They shared two intimate years supporting one another in a run-down apartment. However, after witnessing a brief encounter between her and her wealthy fiancé Sterling Thorne, Kael mistakenly believed she was faking her condition and playing with his feelings. Burdened by an inferiority complex, he accepted hush money from Sterling, forged a death certificate, and vanished completely. Five years later, Kael rebuilt his life as a rising singer under his mother's maiden name, only to cross paths again with Seraphina—now fully revealed as the powerful heiress to the Vance conglomerate. Despite his frantic attempts to act as a stranger, Seraphina recognized his familiar habits, voice, and the lingering bond with their old stray dog. Resolute in pursuing him, she publicly shattered her faux engagement, turned her high-society wedding into a live proposal to Kael, and relentlessly supported his career despite his initial rejection. The turning point arrived when Seraphina shielded Kael from an oncoming car, prompting him to visit his rural hometown where he discovered a stack of unsent letters and learned she had loyally tended his mother's grave and waited for him for years. It turned out her past secrecy was merely a desperate move to protect him from a brutal corporate succession war. Confronting the mutual misunderstandings of their past, Kael finally laid down his defenses, paving the way for a heartfelt reunion where they could finally love and protect each other as equals.   

Make Sure to like and share the video.
Subscribe for more recap videos.
#manhwa #manga #manhua #manhwarecap
#Manhuarecap #mangarecap #manhwarecaps #mangarecaps #reborn #reincarnation #regression #harem #villain",2026-09-25T17:04:09Z,PT39M,5741,167,8,0,1,"[""manhwa recap"", ""anime recap"", ""anicap"", ""the manhwa man"", ""manhwa"", ""webtoon"", ""manhwa recaps"", ""manhwa cap"", ""webtoon recap"", ""manga recaps"", ""manga recap"", ""manhwa capped"", ""anime recaps"", ""manhua"", ""Wedding"", ""Finance""]",en,en,0,none,https://i.ytimg.com/vi/I7mNKE7mbWw/default.jpg,https://i.ytimg.com/vi/I7mNKE7mbWw/mqdefault.jpg,https://i.ytimg.com/vi/I7mNKE7mbWw/hqdefault.jpg,public,"{""kind"": ""youtube#video"", ""etag"": ""bHPiXcYJoOSgT4JksKIlyMrEShs"", ""id"": ""I7mNKE7mbWw"", ""snippet"": {""publishedAt"": ""2026-09-25T17:04:09Z"", ""channelId"": ""UCHPA4fgVIFf4Wfae6-f5qNQ"", ""title"": ""Unsent Letters At The Grave - Hein Recap"", ""description"": ""Name: Unsent Letters At The Grave\n\n--Summary--\nFollowing the loss of his mother, an impoverished young man named Kael rescued and took in Seraphina, a blind girl he found stranded in a dark alley. They shared two intimate years supporting one another in a run-down apartment. However, after witnessing a brief encounter between her and her wealthy fiancé Sterling Thorne, Kael mistakenly believed she was faking her condition and playing with his feelings. Burdened by an inferiority complex, he accepted hush money from Sterling, forged a death certificate, and vanished completely. Five years later, Kael rebuilt his life as a rising singer under his mother's maiden name, only to cross paths again with Seraphina—now fully revealed as the powerful heiress to the Vance conglomerate. Despite his frantic attempts to act as a stranger, Seraphina recognized his familiar habits, voice, and the lingering bond with their old stray dog. Resolute in pursuing him, she publicly shattered her faux engagement, turned her high-society wedding into a live proposal to Kael, and relentlessly supported his career despite his initial rejection. The turning point arrived when Seraphina shielded Kael from an oncoming car, prompting him to visit his rural hometown where he discovered a stack of unsent letters and learned she had loyally tended his mother's grave and waited for him for years. It turned out her past secrecy was merely a desperate move to protect him from a brutal corporate succession war. Confronting the mutual misunderstandings of their past, Kael finally laid down his defenses, paving the way for a heartfelt reunion where they could finally love and protect each other as equals.   \n\nMake Sure to like and share the video.\nSubscribe for more recap videos.\n#manhwa #manga #manhua #manhwarecap\n#Manhuarecap #mangarecap #manhwarecaps #mangarecaps #reborn #reincarnation #regression #harem #villain"", ""thumbnails"": {""default"": {""url"": ""https://i.ytimg.com/vi/I7mNKE7mbWw/default.jpg"", ""width"": 120, ""height"": 90}, ""medium"": {""url"": ""https://i.ytimg.com/vi/I7mNKE7mbWw/mqdefault.jpg"", ""width"": 320, ""height"": 180}, ""high"": {""url"": ""https://i.ytimg.com/vi/I7mNKE7mbWw/hqdefault.jpg"", ""width"": 480, ""height"": 360}, ""standard"": {""url"": ""https://i.ytimg.com/vi/I7mNKE7mbWw/sddefault.jpg"", ""width"": 640, ""height"": 480}, ""maxres"": {""url"": ""https://i.ytimg.com/vi/I7mNKE7mbWw/maxresdefault.jpg"", ""width"": 1280, ""height"": 720}, ""fhd"": {""url"": ""https://i.ytimg.com/vi/I7mNKE7mbWw/fhddefault.jpg"", ""width"": 1920, ""height"": 1080}}, ""channelTitle"": ""Hein Recap"", ""tags"": [""manhwa recap"", ""anime recap"", ""anicap"", ""the manhwa man"", ""manhwa"", ""webtoon"", ""manhwa recaps"", ""manhwa cap"", ""webtoon recap"", ""manga recaps"", ""manga recap"", ""manhwa capped"", ""anime recaps"", ""manhua"", ""Wedding"", ""Finance""], ""categoryId"": ""1"", ""liveBroadcastContent"": ""none"", ""defaultLanguage"": ""en"", ""localized"": {""title"": ""Unsent Letters At The Grave - Hein Recap"", ""description"": ""Name: Unsent Letters At The Grave\n\n--Summary--\nFollowing the loss of his mother, an impoverished young man named Kael rescued and took in Seraphina, a blind girl he found stranded in a dark alley. They shared two intimate years supporting one another in a run-down apartment. However, after witnessing a brief encounter between her and her wealthy fiancé Sterling Thorne, Kael mistakenly believed she was faking her condition and playing with his feelings. Burdened by an inferiority complex, he accepted hush money from Sterling, forged a death certificate, and vanished completely. Five years later, Kael rebuilt his life as a rising singer under his mother's maiden name, only to cross paths again with Seraphina—now fully revealed as the powerful heiress to the Vance conglomerate. Despite his frantic attempts to act as a stranger, Seraphina recognized his familiar habits, voice, and the lingering bond with their old stray dog. Resolute in pursuing him, she publicly shattered her faux engagement, turned her high-society wedding into a live proposal to Kael, and relentlessly supported his career despite his initial rejection. The turning point arrived when Seraphina shielded Kael from an oncoming car, prompting him to visit his rural hometown where he discovered a stack of unsent letters and learned she had loyally tended his mother's grave and waited for him for years. It turned out her past secrecy was merely a desperate move to protect him from a brutal corporate succession war. Confronting the mutual misunderstandings of their past, Kael finally laid down his defenses, paving the way for a heartfelt reunion where they could finally love and protect each other as equals.   \n\nMake Sure to like and share the video.\nSubscribe for more recap videos.\n#manhwa #manga #manhua #manhwarecap\n#Manhuarecap #mangarecap #manhwarecaps #mangarecaps #reborn #reincarnation #regression #harem #villain""}, ""defaultAudioLanguage"": ""en""}, ""contentDetails"": {""duration"": ""PT39M"", ""dimension"": ""2d"", ""definition"": ""hd"", ""caption"": ""false"", ""licensedContent"": true, ""contentRating"": {}, ""projection"": ""rectangular""}, ""status"": {""uploadStatus"": ""processed"", ""privacyStatus"": ""public"", ""license"": ""youtube"", ""embeddable"": true, ""publicStatsViewable"": true, ""madeForKids"": false}, ""statistics"": {""viewCount"": ""5741"", ""likeCount"": ""167"", ""favoriteCount"": ""0"", ""commentCount"": ""8""}}",2026-10-01T06:14:16.896069+00:00,2026-10-01T06:14:16.896069+00:00,2340.0,5.548702500798611,29.089008883469777,1.3934854554955582,0,over_180_seconds
cZQg93MFytE,UCHPA4fgVIFf4Wfae6-f5qNQ,Hein Recap,Expired Love Can't Be Revived - Hein Recap,"Name: Expired Love Can't Be Revived

--Summary--
After transmigrating into the useless second male lead of a contract-marriage novel, Kaelen decisively accepts a divorce from his icy CEO wife, Seraphina, walking away with a hundred-million-dollar settlement instead of desperately clinging to the doomed relationship as the original plot dictated. Embracing an unbothered, luxurious lifestyle, he hires private master chefs, adopts a Golden Retriever, and wins over his capable assistant Barnaby.   
Using his foreknowledge of the storyline, Kaelen turns an abandoned chemical plant into a massive goldmine and acquires an ailing game studio that turns into an overnight sensation, effortlessly dismantling the smear campaigns orchestrated by Seraphina's ""white moonlight,"" Caspian. Meanwhile, a chance encounter at an art gallery introduces him to Elara, a warm, pure-hearted heiress who offers him unconditional trust and affection, sparking a genuine and sweet romance that quickly earns her family's blessing.   
With effortless wit and indirect leverage through high society, Kaelen completely outmaneuvers Caspian, driving the villain into financial ruin and imprisonment. Seeing Kaelen rise to legendary status as an investment genius, Seraphina is consumed by bitter regret, only to be met with his cold reminder that expired love cannot be revived. The narrative culminates in a heartfelt seaside proposal between Kaelen and Elara, leaving the door wide open to an expansive, joyful future where he truly masters his own destiny on his own terms. 

Make Sure to like and share the video.
Subscribe for more recap videos.
#manhwa #manga #manhua #manhwarecap
#Manhuarecap #mangarecap #manhwarecaps #mangarecaps #reborn #reincarnation #regression #harem #villain",2026-09-24T17:02:15Z,PT55M23S,12858,357,6,0,1,"[""manhwa recap"", ""anime recap"", ""anicap"", ""the manhwa man"", ""manhwa"", ""webtoon"", ""manhwa recaps"", ""manhwa cap"", ""webtoon recap"", ""manga recaps"", ""manga recap"", ""manhwa capped"", ""anime recaps"", ""manhua"", ""Wedding"", ""Finance""]",en,en,0,none,https://i.ytimg.com/vi/cZQg93MFytE/default.jpg,https://i.ytimg.com/vi/cZQg93MFytE/mqdefault.jpg,https://i.ytimg.com/vi/cZQg93MFytE/hqdefault.jpg,public,"{""kind"": ""youtube#video"", ""etag"": ""79YYWrS2um0VrqPo3rzEYVg-L9k"", ""id"": ""cZQg93MFytE"", ""snippet"": {""publishedAt"": ""2026-09-24T17:02:15Z"", ""channelId"": ""UCHPA4fgVIFf4Wfae6-f5qNQ"", ""title"": ""Expired Love Can't Be Revived - Hein Recap"", ""description"": ""Name: Expired Love Can't Be Revived\n\n--Summary--\nAfter transmigrating into the useless second male lead of a contract-marriage novel, Kaelen decisively accepts a divorce from his icy CEO wife, Seraphina, walking away with a hundred-million-dollar settlement instead of desperately clinging to the doomed relationship as the original plot dictated. Embracing an unbothered, luxurious lifestyle, he hires private master chefs, adopts a Golden Retriever, and wins over his capable assistant Barnaby.   \nUsing his foreknowledge of the storyline, Kaelen turns an abandoned chemical plant into a massive goldmine and acquires an ailing game studio that turns into an overnight sensation, effortlessly dismantling the smear campaigns orchestrated by Seraphina's \""white moonlight,\"" Caspian. Meanwhile, a chance encounter at an art gallery introduces him to Elara, a warm, pure-hearted heiress who offers him unconditional trust and affection, sparking a genuine and sweet romance that quickly earns her family's blessing.   \nWith effortless wit and indirect leverage through high society, Kaelen completely outmaneuvers Caspian, driving the villain into financial ruin and imprisonment. Seeing Kaelen rise to legendary status as an investment genius, Seraphina is consumed by bitter regret, only to be met with his cold reminder that expired love cannot be revived. The narrative culminates in a heartfelt seaside proposal between Kaelen and Elara, leaving the door wide open to an expansive, joyful future where he truly masters his own destiny on his own terms. \n\nMake Sure to like and share the video.\nSubscribe for more recap videos.\n#manhwa #manga #manhua #manhwarecap\n#Manhuarecap #mangarecap #manhwarecaps #mangarecaps #reborn #reincarnation #regression #harem #villain"", ""thumbnails"": {""default"": {""url"": ""https://i.ytimg.com/vi/cZQg93MFytE/default.jpg"", ""width"": 120, ""height"": 90}, ""medium"": {""url"": ""https://i.ytimg.com/vi/cZQg93MFytE/mqdefault.jpg"", ""width"": 320, ""height"": 180}, ""high"": {""url"": ""https://i.ytimg.com/vi/cZQg93MFytE/hqdefault.jpg"", ""width"": 480, ""height"": 360}, ""standard"": {""url"": ""https://i.ytimg.com/vi/cZQg93MFytE/sddefault.jpg"", ""width"": 640, ""height"": 480}, ""maxres"": {""url"": ""https://i.ytimg.com/vi/cZQg93MFytE/maxresdefault.jpg"", ""width"": 1280, ""height"": 720}, ""fhd"": {""url"": ""https://i.ytimg.com/vi/cZQg93MFytE/fhddefault.jpg"", ""width"": 1920, ""height"": 1080}}, ""channelTitle"": ""Hein Recap"", ""tags"": [""manhwa recap"", ""anime recap"", ""anicap"", ""the manhwa man"", ""manhwa"", ""webtoon"", ""manhwa recaps"", ""manhwa cap"", ""webtoon recap"", ""manga recaps"", ""manga recap"", ""manhwa capped"", ""anime recaps"", ""manhua"", ""Wedding"", ""Finance""], ""categoryId"": ""1"", ""liveBroadcastContent"": ""none"", ""defaultLanguage"": ""en"", ""localized"": {""title"": ""Expired Love Can't Be Revived - Hein Recap"", ""description"": ""Name: Expired Love Can't Be Revived\n\n--Summary--\nAfter transmigrating into the useless second male lead of a contract-marriage novel, Kaelen decisively accepts a divorce from his icy CEO wife, Seraphina, walking away with a hundred-million-dollar settlement instead of desperately clinging to the doomed relationship as the original plot dictated. Embracing an unbothered, luxurious lifestyle, he hires private master chefs, adopts a Golden Retriever, and wins over his capable assistant Barnaby.   \nUsing his foreknowledge of the storyline, Kaelen turns an abandoned chemical plant into a massive goldmine and acquires an ailing game studio that turns into an overnight sensation, effortlessly dismantling the smear campaigns orchestrated by Seraphina's \""white moonlight,\"" Caspian. Meanwhile, a chance encounter at an art gallery introduces him to Elara, a warm, pure-hearted heiress who offers him unconditional trust and affection, sparking a genuine and sweet romance that quickly earns her family's blessing.   \nWith effortless wit and indirect leverage through high society, Kaelen completely outmaneuvers Caspian, driving the villain into financial ruin and imprisonment. Seeing Kaelen rise to legendary status as an investment genius, Seraphina is consumed by bitter regret, only to be met with his cold reminder that expired love cannot be revived. The narrative culminates in a heartfelt seaside proposal between Kaelen and Elara, leaving the door wide open to an expansive, joyful future where he truly masters his own destiny on his own terms. \n\nMake Sure to like and share the video.\nSubscribe for more recap videos.\n#manhwa #manga #manhua #manhwarecap\n#Manhuarecap #mangarecap #manhwarecaps #mangarecaps #reborn #reincarnation #regression #harem #villain""}, ""defaultAudioLanguage"": ""en""}, ""contentDetails"": {""duration"": ""PT55M23S"", ""dimension"": ""2d"", ""definition"": ""hd"", ""caption"": ""false"", ""licensedContent"": true, ""contentRating"": {}, ""projection"": ""rectangular""}, ""status"": {""uploadStatus"": ""processed"", ""privacyStatus"": ""public"", ""license"": ""youtube"", ""embeddable"": true, ""publicStatsViewable"": true, ""madeForKids"": false}, ""statistics"": {""viewCount"": ""12858"", ""likeCount"": ""357"", ""favoriteCount"": ""0"", ""commentCount"": ""6""}}",2026-10-01T06:14:16.896069+00:00,2026-10-01T06:14:16.896069+00:00,3323.0,6.5500219452430555,27.764815678954736,0.4666355576294914,0,over_180_seconds
4A3zz8lf8EE,UCHPA4fgVIFf4Wfae6-f5qNQ,Hein Recap,"I Became A Billionaire Heiress's Butler, But She Can Hear All My Sarcastic Thoughts! - Hein Recap","Name: I Became A Billionaire Heiress's Butler, But She Can Hear All My Sarcastic Thoughts!

--Summary--
A modern man transmigrates into an over-the-top melodrama novel as the high-earning head butler for a wealthy heiress, Seraphina. While acting subservient and composed on the outside, he constantly delivers unfiltered, sarcastic inner commentary revealing hidden plotlines—unaware that Seraphina can hear every single one of his thoughts. Guided by his psychic leaks, she swiftly unmasks her manipulative first love, Lucius, who returned only to scam her out of money to pay off massive gambling debts, and catches her fiancé, Thaddeus, red-handed in an affair. The tension peaks when Seraphina’s stepmother, Ophelia, spikes her soup to force a night together with Thaddeus, inadvertently triggering the butler's mental realization that Ophelia and Thaddeus are secretly biological mother and son scheming to steal the Vance fortune. Escaping the setup by fleeing into the butler's quarters, Seraphina uses restored camera evidence to hand the scheming duo over to the police, while Lucius is shipped back abroad to his formidable wife. With the crisis averted, the story wraps on an open, playful note, as Seraphina catches the butler's mischievous daydreams once again and drags him into a chaotic, lingering dynamic full of unpaid ""overtime"".

Make Sure to like and share the video.
Subscribe for more recap videos.
#manhwa #manga #manhua #manhwarecap
#Manhuarecap #mangarecap #manhwarecaps #mangarecaps #reborn #reincarnation #regression #harem #villain",2026-09-23T17:03:22Z,PT38M22S,70195,1576,35,0,1,"[""manhwa recap"", ""anime recap"", ""anicap"", ""the manhwa man"", ""manhwa"", ""webtoon"", ""manhwa recaps"", ""manhwa cap"", ""webtoon recap"", ""manga recaps"", ""manga recap"", ""manhwa capped"", ""anime recaps"", ""manhua"", ""Wedding"", ""Finance""]",en,en,0,none,https://i.ytimg.com/vi/4A3zz8lf8EE/default.jpg,https://i.ytimg.com/vi/4A3zz8lf8EE/mqdefault.jpg,https://i.ytimg.com/vi/4A3zz8lf8EE/hqdefault.jpg,public,"{""kind"": ""youtube#video"", ""etag"": ""EUpv4BTbSHeJPend09DqgnN-ENs"", ""id"": ""4A3zz8lf8EE"", ""snippet"": {""publishedAt"": ""2026-09-23T17:03:22Z"", ""channelId"": ""UCHPA4fgVIFf4Wfae6-f5qNQ"", ""title"": ""I Became A Billionaire Heiress's Butler, But She Can Hear All My Sarcastic Thoughts! - Hein Recap"", ""description"": ""Name: I Became A Billionaire Heiress's Butler, But She Can Hear All My Sarcastic Thoughts!\n\n--Summary--\nA modern man transmigrates into an over-the-top melodrama novel as the high-earning head butler for a wealthy heiress, Seraphina. While acting subservient and composed on the outside, he constantly delivers unfiltered, sarcastic inner commentary revealing hidden plotlines—unaware that Seraphina can hear every single one of his thoughts. Guided by his psychic leaks, she swiftly unmasks her manipulative first love, Lucius, who returned only to scam her out of money to pay off massive gambling debts, and catches her fiancé, Thaddeus, red-handed in an affair. The tension peaks when Seraphina’s stepmother, Ophelia, spikes her soup to force a night together with Thaddeus, inadvertently triggering the butler's mental realization that Ophelia and Thaddeus are secretly biological mother and son scheming to steal the Vance fortune. Escaping the setup by fleeing into the butler's quarters, Seraphina uses restored camera evidence to hand the scheming duo over to the police, while Lucius is shipped back abroad to his formidable wife. With the crisis averted, the story wraps on an open, playful note, as Seraphina catches the butler's mischievous daydreams once again and drags him into a chaotic, lingering dynamic full of unpaid \""overtime\"".\n\nMake Sure to like and share the video.\nSubscribe for more recap videos.\n#manhwa #manga #manhua #manhwarecap\n#Manhuarecap #mangarecap #manhwarecaps #mangarecaps #reborn #reincarnation #regression #harem #villain"", ""thumbnails"": {""default"": {""url"": ""https://i.ytimg.com/vi/4A3zz8lf8EE/default.jpg"", ""width"": 120, ""height"": 90}, ""medium"": {""url"": ""https://i.ytimg.com/vi/4A3zz8lf8EE/mqdefault.jpg"", ""width"": 320, ""height"": 180}, ""high"": {""url"": ""https://i.ytimg.com/vi/4A3zz8lf8EE/hqdefault.jpg"", ""width"": 480, ""height"": 360}, ""standard"": {""url"": ""https://i.ytimg.com/vi/4A3zz8lf8EE/sddefault.jpg"", ""width"": 640, ""height"": 480}, ""maxres"": {""url"": ""https://i.ytimg.com/vi/4A3zz8lf8EE/maxresdefault.jpg"", ""width"": 1280, ""height"": 720}, ""fhd"": {""url"": ""https://i.ytimg.com/vi/4A3zz8lf8EE/fhddefault.jpg"", ""width"": 1920, ""height"": 1080}}, ""channelTitle"": ""Hein Recap"", ""tags"": [""manhwa recap"", ""anime recap"", ""anicap"", ""the manhwa man"", ""manhwa"", ""webtoon"", ""manhwa recaps"", ""manhwa cap"", ""webtoon recap"", ""manga recaps"", ""manga recap"", ""manhwa capped"", ""anime recaps"", ""manhua"", ""Wedding"", ""Finance""], ""categoryId"": ""1"", ""liveBroadcastContent"": ""none"", ""defaultLanguage"": ""en"", ""localized"": {""title"": ""I Became A Billionaire Heiress's Butler, But She Can Hear All My Sarcastic Thoughts! - Hein Recap"", ""description"": ""Name: I Became A Billionaire Heiress's Butler, But She Can Hear All My Sarcastic Thoughts!\n\n--Summary--\nA modern man transmigrates into an over-the-top melodrama novel as the high-earning head butler for a wealthy heiress, Seraphina. While acting subservient and composed on the outside, he constantly delivers unfiltered, sarcastic inner commentary revealing hidden plotlines—unaware that Seraphina can hear every single one of his thoughts. Guided by his psychic leaks, she swiftly unmasks her manipulative first love, Lucius, who returned only to scam her out of money to pay off massive gambling debts, and catches her fiancé, Thaddeus, red-handed in an affair. The tension peaks when Seraphina’s stepmother, Ophelia, spikes her soup to force a night together with Thaddeus, inadvertently triggering the butler's mental realization that Ophelia and Thaddeus are secretly biological mother and son scheming to steal the Vance fortune. Escaping the setup by fleeing into the butler's quarters, Seraphina uses restored camera evidence to hand the scheming duo over to the police, while Lucius is shipped back abroad to his formidable wife. With the crisis averted, the story wraps on an open, playful note, as Seraphina catches the butler's mischievous daydreams once again and drags him into a chaotic, lingering dynamic full of unpaid \""overtime\"".\n\nMake Sure to like and share the video.\nSubscribe for more recap videos.\n#manhwa #manga #manhua #manhwarecap\n#Manhuarecap #mangarecap #manhwarecaps #mangarecaps #reborn #reincarnation #regression #harem #villain""}, ""defaultAudioLanguage"": ""en""}, ""contentDetails"": {""duration"": ""PT38M22S"", ""dimension"": ""2d"", ""definition"": ""hd"", ""caption"": ""false"", ""licensedContent"": true, ""contentRating"": {}, ""projection"": ""rectangular""}, ""status"": {""uploadStatus"": ""processed"", ""privacyStatus"": ""public"", ""license"": ""youtube"", ""embeddable"": true, ""publicStatsViewable"": true, ""madeForKids"": false}, ""statistics"": {""viewCount"": ""70195"", ""likeCount"": ""1576"", ""favoriteCount"": ""0"", ""commentCount"": ""35""}}",2026-10-01T06:14:16.896069+00:00,2026-10-01T06:14:16.896069+00:00,2302.0,7.549246482280092,22.451741577035403,0.49861101218035475,0,over_180_seconds
2ywByLW7OJE,UCHPA4fgVIFf4Wfae6-f5qNQ,Hein Recap,I'm Escaping My Billionaire Wife! - Hein Recap,"Name: I'm Escaping My Billionaire Wife!

--Summary--
The story follows Caspian, a wealthy young heir who unexpectedly transmigrates into a melodramatic novel as the nominal husband of Seraphina, an icy and domineering female CEO. Retaining the memories of his predecessor, he realizes he was once an utterly devoted simp for twelve years, relegated to doing household chores and sleeping on the bathroom floor, only to end up crippled and begging on the streets for decades just to afford a proper burial for Seraphina after she was betrayed and ruined. Determined to avoid this horrific fate, Caspian immediately prepares a divorce agreement, intending only to retrieve his 50 million settlement and retire peacefully in the countryside. However, the dynamic shifts drastically when Seraphina mysteriously gains the ability to hear his unspoken thoughts and sarcastic inner complaints.   Through Caspian's unfiltered inner monologue, Seraphina discovers a treacherous trap set by her best friend Valeria and adopted sister Elara, who plan to drug her at the Phantom Dream Bar and orchestrate an assault against her. Armed with this foreknowledge, she quietly swaps the spiked drinks, turning the tables so the conspirators fall into their own horrific scheme. Returning home to find Caspian still begrudgingly washing her clothes while secretly celebrating his anticipated freedom, Seraphina is exasperated by his persistent divorce daydreams yet profoundly remorseful over the immense loyalty he endured for her in the past. Vowing never to grant him the divorce he desires, she genuinely accepts him into her heart, leaving the door wide open to their tangled future, upcoming retaliations against their enemies, and a chaotic tug-of-war between an escapist husband and a possessive CEO.   

Make Sure to like and share the video.
Subscribe for more recap videos.
#manhwa #manga #manhua #manhwarecap
#Manhuarecap #mangarecap #manhwarecaps #mangarecaps #reborn #reincarnation #regression #harem #villain",2026-09-22T17:02:15Z,PT53M43S,14760,414,27,0,1,"[""manhwa recap"", ""anime recap"", ""anicap"", ""the manhwa man"", ""manhwa"", ""webtoon"", ""manhwa recaps"", ""manhwa cap"", ""webtoon recap"", ""manga recaps"", ""manga recap"", ""manhwa capped"", ""anime recaps"", ""manhua"", ""Wedding"", ""Finance""]",en,en,0,none,https://i.ytimg.com/vi/2ywByLW7OJE/default.jpg,https://i.ytimg.com/vi/2ywByLW7OJE/mqdefault.jpg,https://i.ytimg.com/vi/2ywByLW7OJE/hqdefault.jpg,public,"{""kind"": ""youtube#video"", ""etag"": ""F2LceVn-mcqw_LKLNYiRfKs3zEE"", ""id"": ""2ywByLW7OJE"", ""snippet"": {""publishedAt"": ""2026-09-22T17:02:15Z"", ""channelId"": ""UCHPA4fgVIFf4Wfae6-f5qNQ"", ""title"": ""I'm Escaping My Billionaire Wife! - Hein Recap"", ""description"": ""Name: I'm Escaping My Billionaire Wife!\n\n--Summary--\nThe story follows Caspian, a wealthy young heir who unexpectedly transmigrates into a melodramatic novel as the nominal husband of Seraphina, an icy and domineering female CEO. Retaining the memories of his predecessor, he realizes he was once an utterly devoted simp for twelve years, relegated to doing household chores and sleeping on the bathroom floor, only to end up crippled and begging on the streets for decades just to afford a proper burial for Seraphina after she was betrayed and ruined. Determined to avoid this horrific fate, Caspian immediately prepares a divorce agreement, intending only to retrieve his 50 million settlement and retire peacefully in the countryside. However, the dynamic shifts drastically when Seraphina mysteriously gains the ability to hear his unspoken thoughts and sarcastic inner complaints.   Through Caspian's unfiltered inner monologue, Seraphina discovers a treacherous trap set by her best friend Valeria and adopted sister Elara, who plan to drug her at the Phantom Dream Bar and orchestrate an assault against her. Armed with this foreknowledge, she quietly swaps the spiked drinks, turning the tables so the conspirators fall into their own horrific scheme. Returning home to find Caspian still begrudgingly washing her clothes while secretly celebrating his anticipated freedom, Seraphina is exasperated by his persistent divorce daydreams yet profoundly remorseful over the immense loyalty he endured for her in the past. Vowing never to grant him the divorce he desires, she genuinely accepts him into her heart, leaving the door wide open to their tangled future, upcoming retaliations against their enemies, and a chaotic tug-of-war between an escapist husband and a possessive CEO.   \n\nMake Sure to like and share the video.\nSubscribe for more recap videos.\n#manhwa #manga #manhua #manhwarecap\n#Manhuarecap #mangarecap #manhwarecaps #mangarecaps #reborn #reincarnation #regression #harem #villain"", ""thumbnails"": {""default"": {""url"": ""https://i.ytimg.com/vi/2ywByLW7OJE/default.jpg"", ""width"": 120, ""height"": 90}, ""medium"": {""url"": ""https://i.ytimg.com/vi/2ywByLW7OJE/mqdefault.jpg"", ""width"": 320, ""height"": 180}, ""high"": {""url"": ""https://i.ytimg.com/vi/2ywByLW7OJE/hqdefault.jpg"", ""width"": 480, ""height"": 360}, ""standard"": {""url"": ""https://i.ytimg.com/vi/2ywByLW7OJE/sddefault.jpg"", ""width"": 640, ""height"": 480}, ""maxres"": {""url"": ""https://i.ytimg.com/vi/2ywByLW7OJE/maxresdefault.jpg"", ""width"": 1280, ""height"": 720}, ""fhd"": {""url"": ""https://i.ytimg.com/vi/2ywByLW7OJE/fhddefault.jpg"", ""width"": 1920, ""height"": 1080}}, ""channelTitle"": ""Hein Recap"", ""tags"": [""manhwa recap"", ""anime recap"", ""anicap"", ""the manhwa man"", ""manhwa"", ""webtoon"", ""manhwa recaps"", ""manhwa cap"", ""webtoon recap"", ""manga recaps"", ""manga recap"", ""manhwa capped"", ""anime recaps"", ""manhua"", ""Wedding"", ""Finance""], ""categoryId"": ""1"", ""liveBroadcastContent"": ""none"", ""defaultLanguage"": ""en"", ""localized"": {""title"": ""I'm Escaping My Billionaire Wife! - Hein Recap"", ""description"": ""Name: I'm Escaping My Billionaire Wife!\n\n--Summary--\nThe story follows Caspian, a wealthy young heir who unexpectedly transmigrates into a melodramatic novel as the nominal husband of Seraphina, an icy and domineering female CEO. Retaining the memories of his predecessor, he realizes he was once an utterly devoted simp for twelve years, relegated to doing household chores and sleeping on the bathroom floor, only to end up crippled and begging on the streets for decades just to afford a proper burial for Seraphina after she was betrayed and ruined. Determined to avoid this horrific fate, Caspian immediately prepares a divorce agreement, intending only to retrieve his 50 million settlement and retire peacefully in the countryside. However, the dynamic shifts drastically when Seraphina mysteriously gains the ability to hear his unspoken thoughts and sarcastic inner complaints.   Through Caspian's unfiltered inner monologue, Seraphina discovers a treacherous trap set by her best friend Valeria and adopted sister Elara, who plan to drug her at the Phantom Dream Bar and orchestrate an assault against her. Armed with this foreknowledge, she quietly swaps the spiked drinks, turning the tables so the conspirators fall into their own horrific scheme. Returning home to find Caspian still begrudgingly washing her clothes while secretly celebrating his anticipated freedom, Seraphina is exasperated by his persistent divorce daydreams yet profoundly remorseful over the immense loyalty he endured for her in the past. Vowing never to grant him the divorce he desires, she genuinely accepts him into her heart, leaving the door wide open to their tangled future, upcoming retaliations against their enemies, and a chaotic tug-of-war between an escapist husband and a possessive CEO.   \n\nMake Sure to like and share the video.\nSubscribe for more recap videos.\n#manhwa #manga #manhua #manhwarecap\n#Manhuarecap #mangarecap #manhwarecaps #mangarecaps #reborn #reincarnation #regression #harem #villain""}, ""defaultAudioLanguage"": ""en""}, ""contentDetails"": {""duration"": ""PT53M43S"", ""dimension"": ""2d"", ""definition"": ""hd"", ""caption"": ""false"", ""licensedContent"": true, ""contentRating"": {}, ""projection"": ""rectangular""}, ""status"": {""uploadStatus"": ""processed"", ""privacyStatus"": ""public"", ""license"": ""youtube"", ""embeddable"": true, ""publicStatsViewable"": true, ""madeForKids"": false}, ""statistics"": {""viewCount"": ""14760"", ""likeCount"": ""414"", ""favoriteCount"": ""0"", ""commentCount"": ""27""}}",2026-10-01T06:14:16.896069+00:00,2026-10-01T06:14:16.896069+00:00,3223.0,8.550021945243056,28.048780487804876,1.829268292682927,0,over_180_seconds
K2iI10BMw98,UCHPA4fgVIFf4Wfae6-f5qNQ,Hein Recap,I Let The Nation Extract My Memories - Hein Recap,"Name: I Let The Nation Extract My Memories

--Summary--
The narrative unfolds in the year 2028, where twenty-year-old Kaelen, universally reviled by society and his own family as the supposed scumbag who ruined the Vanderbilt household, volunteers to undergo a nationwide live broadcast of visual memory extraction despite excruciating physical agony. As his past is peeled back frame by frame, his three sisters—Seraphina, Isolde, and Cassia—alongside their father Balthazar, are confronted with devastating truths that overturn their deepest convictions. At four years old, Kaelen never selfishly pushed Seraphina aside to flee their kidnapping as she had bitterly believed for sixteen years; instead, the young boy intentionally sprinted toward the abductor to draw him away from her, exhausting himself and kneeling amid moving traffic to plead for help. It also emerges that Isolde was the kidnapper's original target, and Kaelen was seized only because of a feather accessory she had spitefully placed on him. Trapped in the clutches of ruthless human traffickers Griselda and Cletus, Kaelen endured years of severe beatings, starvation, and confinement in a filth-ridden shed. Despite his torment, he braved thorn bushes to gather medicinal herbs and dragged an unconscious Cassia and Genevieve to a mountain cave to treat their fevers. However, Sterling—the family’s favored son—viciously kicked Kaelen down a steep cliff to eliminate him as a rival heir, concealed the cave entrance, and lied to the search party to steal the credit for saving the girls.   
Kaelen’s selflessness continued when he orchestrated the escape of his fellow captive, Lorcan, by deliberately misdirecting the traffickers toward the opposite path, yet Lorcan tragically mistook his actions for betrayal and cruelly rejected him when Kaelen sought him out nine years later. His harrowing journey took an even darker turn when traffickers sold him off as lab rat Subject 0029, leaving him confined inside a mirrored chamber and subjected to unspeakable trauma. Even upon reaching safety at a police station, Kaelen fell into the manipulative grasp of his stepmother Prudence and Sterling, who forced dark makeup onto him, falsely told him his birth mother was dead, and framed him as a petty egg thief to alienate his father, who subsequently relegated him to a squalid servant’s quarters. In the studio, Seraphina is consumed by profound remorse, Lorcan breaks down in inconsolable guilt, and the sisters' blind faith in Sterling begins to fracture. Yet, just as Balthazar furiously prepares to type a comment publicly condemning his biological son, an abrupt and shocking memory flashes onto the screen, leaving him entirely paralyzed as the full, unresolved extent of Kaelen's sacrifices hangs precariously in the balance.

Make Sure to like and share the video.
Subscribe for more recap videos.
#manhwa #manga #manhua #manhwarecap
#Manhuarecap #mangarecap #manhwarecaps #mangarecaps #reborn #reincarnation #regression #harem #villain",2026-09-21T17:01:03Z,PT1H4M28S,48815,1336,82,0,1,"[""manhwa recap"", ""anime recap"", ""anicap"", ""the manhwa man"", ""manhwa"", ""webtoon"", ""manhwa recaps"", ""manhwa cap"", ""webtoon recap"", ""manga recaps"", ""manga recap"", ""manhwa capped"", ""anime recaps"", ""manhua"", ""Wedding"", ""Finance""]",en,en,0,none,https://i.ytimg.com/vi/K2iI10BMw98/default.jpg,https://i.ytimg.com/vi/K2iI10BMw98/mqdefault.jpg,https://i.ytimg.com/vi/K2iI10BMw98/hqdefault.jpg,public,"{""kind"": ""youtube#video"", ""etag"": ""q78gL_dak0QBZI_stVdxN0A4suk"", ""id"": ""K2iI10BMw98"", ""snippet"": {""publishedAt"": ""2026-09-21T17:01:03Z"", ""channelId"": ""UCHPA4fgVIFf4Wfae6-f5qNQ"", ""title"": ""I Let The Nation Extract My Memories - Hein Recap"", ""description"": ""Name: I Let The Nation Extract My Memories\n\n--Summary--\nThe narrative unfolds in the year 2028, where twenty-year-old Kaelen, universally reviled by society and his own family as the supposed scumbag who ruined the Vanderbilt household, volunteers to undergo a nationwide live broadcast of visual memory extraction despite excruciating physical agony. As his past is peeled back frame by frame, his three sisters—Seraphina, Isolde, and Cassia—alongside their father Balthazar, are confronted with devastating truths that overturn their deepest convictions. At four years old, Kaelen never selfishly pushed Seraphina aside to flee their kidnapping as she had bitterly believed for sixteen years; instead, the young boy intentionally sprinted toward the abductor to draw him away from her, exhausting himself and kneeling amid moving traffic to plead for help. It also emerges that Isolde was the kidnapper's original target, and Kaelen was seized only because of a feather accessory she had spitefully placed on him. Trapped in the clutches of ruthless human traffickers Griselda and Cletus, Kaelen endured years of severe beatings, starvation, and confinement in a filth-ridden shed. Despite his torment, he braved thorn bushes to gather medicinal herbs and dragged an unconscious Cassia and Genevieve to a mountain cave to treat their fevers. However, Sterling—the family’s favored son—viciously kicked Kaelen down a steep cliff to eliminate him as a rival heir, concealed the cave entrance, and lied to the search party to steal the credit for saving the girls.   \nKaelen’s selflessness continued when he orchestrated the escape of his fellow captive, Lorcan, by deliberately misdirecting the traffickers toward the opposite path, yet Lorcan tragically mistook his actions for betrayal and cruelly rejected him when Kaelen sought him out nine years later. His harrowing journey took an even darker turn when traffickers sold him off as lab rat Subject 0029, leaving him confined inside a mirrored chamber and subjected to unspeakable trauma. Even upon reaching safety at a police station, Kaelen fell into the manipulative grasp of his stepmother Prudence and Sterling, who forced dark makeup onto him, falsely told him his birth mother was dead, and framed him as a petty egg thief to alienate his father, who subsequently relegated him to a squalid servant’s quarters. In the studio, Seraphina is consumed by profound remorse, Lorcan breaks down in inconsolable guilt, and the sisters' blind faith in Sterling begins to fracture. Yet, just as Balthazar furiously prepares to type a comment publicly condemning his biological son, an abrupt and shocking memory flashes onto the screen, leaving him entirely paralyzed as the full, unresolved extent of Kaelen's sacrifices hangs precariously in the balance.\n\nMake Sure to like and share the video.\nSubscribe for more recap videos.\n#manhwa #manga #manhua #manhwarecap\n#Manhuarecap #mangarecap #manhwarecaps #mangarecaps #reborn #reincarnation #regression #harem #villain"", ""thumbnails"": {""default"": {""url"": ""https://i.ytimg.com/vi/K2iI10BMw98/default.jpg"", ""width"": 120, ""height"": 90}, ""medium"": {""url"": ""https://i.ytimg.com/vi/K2iI10BMw98/mqdefault.jpg"", ""width"": 320, ""height"": 180}, ""high"": {""url"": ""https://i.ytimg.com/vi/K2iI10BMw98/hqdefault.jpg"", ""width"": 480, ""height"": 360}, ""standard"": {""url"": ""https://i.ytimg.com/vi/K2iI10BMw98/sddefault.jpg"", ""width"": 640, ""height"": 480}, ""maxres"": {""url"": ""https://i.ytimg.com/vi/K2iI10BMw98/maxresdefault.jpg"", ""width"": 1280, ""height"": 720}, ""fhd"": {""url"": ""https://i.ytimg.com/vi/K2iI10BMw98/fhddefault.jpg"", ""width"": 1920, ""height"": 1080}}, ""channelTitle"": ""Hein Recap"", ""tags"": [""manhwa recap"", ""anime recap"", ""anicap"", ""the manhwa man"", ""manhwa"", ""webtoon"", ""manhwa recaps"", ""manhwa cap"", ""webtoon recap"", ""manga recaps"", ""manga recap"", ""manhwa capped"", ""anime recaps"", ""manhua"", ""Wedding"", ""Finance""], ""categoryId"": ""1"", ""liveBroadcastContent"": ""none"", ""defaultLanguage"": ""en"", ""localized"": {""title"": ""I Let The Nation Extract My Memories - Hein Recap"", ""description"": ""Name: I Let The Nation Extract My Memories\n\n--Summary--\nThe narrative unfolds in the year 2028, where twenty-year-old Kaelen, universally reviled by society and his own family as the supposed scumbag who ruined the Vanderbilt household, volunteers to undergo a nationwide live broadcast of visual memory extraction despite excruciating physical agony. As his past is peeled back frame by frame, his three sisters—Seraphina, Isolde, and Cassia—alongside their father Balthazar, are confronted with devastating truths that overturn their deepest convictions. At four years old, Kaelen never selfishly pushed Seraphina aside to flee their kidnapping as she had bitterly believed for sixteen years; instead, the young boy intentionally sprinted toward the abductor to draw him away from her, exhausting himself and kneeling amid moving traffic to plead for help. It also emerges that Isolde was the kidnapper's original target, and Kaelen was seized only because of a feather accessory she had spitefully placed on him. Trapped in the clutches of ruthless human traffickers Griselda and Cletus, Kaelen endured years of severe beatings, starvation, and confinement in a filth-ridden shed. Despite his torment, he braved thorn bushes to gather medicinal herbs and dragged an unconscious Cassia and Genevieve to a mountain cave to treat their fevers. However, Sterling—the family’s favored son—viciously kicked Kaelen down a steep cliff to eliminate him as a rival heir, concealed the cave entrance, and lied to the search party to steal the credit for saving the girls.   \nKaelen’s selflessness continued when he orchestrated the escape of his fellow captive, Lorcan, by deliberately misdirecting the traffickers toward the opposite path, yet Lorcan tragically mistook his actions for betrayal and cruelly rejected him when Kaelen sought him out nine years later. His harrowing journey took an even darker turn when traffickers sold him off as lab rat Subject 0029, leaving him confined inside a mirrored chamber and subjected to unspeakable trauma. Even upon reaching safety at a police station, Kaelen fell into the manipulative grasp of his stepmother Prudence and Sterling, who forced dark makeup onto him, falsely told him his birth mother was dead, and framed him as a petty egg thief to alienate his father, who subsequently relegated him to a squalid servant’s quarters. In the studio, Seraphina is consumed by profound remorse, Lorcan breaks down in inconsolable guilt, and the sisters' blind faith in Sterling begins to fracture. Yet, just as Balthazar furiously prepares to type a comment publicly condemning his biological son, an abrupt and shocking memory flashes onto the screen, leaving him entirely paralyzed as the full, unresolved extent of Kaelen's sacrifices hangs precariously in the balance.\n\nMake Sure to like and share the video.\nSubscribe for more recap videos.\n#manhwa #manga #manhua #manhwarecap\n#Manhuarecap #mangarecap #manhwarecaps #mangarecaps #reborn #reincarnation #regression #harem #villain""}, ""defaultAudioLanguage"": ""en""}, ""contentDetails"": {""duration"": ""PT1H4M28S"", ""dimension"": ""2d"", ""definition"": ""hd"", ""caption"": ""false"", ""licensedContent"": true, ""contentRating"": {}, ""projection"": ""rectangular""}, ""status"": {""uploadStatus"": ""processed"", ""privacyStatus"": ""public"", ""license"": ""youtube"", ""embeddable"": true, ""publicStatsViewable"": true, ""madeForKids"": false}, ""statistics"": {""viewCount"": ""48815"", ""likeCount"": ""1336"", ""favoriteCount"": ""0"", ""commentCount"": ""82""}}",2026-10-01T06:14:16.896069+00:00,2026-10-01T06:14:16.896069+00:00,3868.0,9.550855278576389,27.36863668954215,1.6798115333401618,0,over_180_seconds
miaJ4DQk3m4,UCHPA4fgVIFf4Wfae6-f5qNQ,Hein Recap,I Catfished My Wife As Her High School Ex Just To Get A Divorce! - Hein Recap,"Name: I Catfished My Wife As Her High School Ex Just To Get A Divorce!

--Summary--
After enduring six months of a loveless, unconsummated marriage, Thaddeus learns from his wife’s best friend, Calliope, that Seraphina only married him to appease her family while remaining completely devoted to her high school sweetheart, Valerian. When Thaddeus demands a divorce, Seraphina refuses to avoid further arranged dates, striking a transactional agreement where she pays him a monthly allowance while both lead separate lives until Valerian returns. Deeply hurt, Thaddeus crosses paths with Calliope at a bar, and their mutual understanding quickly sparks a passionate romance and professional partnership that helps him rebuild his self-worth.   
Things spiral out of control when Seraphina learns that Valerian is getting married and frantically tries to reclaim Thaddeus, resorting to desperate schemes: destroying their marital agreement, publicly confronting Calliope, and orchestrating a drunken night together before fabricating a pregnancy to push Calliope away. Knowing Seraphina’s lingering obsession, Thaddeus creates a fake account posing as Valerian to trick her into decisively demanding a divorce, collecting his agreed severance, and recording video proof of her renouncing the marriage. At Thaddeus and Calliope’s wedding, Seraphina attempts to derail the ceremony upon discovering the deception and seeing the real Valerian return with a wife, but Thaddeus shuts her down with the video evidence and firmly walks away. Even though Seraphina genuinely turns out to be pregnant from their single night and raises the child alone, Thaddeus fulfills only his bare legal duties, choosing instead to focus entirely on building a life with Calliope, who is expecting their own baby, leaving the long-term emotional fallout and future co-parenting dynamic open-ended.  

Make Sure to like and share the video.
Subscribe for more recap videos.
#manhwa #manga #manhua #manhwarecap
#Manhuarecap #mangarecap #manhwarecaps #mangarecaps #reborn #reincarnation #regression #harem #villain",2026-09-20T17:02:32Z,PT49M11S,9921,342,23,0,1,"[""manhwa recap"", ""anime recap"", ""anicap"", ""the manhwa man"", ""manhwa"", ""webtoon"", ""manhwa recaps"", ""manhwa cap"", ""webtoon recap"", ""manga recaps"", ""manga recap"", ""manhwa capped"", ""anime recaps"", ""manhua"", ""Wedding"", ""Finance""]",en,en,0,none,https://i.ytimg.com/vi/miaJ4DQk3m4/default.jpg,https://i.ytimg.com/vi/miaJ4DQk3m4/mqdefault.jpg,https://i.ytimg.com/vi/miaJ4DQk3m4/hqdefault.jpg,public,"{""kind"": ""youtube#video"", ""etag"": ""Irls0kVTI6-MR9iAxjsNqu6-OBg"", ""id"": ""miaJ4DQk3m4"", ""snippet"": {""publishedAt"": ""2026-09-20T17:02:32Z"", ""channelId"": ""UCHPA4fgVIFf4Wfae6-f5qNQ"", ""title"": ""I Catfished My Wife As Her High School Ex Just To Get A Divorce! - Hein Recap"", ""description"": ""Name: I Catfished My Wife As Her High School Ex Just To Get A Divorce!\n\n--Summary--\nAfter enduring six months of a loveless, unconsummated marriage, Thaddeus learns from his wife’s best friend, Calliope, that Seraphina only married him to appease her family while remaining completely devoted to her high school sweetheart, Valerian. When Thaddeus demands a divorce, Seraphina refuses to avoid further arranged dates, striking a transactional agreement where she pays him a monthly allowance while both lead separate lives until Valerian returns. Deeply hurt, Thaddeus crosses paths with Calliope at a bar, and their mutual understanding quickly sparks a passionate romance and professional partnership that helps him rebuild his self-worth.   \nThings spiral out of control when Seraphina learns that Valerian is getting married and frantically tries to reclaim Thaddeus, resorting to desperate schemes: destroying their marital agreement, publicly confronting Calliope, and orchestrating a drunken night together before fabricating a pregnancy to push Calliope away. Knowing Seraphina’s lingering obsession, Thaddeus creates a fake account posing as Valerian to trick her into decisively demanding a divorce, collecting his agreed severance, and recording video proof of her renouncing the marriage. At Thaddeus and Calliope’s wedding, Seraphina attempts to derail the ceremony upon discovering the deception and seeing the real Valerian return with a wife, but Thaddeus shuts her down with the video evidence and firmly walks away. Even though Seraphina genuinely turns out to be pregnant from their single night and raises the child alone, Thaddeus fulfills only his bare legal duties, choosing instead to focus entirely on building a life with Calliope, who is expecting their own baby, leaving the long-term emotional fallout and future co-parenting dynamic open-ended.  \n\nMake Sure to like and share the video.\nSubscribe for more recap videos.\n#manhwa #manga #manhua #manhwarecap\n#Manhuarecap #mangarecap #manhwarecaps #mangarecaps #reborn #reincarnation #regression #harem #villain"", ""thumbnails"": {""default"": {""url"": ""https://i.ytimg.com/vi/miaJ4DQk3m4/default.jpg"", ""width"": 120, ""height"": 90}, ""medium"": {""url"": ""https://i.ytimg.com/vi/miaJ4DQk3m4/mqdefault.jpg"", ""width"": 320, ""height"": 180}, ""high"": {""url"": ""https://i.ytimg.com/vi/miaJ4DQk3m4/hqdefault.jpg"", ""width"": 480, ""height"": 360}, ""standard"": {""url"": ""https://i.ytimg.com/vi/miaJ4DQk3m4/sddefault.jpg"", ""width"": 640, ""height"": 480}, ""maxres"": {""url"": ""https://i.ytimg.com/vi/miaJ4DQk3m4/maxresdefault.jpg"", ""width"": 1280, ""height"": 720}, ""fhd"": {""url"": ""https://i.ytimg.com/vi/miaJ4DQk3m4/fhddefault.jpg"", ""width"": 1920, ""height"": 1080}}, ""channelTitle"": ""Hein Recap"", ""tags"": [""manhwa recap"", ""anime recap"", ""anicap"", ""the manhwa man"", ""manhwa"", ""webtoon"", ""manhwa recaps"", ""manhwa cap"", ""webtoon recap"", ""manga recaps"", ""manga recap"", ""manhwa capped"", ""anime recaps"", ""manhua"", ""Wedding"", ""Finance""], ""categoryId"": ""1"", ""liveBroadcastContent"": ""none"", ""defaultLanguage"": ""en"", ""localized"": {""title"": ""I Catfished My Wife As Her High School Ex Just To Get A Divorce! - Hein Recap"", ""description"": ""Name: I Catfished My Wife As Her High School Ex Just To Get A Divorce!\n\n--Summary--\nAfter enduring six months of a loveless, unconsummated marriage, Thaddeus learns from his wife’s best friend, Calliope, that Seraphina only married him to appease her family while remaining completely devoted to her high school sweetheart, Valerian. When Thaddeus demands a divorce, Seraphina refuses to avoid further arranged dates, striking a transactional agreement where she pays him a monthly allowance while both lead separate lives until Valerian returns. Deeply hurt, Thaddeus crosses paths with Calliope at a bar, and their mutual understanding quickly sparks a passionate romance and professional partnership that helps him rebuild his self-worth.   \nThings spiral out of control when Seraphina learns that Valerian is getting married and frantically tries to reclaim Thaddeus, resorting to desperate schemes: destroying their marital agreement, publicly confronting Calliope, and orchestrating a drunken night together before fabricating a pregnancy to push Calliope away. Knowing Seraphina’s lingering obsession, Thaddeus creates a fake account posing as Valerian to trick her into decisively demanding a divorce, collecting his agreed severance, and recording video proof of her renouncing the marriage. At Thaddeus and Calliope’s wedding, Seraphina attempts to derail the ceremony upon discovering the deception and seeing the real Valerian return with a wife, but Thaddeus shuts her down with the video evidence and firmly walks away. Even though Seraphina genuinely turns out to be pregnant from their single night and raises the child alone, Thaddeus fulfills only his bare legal duties, choosing instead to focus entirely on building a life with Calliope, who is expecting their own baby, leaving the long-term emotional fallout and future co-parenting dynamic open-ended.  \n\nMake Sure to like and share the video.\nSubscribe for more recap videos.\n#manhwa #manga #manhua #manhwarecap\n#Manhuarecap #mangarecap #manhwarecaps #mangarecaps #reborn #reincarnation #regression #harem #villain""}, ""defaultAudioLanguage"": ""en""}, ""contentDetails"": {""duration"": ""PT49M11S"", ""dimension"": ""2d"", ""definition"": ""hd"", ""caption"": ""false"", ""licensedContent"": true, ""contentRating"": {}, ""projection"": ""rectangular""}, ""status"": {""uploadStatus"": ""processed"", ""privacyStatus"": ""public"", ""license"": ""youtube"", ""embeddable"": true, ""publicStatsViewable"": true, ""madeForKids"": false}, ""statistics"": {""viewCount"": ""9921"", ""likeCount"": ""342"", ""favoriteCount"": ""0"", ""commentCount"": ""23""}}",2026-10-01T06:14:16.896069+00:00,2026-10-01T06:14:16.896069+00:00,2951.0,10.549825185983796,34.47233141820381,2.3183146860195545,0,over_180_seconds
dl7FiJJDoh0,UCHPA4fgVIFf4Wfae6-f5qNQ,Hein Recap,I Transmigrated Into A Trash Son-In-Law - Hein Recap,"Name: I Transmigrated Into A Trash Son-In-Law

--Summary--
The protagonist transmigrates into Thaddeus, a downtrodden live-in son-in-law on the verge of signing an empty-handed divorce to make way for his wife’s returning childhood sweetheart. Rejecting the original host's pathetic compliance, he rips up the papers and demands a massive payout, oblivious to the fact that his cold CEO wife, Seraphina, and her entire family can suddenly hear his prophetic inner monologue. As Thaddeus’s inner thoughts expose the predatory intentions and twisted obsession of her crush Caspian, a plot to ruin his sister-in-law Cassiopeia, and the impending bankruptcy and gruesome deaths of the entire household, the family’s dynamic takes a chaotic turn. Seraphina's parents subject her to harsh discipline to curb her foolishness, turning all their favor and resources over to Thaddeus. With Thaddeus's hidden identity as the elite hacker ""RY"" unveiled and the strategic intervention of his college senior Aurelia, the Vanguard family counters the financial conspiracies and utterly ruins Caspian’s faction. The story remains wide open for future intrigue as Seraphina becomes pregnant, securing her marital status while cunningly bringing Aurelia into the unconventional family fold, leaving Thaddeus navigating newfound domestic power and brewing elite rivalries.

Make Sure to like and share the video.
Subscribe for more recap videos.
#manhwa #manga #manhua #manhwarecap
#Manhuarecap #mangarecap #manhwarecaps #mangarecaps #reborn #reincarnation #regression #harem #villain",2026-09-19T17:00:24Z,PT59M28S,32423,1116,63,0,1,"[""manhwa recap"", ""anime recap"", ""anicap"", ""the manhwa man"", ""manhwa"", ""webtoon"", ""manhwa recaps"", ""manhwa cap"", ""webtoon recap"", ""manga recaps"", ""manga recap"", ""manhwa capped"", ""anime recaps"", ""manhua"", ""Wedding"", ""Finance""]",en,en,0,none,https://i.ytimg.com/vi/dl7FiJJDoh0/default.jpg,https://i.ytimg.com/vi/dl7FiJJDoh0/mqdefault.jpg,https://i.ytimg.com/vi/dl7FiJJDoh0/hqdefault.jpg,public,"{""kind"": ""youtube#video"", ""etag"": ""jMjQ55Gxyf0EI2kf5da4g436vm4"", ""id"": ""dl7FiJJDoh0"", ""snippet"": {""publishedAt"": ""2026-09-19T17:00:24Z"", ""channelId"": ""UCHPA4fgVIFf4Wfae6-f5qNQ"", ""title"": ""I Transmigrated Into A Trash Son-In-Law - Hein Recap"", ""description"": ""Name: I Transmigrated Into A Trash Son-In-Law\n\n--Summary--\nThe protagonist transmigrates into Thaddeus, a downtrodden live-in son-in-law on the verge of signing an empty-handed divorce to make way for his wife’s returning childhood sweetheart. Rejecting the original host's pathetic compliance, he rips up the papers and demands a massive payout, oblivious to the fact that his cold CEO wife, Seraphina, and her entire family can suddenly hear his prophetic inner monologue. As Thaddeus’s inner thoughts expose the predatory intentions and twisted obsession of her crush Caspian, a plot to ruin his sister-in-law Cassiopeia, and the impending bankruptcy and gruesome deaths of the entire household, the family’s dynamic takes a chaotic turn. Seraphina's parents subject her to harsh discipline to curb her foolishness, turning all their favor and resources over to Thaddeus. With Thaddeus's hidden identity as the elite hacker \""RY\"" unveiled and the strategic intervention of his college senior Aurelia, the Vanguard family counters the financial conspiracies and utterly ruins Caspian’s faction. The story remains wide open for future intrigue as Seraphina becomes pregnant, securing her marital status while cunningly bringing Aurelia into the unconventional family fold, leaving Thaddeus navigating newfound domestic power and brewing elite rivalries.\n\nMake Sure to like and share the video.\nSubscribe for more recap videos.\n#manhwa #manga #manhua #manhwarecap\n#Manhuarecap #mangarecap #manhwarecaps #mangarecaps #reborn #reincarnation #regression #harem #villain"", ""thumbnails"": {""default"": {""url"": ""https://i.ytimg.com/vi/dl7FiJJDoh0/default.jpg"", ""width"": 120, ""height"": 90}, ""medium"": {""url"": ""https://i.ytimg.com/vi/dl7FiJJDoh0/mqdefault.jpg"", ""width"": 320, ""height"": 180}, ""high"": {""url"": ""https://i.ytimg.com/vi/dl7FiJJDoh0/hqdefault.jpg"", ""width"": 480, ""height"": 360}, ""standard"": {""url"": ""https://i.ytimg.com/vi/dl7FiJJDoh0/sddefault.jpg"", ""width"": 640, ""height"": 480}, ""maxres"": {""url"": ""https://i.ytimg.com/vi/dl7FiJJDoh0/maxresdefault.jpg"", ""width"": 1280, ""height"": 720}, ""fhd"": {""url"": ""https://i.ytimg.com/vi/dl7FiJJDoh0/fhddefault.jpg"", ""width"": 1920, ""height"": 1080}}, ""channelTitle"": ""Hein Recap"", ""tags"": [""manhwa recap"", ""anime recap"", ""anicap"", ""the manhwa man"", ""manhwa"", ""webtoon"", ""manhwa recaps"", ""manhwa cap"", ""webtoon recap"", ""manga recaps"", ""manga recap"", ""manhwa capped"", ""anime recaps"", ""manhua"", ""Wedding"", ""Finance""], ""categoryId"": ""1"", ""liveBroadcastContent"": ""none"", ""defaultLanguage"": ""en"", ""localized"": {""title"": ""I Transmigrated Into A Trash Son-In-Law - Hein Recap"", ""description"": ""Name: I Transmigrated Into A Trash Son-In-Law\n\n--Summary--\nThe protagonist transmigrates into Thaddeus, a downtrodden live-in son-in-law on the verge of signing an empty-handed divorce to make way for his wife’s returning childhood sweetheart. Rejecting the original host's pathetic compliance, he rips up the papers and demands a massive payout, oblivious to the fact that his cold CEO wife, Seraphina, and her entire family can suddenly hear his prophetic inner monologue. As Thaddeus’s inner thoughts expose the predatory intentions and twisted obsession of her crush Caspian, a plot to ruin his sister-in-law Cassiopeia, and the impending bankruptcy and gruesome deaths of the entire household, the family’s dynamic takes a chaotic turn. Seraphina's parents subject her to harsh discipline to curb her foolishness, turning all their favor and resources over to Thaddeus. With Thaddeus's hidden identity as the elite hacker \""RY\"" unveiled and the strategic intervention of his college senior Aurelia, the Vanguard family counters the financial conspiracies and utterly ruins Caspian’s faction. The story remains wide open for future intrigue as Seraphina becomes pregnant, securing her marital status while cunningly bringing Aurelia into the unconventional family fold, leaving Thaddeus navigating newfound domestic power and brewing elite rivalries.\n\nMake Sure to like and share the video.\nSubscribe for more recap videos.\n#manhwa #manga #manhua #manhwarecap\n#Manhuarecap #mangarecap #manhwarecaps #mangarecaps #reborn #reincarnation #regression #harem #villain""}, ""defaultAudioLanguage"": ""en""}, ""contentDetails"": {""duration"": ""PT59M28S"", ""dimension"": ""2d"", ""definition"": ""hd"", ""caption"": ""false"", ""licensedContent"": true, ""contentRating"": {}, ""projection"": ""rectangular""}, ""status"": {""uploadStatus"": ""processed"", ""privacyStatus"": ""public"", ""license"": ""youtube"", ""embeddable"": true, ""publicStatsViewable"": true, ""madeForKids"": false}, ""statistics"": {""viewCount"": ""32423"", ""likeCount"": ""1116"", ""favoriteCount"": ""0"", ""commentCount"": ""63""}}",2026-10-01T06:14:16.896069+00:00,2026-10-01T06:14:16.896069+00:00,3568.0,11.551306667465278,34.42001048638312,1.9430651081022732,0,over_180_seconds
Fy-Ci_gAghs,UCHPA4fgVIFf4Wfae6-f5qNQ,Hein Recap,I Turned A Poor Girl Into A Billionaire - Hein Recap,"Name: I Turned A Poor Girl Into A Billionaire

--Summary--
Caspian, a professional conqueror bound to a system, built up an impoverished Seraphina into a wealthy tech CEO and completed his mission by marrying her. However, on their one-year anniversary, her first love Thaddeus returns, leading Seraphina to cruelly discard Caspian and demand a divorce. Knowing she had broken her solemn vow, Caspian effortlessly signs the papers and uses his VIP privilege to activate the ""Female Lead Deletion Protocol,"" triggering a seven-day countdown on Seraphina's lifespan. As her health rapidly drains, Caspian severs all financial ties, evicts her greedy parents who subsequently end up in jail for vandalism, and sells intelligence regarding Thaddeus's whereabouts to Thaddeus’s wealthy, estranged wife Vesper, exposing him as a bankrupt gambler who only wanted Seraphina as an ATM. On Seraphina and Thaddeus's rushed wedding day, Seraphina drops dead at the altar just as the countdown finishes. Left tethered to Caspian as an invisible spirit, she watches in agony as Thaddeus abandons her corpse to grovel before Vesper, only to be dragged off by loan sharks. Her torment deepens at the police station, where her materialistic parents show no grief over her death, caring solely about her inheritance until Caspian coerces them into surrendering Seraphina's company shares in exchange for their freedom. Crushed by regret upon realizing Caspian was the only one who truly cared for her, Seraphina begs for mercy, only for Caspian to coldly reveal his true identity as an emotionless taskmaster. He sells her soul to the system for 100 million points, obliterating her existence before stepping through a teleportation portal to begin his next assignment, leaving the endless cycle of his mission-hopping journey wide open.

Make Sure to like and share the video.
Subscribe for more recap videos.
#manhwa #manga #manhua #manhwarecap
#Manhuarecap #mangarecap #manhwarecaps #mangarecaps #reborn #reincarnation #regression #harem #villain",2026-09-18T17:02:30Z,PT34M6S,11740,287,19,0,1,"[""manhwa recap"", ""anime recap"", ""anicap"", ""the manhwa man"", ""manhwa"", ""webtoon"", ""manhwa recaps"", ""manhwa cap"", ""webtoon recap"", ""manga recaps"", ""manga recap"", ""manhwa capped"", ""anime recaps"", ""manhua"", ""Wedding"", ""Finance""]",en,en,0,none,https://i.ytimg.com/vi/Fy-Ci_gAghs/default.jpg,https://i.ytimg.com/vi/Fy-Ci_gAghs/mqdefault.jpg,https://i.ytimg.com/vi/Fy-Ci_gAghs/hqdefault.jpg,public,"{""kind"": ""youtube#video"", ""etag"": ""MUQj7MRQNubepmrOXDY1rQJIj0M"", ""id"": ""Fy-Ci_gAghs"", ""snippet"": {""publishedAt"": ""2026-09-18T17:02:30Z"", ""channelId"": ""UCHPA4fgVIFf4Wfae6-f5qNQ"", ""title"": ""I Turned A Poor Girl Into A Billionaire - Hein Recap"", ""description"": ""Name: I Turned A Poor Girl Into A Billionaire\n\n--Summary--\nCaspian, a professional conqueror bound to a system, built up an impoverished Seraphina into a wealthy tech CEO and completed his mission by marrying her. However, on their one-year anniversary, her first love Thaddeus returns, leading Seraphina to cruelly discard Caspian and demand a divorce. Knowing she had broken her solemn vow, Caspian effortlessly signs the papers and uses his VIP privilege to activate the \""Female Lead Deletion Protocol,\"" triggering a seven-day countdown on Seraphina's lifespan. As her health rapidly drains, Caspian severs all financial ties, evicts her greedy parents who subsequently end up in jail for vandalism, and sells intelligence regarding Thaddeus's whereabouts to Thaddeus’s wealthy, estranged wife Vesper, exposing him as a bankrupt gambler who only wanted Seraphina as an ATM. On Seraphina and Thaddeus's rushed wedding day, Seraphina drops dead at the altar just as the countdown finishes. Left tethered to Caspian as an invisible spirit, she watches in agony as Thaddeus abandons her corpse to grovel before Vesper, only to be dragged off by loan sharks. Her torment deepens at the police station, where her materialistic parents show no grief over her death, caring solely about her inheritance until Caspian coerces them into surrendering Seraphina's company shares in exchange for their freedom. Crushed by regret upon realizing Caspian was the only one who truly cared for her, Seraphina begs for mercy, only for Caspian to coldly reveal his true identity as an emotionless taskmaster. He sells her soul to the system for 100 million points, obliterating her existence before stepping through a teleportation portal to begin his next assignment, leaving the endless cycle of his mission-hopping journey wide open.\n\nMake Sure to like and share the video.\nSubscribe for more recap videos.\n#manhwa #manga #manhua #manhwarecap\n#Manhuarecap #mangarecap #manhwarecaps #mangarecaps #reborn #reincarnation #regression #harem #villain"", ""thumbnails"": {""default"": {""url"": ""https://i.ytimg.com/vi/Fy-Ci_gAghs/default.jpg"", ""width"": 120, ""height"": 90}, ""medium"": {""url"": ""https://i.ytimg.com/vi/Fy-Ci_gAghs/mqdefault.jpg"", ""width"": 320, ""height"": 180}, ""high"": {""url"": ""https://i.ytimg.com/vi/Fy-Ci_gAghs/hqdefault.jpg"", ""width"": 480, ""height"": 360}, ""standard"": {""url"": ""https://i.ytimg.com/vi/Fy-Ci_gAghs/sddefault.jpg"", ""width"": 640, ""height"": 480}, ""maxres"": {""url"": ""https://i.ytimg.com/vi/Fy-Ci_gAghs/maxresdefault.jpg"", ""width"": 1280, ""height"": 720}, ""fhd"": {""url"": ""https://i.ytimg.com/vi/Fy-Ci_gAghs/fhddefault.jpg"", ""width"": 1920, ""height"": 1080}}, ""channelTitle"": ""Hein Recap"", ""tags"": [""manhwa recap"", ""anime recap"", ""anicap"", ""the manhwa man"", ""manhwa"", ""webtoon"", ""manhwa recaps"", ""manhwa cap"", ""webtoon recap"", ""manga recaps"", ""manga recap"", ""manhwa capped"", ""anime recaps"", ""manhua"", ""Wedding"", ""Finance""], ""categoryId"": ""1"", ""liveBroadcastContent"": ""none"", ""defaultLanguage"": ""en"", ""localized"": {""title"": ""I Turned A Poor Girl Into A Billionaire - Hein Recap"", ""description"": ""Name: I Turned A Poor Girl Into A Billionaire\n\n--Summary--\nCaspian, a professional conqueror bound to a system, built up an impoverished Seraphina into a wealthy tech CEO and completed his mission by marrying her. However, on their one-year anniversary, her first love Thaddeus returns, leading Seraphina to cruelly discard Caspian and demand a divorce. Knowing she had broken her solemn vow, Caspian effortlessly signs the papers and uses his VIP privilege to activate the \""Female Lead Deletion Protocol,\"" triggering a seven-day countdown on Seraphina's lifespan. As her health rapidly drains, Caspian severs all financial ties, evicts her greedy parents who subsequently end up in jail for vandalism, and sells intelligence regarding Thaddeus's whereabouts to Thaddeus’s wealthy, estranged wife Vesper, exposing him as a bankrupt gambler who only wanted Seraphina as an ATM. On Seraphina and Thaddeus's rushed wedding day, Seraphina drops dead at the altar just as the countdown finishes. Left tethered to Caspian as an invisible spirit, she watches in agony as Thaddeus abandons her corpse to grovel before Vesper, only to be dragged off by loan sharks. Her torment deepens at the police station, where her materialistic parents show no grief over her death, caring solely about her inheritance until Caspian coerces them into surrendering Seraphina's company shares in exchange for their freedom. Crushed by regret upon realizing Caspian was the only one who truly cared for her, Seraphina begs for mercy, only for Caspian to coldly reveal his true identity as an emotionless taskmaster. He sells her soul to the system for 100 million points, obliterating her existence before stepping through a teleportation portal to begin his next assignment, leaving the endless cycle of his mission-hopping journey wide open.\n\nMake Sure to like and share the video.\nSubscribe for more recap videos.\n#manhwa #manga #manhua #manhwarecap\n#Manhuarecap #mangarecap #manhwarecaps #mangarecaps #reborn #reincarnation #regression #harem #villain""}, ""defaultAudioLanguage"": ""en""}, ""contentDetails"": {""duration"": ""PT34M6S"", ""dimension"": ""2d"", ""definition"": ""hd"", ""caption"": ""false"", ""licensedContent"": true, ""contentRating"": {}, ""projection"": ""rectangular""}, ""status"": {""uploadStatus"": ""processed"", ""privacyStatus"": ""public"", ""license"": ""youtube"", ""embeddable"": true, ""publicStatsViewable"": true, ""madeForKids"": false}, ""statistics"": {""viewCount"": ""11740"", ""likeCount"": ""287"", ""favoriteCount"": ""0"", ""commentCount"": ""19""}}",2026-10-01T06:14:16.896069+00:00,2026-10-01T06:14:16.896069+00:00,2046.0,12.549848334131944,24.44633730834753,1.6183986371379897,0,over_180_seconds
RRN1_tDWnBs,UCHPA4fgVIFf4Wfae6-f5qNQ,Hein Recap,I Found A Secret Room Of My Photos - Hein Recap,"Name: I Found A Secret Room Of My Photos
 
--Summary--
In his previous life, Thatcher fled an arranged marriage, inadvertently causing Seraphina—a powerful corporate titan battling crippling depression—to end her life and bequeath him her entire fortune. Uncovering a secret room plastered with his photos and realizing he had unknowingly been her only emotional lifeline, Thatcher is granted a second chance at life right before his planned escape. Choosing not to run away with his childhood friend Tinsley this time, he willingly approaches Seraphina, peeling back her icy facade to embrace the profoundly insecure, wounded woman beneath.  
As their relationship deepens, Thatcher learns of Seraphina's traumatic upbringing under a manipulative mother who sought to project her own cycle of toxic control onto her daughter. Providing unwavering patience, reassurance, and fierce protection against external cruelty, Thatcher anchors Seraphina in a secure reality, helping her overcome her self-destructive tendencies. Seraphina's deep-rooted devotion is later revealed to stem from a simple act of mercy he showed her when she was destitute years prior. Although echoes of the tragedy they once endured occasionally linger like fleeting shadows of a bad dream, they turn toward an unwritten tomorrow as healed partners and parents, choosing each other with mutual devotion and quiet hope. 

Make Sure to like and share the video.
Subscribe for more recap videos.
#manhwa #manga #manhua #manhwarecap
#Manhuarecap #mangarecap #manhwarecaps #mangarecaps #reborn #reincarnation #regression #harem #villain",2026-09-17T17:00:18Z,PT53M30S,9977,279,8,0,1,"[""manhwa recap"", ""anime recap"", ""anicap"", ""the manhwa man"", ""manhwa"", ""webtoon"", ""manhwa recaps"", ""manhwa cap"", ""webtoon recap"", ""manga recaps"", ""manga recap"", ""manhwa capped"", ""anime recaps"", ""manhua"", ""Wedding"", ""Finance""]",en,en,0,none,https://i.ytimg.com/vi/RRN1_tDWnBs/default.jpg,https://i.ytimg.com/vi/RRN1_tDWnBs/mqdefault.jpg,https://i.ytimg.com/vi/RRN1_tDWnBs/hqdefault.jpg,public,"{""kind"": ""youtube#video"", ""etag"": ""N9XfdOJ1OLmyj4FVJFlLvYpi7W0"", ""id"": ""RRN1_tDWnBs"", ""snippet"": {""publishedAt"": ""2026-09-17T17:00:18Z"", ""channelId"": ""UCHPA4fgVIFf4Wfae6-f5qNQ"", ""title"": ""I Found A Secret Room Of My Photos - Hein Recap"", ""description"": ""Name: I Found A Secret Room Of My Photos\n \n--Summary--\nIn his previous life, Thatcher fled an arranged marriage, inadvertently causing Seraphina—a powerful corporate titan battling crippling depression—to end her life and bequeath him her entire fortune. Uncovering a secret room plastered with his photos and realizing he had unknowingly been her only emotional lifeline, Thatcher is granted a second chance at life right before his planned escape. Choosing not to run away with his childhood friend Tinsley this time, he willingly approaches Seraphina, peeling back her icy facade to embrace the profoundly insecure, wounded woman beneath.  \nAs their relationship deepens, Thatcher learns of Seraphina's traumatic upbringing under a manipulative mother who sought to project her own cycle of toxic control onto her daughter. Providing unwavering patience, reassurance, and fierce protection against external cruelty, Thatcher anchors Seraphina in a secure reality, helping her overcome her self-destructive tendencies. Seraphina's deep-rooted devotion is later revealed to stem from a simple act of mercy he showed her when she was destitute years prior. Although echoes of the tragedy they once endured occasionally linger like fleeting shadows of a bad dream, they turn toward an unwritten tomorrow as healed partners and parents, choosing each other with mutual devotion and quiet hope. \n\nMake Sure to like and share the video.\nSubscribe for more recap videos.\n#manhwa #manga #manhua #manhwarecap\n#Manhuarecap #mangarecap #manhwarecaps #mangarecaps #reborn #reincarnation #regression #harem #villain"", ""thumbnails"": {""default"": {""url"": ""https://i.ytimg.com/vi/RRN1_tDWnBs/default.jpg"", ""width"": 120, ""height"": 90}, ""medium"": {""url"": ""https://i.ytimg.com/vi/RRN1_tDWnBs/mqdefault.jpg"", ""width"": 320, ""height"": 180}, ""high"": {""url"": ""https://i.ytimg.com/vi/RRN1_tDWnBs/hqdefault.jpg"", ""width"": 480, ""height"": 360}, ""standard"": {""url"": ""https://i.ytimg.com/vi/RRN1_tDWnBs/sddefault.jpg"", ""width"": 640, ""height"": 480}, ""maxres"": {""url"": ""https://i.ytimg.com/vi/RRN1_tDWnBs/maxresdefault.jpg"", ""width"": 1280, ""height"": 720}, ""fhd"": {""url"": ""https://i.ytimg.com/vi/RRN1_tDWnBs/fhddefault.jpg"", ""width"": 1920, ""height"": 1080}}, ""channelTitle"": ""Hein Recap"", ""tags"": [""manhwa recap"", ""anime recap"", ""anicap"", ""the manhwa man"", ""manhwa"", ""webtoon"", ""manhwa recaps"", ""manhwa cap"", ""webtoon recap"", ""manga recaps"", ""manga recap"", ""manhwa capped"", ""anime recaps"", ""manhua"", ""Wedding"", ""Finance""], ""categoryId"": ""1"", ""liveBroadcastContent"": ""none"", ""defaultLanguage"": ""en"", ""localized"": {""title"": ""I Found A Secret Room Of My Photos - Hein Recap"", ""description"": ""Name: I Found A Secret Room Of My Photos\n \n--Summary--\nIn his previous life, Thatcher fled an arranged marriage, inadvertently causing Seraphina—a powerful corporate titan battling crippling depression—to end her life and bequeath him her entire fortune. Uncovering a secret room plastered with his photos and realizing he had unknowingly been her only emotional lifeline, Thatcher is granted a second chance at life right before his planned escape. Choosing not to run away with his childhood friend Tinsley this time, he willingly approaches Seraphina, peeling back her icy facade to embrace the profoundly insecure, wounded woman beneath.  \nAs their relationship deepens, Thatcher learns of Seraphina's traumatic upbringing under a manipulative mother who sought to project her own cycle of toxic control onto her daughter. Providing unwavering patience, reassurance, and fierce protection against external cruelty, Thatcher anchors Seraphina in a secure reality, helping her overcome her self-destructive tendencies. Seraphina's deep-rooted devotion is later revealed to stem from a simple act of mercy he showed her when she was destitute years prior. Although echoes of the tragedy they once endured occasionally linger like fleeting shadows of a bad dream, they turn toward an unwritten tomorrow as healed partners and parents, choosing each other with mutual devotion and quiet hope. \n\nMake Sure to like and share the video.\nSubscribe for more recap videos.\n#manhwa #manga #manhua #manhwarecap\n#Manhuarecap #mangarecap #manhwarecaps #mangarecaps #reborn #reincarnation #regression #harem #villain""}, ""defaultAudioLanguage"": ""en""}, ""contentDetails"": {""duration"": ""PT53M30S"", ""dimension"": ""2d"", ""definition"": ""hd"", ""caption"": ""false"", ""licensedContent"": true, ""contentRating"": {}, ""projection"": ""rectangular""}, ""status"": {""uploadStatus"": ""processed"", ""privacyStatus"": ""public"", ""license"": ""youtube"", ""embeddable"": true, ""publicStatsViewable"": true, ""madeForKids"": false}, ""statistics"": {""viewCount"": ""9977"", ""likeCount"": ""279"", ""favoriteCount"": ""0"", ""commentCount"": ""8""}}",2026-10-01T06:14:16.896069+00:00,2026-10-01T06:14:16.896069+00:00,3210.0,13.551376111909722,27.964317931241855,0.8018442417560389,0,over_180_seconds
1w9s7-HVNF8,UCHPA4fgVIFf4Wfae6-f5qNQ,Hein Recap,"I Dumped My Girlfriend With Cash To Hide My Cancer, Now She's The Doctor Saving My Life - Hein Recap","Name: I Dumped My Girlfriend With Cash To Hide My Cancer, Now She's The Doctor Saving My Life

--Summary--
After learning he had lymphoma right at the end of high school, Kaelen cruelly broke up with his girlfriend, Elowen, by throwing a backpack full of cash at her to push her away and keep his illness a secret. A decade later, battling a relapse, Kaelen finds himself admitted to a hospital ward where Elowen has become an accomplished hematology professor and his attending physician. Though they initially act like strangers, the unresolved emotions quickly surface. A reunion with old classmates and a staged confrontation with Elowen’s supposed fiancé reveal the truth: Elowen had known about his illness all along, abandoned her dream of studying mathematics to pursue medicine specifically for him, and orchestrated his admission into her clinical trial. Confronted with her unwavering dedication and vow to stand by him, Kaelen breaks down and they reconcile.  
To support his difficult treatments, Elowen moves him into her apartment and even shaves her own head to stand in solidarity with his hair loss. Despite parental opposition on both sides and familial estrangement, they marry in a warm, low-key gathering surrounded by close friends. The two spend the next four decades traveling the world and cherishing every moment, with Kaelen surviving far past initial expectations until he finally passes away at age sixty-nine. Five years later, after spending her solitary remaining years reading the loving, yearly letters Kaelen left behind with the cemetery groundskeeper, seventy-four-year-old Elowen peacefully passes away in the winter snow beside his grave, stepping toward a warm, eternal reunion that time could never undo.  

Make Sure to like and share the video.
Subscribe for more recap videos.
#manhwa #manga #manhua #manhwarecap
#Manhuarecap #mangarecap #manhwarecaps #mangarecaps #reborn #reincarnation #regression #harem #villain",2026-09-16T17:01:23Z,PT52M49S,19288,373,23,0,1,"[""manhwa recap"", ""anime recap"", ""anicap"", ""the manhwa man"", ""manhwa"", ""webtoon"", ""manhwa recaps"", ""manhwa cap"", ""webtoon recap"", ""manga recaps"", ""manga recap"", ""manhwa capped"", ""anime recaps"", ""manhua"", ""Wedding"", ""Finance""]",en,en,0,none,https://i.ytimg.com/vi/1w9s7-HVNF8/default.jpg,https://i.ytimg.com/vi/1w9s7-HVNF8/mqdefault.jpg,https://i.ytimg.com/vi/1w9s7-HVNF8/hqdefault.jpg,public,"{""kind"": ""youtube#video"", ""etag"": ""QxbfGnQHfbrxxLy-h-7P11ADhWw"", ""id"": ""1w9s7-HVNF8"", ""snippet"": {""publishedAt"": ""2026-09-16T17:01:23Z"", ""channelId"": ""UCHPA4fgVIFf4Wfae6-f5qNQ"", ""title"": ""I Dumped My Girlfriend With Cash To Hide My Cancer, Now She's The Doctor Saving My Life - Hein Recap"", ""description"": ""Name: I Dumped My Girlfriend With Cash To Hide My Cancer, Now She's The Doctor Saving My Life\n\n--Summary--\nAfter learning he had lymphoma right at the end of high school, Kaelen cruelly broke up with his girlfriend, Elowen, by throwing a backpack full of cash at her to push her away and keep his illness a secret. A decade later, battling a relapse, Kaelen finds himself admitted to a hospital ward where Elowen has become an accomplished hematology professor and his attending physician. Though they initially act like strangers, the unresolved emotions quickly surface. A reunion with old classmates and a staged confrontation with Elowen’s supposed fiancé reveal the truth: Elowen had known about his illness all along, abandoned her dream of studying mathematics to pursue medicine specifically for him, and orchestrated his admission into her clinical trial. Confronted with her unwavering dedication and vow to stand by him, Kaelen breaks down and they reconcile.  \nTo support his difficult treatments, Elowen moves him into her apartment and even shaves her own head to stand in solidarity with his hair loss. Despite parental opposition on both sides and familial estrangement, they marry in a warm, low-key gathering surrounded by close friends. The two spend the next four decades traveling the world and cherishing every moment, with Kaelen surviving far past initial expectations until he finally passes away at age sixty-nine. Five years later, after spending her solitary remaining years reading the loving, yearly letters Kaelen left behind with the cemetery groundskeeper, seventy-four-year-old Elowen peacefully passes away in the winter snow beside his grave, stepping toward a warm, eternal reunion that time could never undo.  \n\nMake Sure to like and share the video.\nSubscribe for more recap videos.\n#manhwa #manga #manhua #manhwarecap\n#Manhuarecap #mangarecap #manhwarecaps #mangarecaps #reborn #reincarnation #regression #harem #villain"", ""thumbnails"": {""default"": {""url"": ""https://i.ytimg.com/vi/1w9s7-HVNF8/default.jpg"", ""width"": 120, ""height"": 90}, ""medium"": {""url"": ""https://i.ytimg.com/vi/1w9s7-HVNF8/mqdefault.jpg"", ""width"": 320, ""height"": 180}, ""high"": {""url"": ""https://i.ytimg.com/vi/1w9s7-HVNF8/hqdefault.jpg"", ""width"": 480, ""height"": 360}, ""standard"": {""url"": ""https://i.ytimg.com/vi/1w9s7-HVNF8/sddefault.jpg"", ""width"": 640, ""height"": 480}, ""maxres"": {""url"": ""https://i.ytimg.com/vi/1w9s7-HVNF8/maxresdefault.jpg"", ""width"": 1280, ""height"": 720}, ""fhd"": {""url"": ""https://i.ytimg.com/vi/1w9s7-HVNF8/fhddefault.jpg"", ""width"": 1920, ""height"": 1080}}, ""channelTitle"": ""Hein Recap"", ""tags"": [""manhwa recap"", ""anime recap"", ""anicap"", ""the manhwa man"", ""manhwa"", ""webtoon"", ""manhwa recaps"", ""manhwa cap"", ""webtoon recap"", ""manga recaps"", ""manga recap"", ""manhwa capped"", ""anime recaps"", ""manhua"", ""Wedding"", ""Finance""], ""categoryId"": ""1"", ""liveBroadcastContent"": ""none"", ""defaultLanguage"": ""en"", ""localized"": {""title"": ""I Dumped My Girlfriend With Cash To Hide My Cancer, Now She's The Doctor Saving My Life - Hein Recap"", ""description"": ""Name: I Dumped My Girlfriend With Cash To Hide My Cancer, Now She's The Doctor Saving My Life\n\n--Summary--\nAfter learning he had lymphoma right at the end of high school, Kaelen cruelly broke up with his girlfriend, Elowen, by throwing a backpack full of cash at her to push her away and keep his illness a secret. A decade later, battling a relapse, Kaelen finds himself admitted to a hospital ward where Elowen has become an accomplished hematology professor and his attending physician. Though they initially act like strangers, the unresolved emotions quickly surface. A reunion with old classmates and a staged confrontation with Elowen’s supposed fiancé reveal the truth: Elowen had known about his illness all along, abandoned her dream of studying mathematics to pursue medicine specifically for him, and orchestrated his admission into her clinical trial. Confronted with her unwavering dedication and vow to stand by him, Kaelen breaks down and they reconcile.  \nTo support his difficult treatments, Elowen moves him into her apartment and even shaves her own head to stand in solidarity with his hair loss. Despite parental opposition on both sides and familial estrangement, they marry in a warm, low-key gathering surrounded by close friends. The two spend the next four decades traveling the world and cherishing every moment, with Kaelen surviving far past initial expectations until he finally passes away at age sixty-nine. Five years later, after spending her solitary remaining years reading the loving, yearly letters Kaelen left behind with the cemetery groundskeeper, seventy-four-year-old Elowen peacefully passes away in the winter snow beside his grave, stepping toward a warm, eternal reunion that time could never undo.  \n\nMake Sure to like and share the video.\nSubscribe for more recap videos.\n#manhwa #manga #manhua #manhwarecap\n#Manhuarecap #mangarecap #manhwarecaps #mangarecaps #reborn #reincarnation #regression #harem #villain""}, ""defaultAudioLanguage"": ""en""}, ""contentDetails"": {""duration"": ""PT52M49S"", ""dimension"": ""2d"", ""definition"": ""hd"", ""caption"": ""false"", ""licensedContent"": true, ""contentRating"": {}, ""projection"": ""rectangular""}, ""status"": {""uploadStatus"": ""processed"", ""privacyStatus"": ""public"", ""license"": ""youtube"", ""embeddable"": true, ""publicStatsViewable"": true, ""madeForKids"": false}, ""statistics"": {""viewCount"": ""19288"", ""likeCount"": ""373"", ""favoriteCount"": ""0"", ""commentCount"": ""23""}}",2026-10-01T06:14:16.896069+00:00,2026-10-01T06:14:16.896069+00:00,3169.0,14.550623797094907,19.33844877644131,1.192451265035255,0,over_180_seconds
y7dcODn9qyU,UCHPA4fgVIFf4Wfae6-f5qNQ,Hein Recap,The Empty Ring Box - Hein Recap,"Name: The Empty Ring Box

--Summary--
After enduring four years as a devoted substitute boyfriend for the elite heiress Vesper, Thorne accepts a 40-million breakup fee and walks away when her first love, Sterling, returns. Moving on with his life, Thorne attends an arranged blind date with Sloane, an intelligent and sharp-witted doctor whose dog, Boss Barnaby, shares a comedic past encounter with him. Despite initiating the split, Vesper grows fiercely possessive and conflicted upon seeing Thorne move forward, even attempting to rekindle their romance while Sterling seeks to sabotage Thorne's hotpot restaurant. Sterling's malicious scheme—framing Thorne's business with food poisoning—is exposed through Sloane’s influential background and law enforcement, leaving Sterling utterly disgraced. Desperate to reclaim the relationship after discovering Thorne had originally intended to propose before their breakup, Vesper offers him a ring. Thorne challenges her to find the ring after tossing the box out of the hospital window, privately keeping the jewelry in his pocket to subject her to the same despair she once inflicted on him. With Vesper endlessly searching in vain, Thorne leaves his past behind, happily contemplating Sloane's romantic confession and the possibility of a shared future with her and her dog.

Make Sure to like and share the video.
Subscribe for more recap videos.
#manhwa #manga #manhua #manhwarecap
#Manhuarecap #mangarecap #manhwarecaps #mangarecaps #reborn #reincarnation #regression #harem #villain",2026-09-15T17:01:35Z,PT38M54S,9894,304,13,0,1,"[""manhwa recap"", ""anime recap"", ""anicap"", ""the manhwa man"", ""manhwa"", ""webtoon"", ""manhwa recaps"", ""manhwa cap"", ""webtoon recap"", ""manga recaps"", ""manga recap"", ""manhwa capped"", ""anime recaps"", ""manhua"", ""Wedding"", ""Finance""]",en,en,0,none,https://i.ytimg.com/vi/y7dcODn9qyU/default.jpg,https://i.ytimg.com/vi/y7dcODn9qyU/mqdefault.jpg,https://i.ytimg.com/vi/y7dcODn9qyU/hqdefault.jpg,public,"{""kind"": ""youtube#video"", ""etag"": ""uTGzANlz3d_jPze-1zGkQ9MD7go"", ""id"": ""y7dcODn9qyU"", ""snippet"": {""publishedAt"": ""2026-09-15T17:01:35Z"", ""channelId"": ""UCHPA4fgVIFf4Wfae6-f5qNQ"", ""title"": ""The Empty Ring Box - Hein Recap"", ""description"": ""Name: The Empty Ring Box\n\n--Summary--\nAfter enduring four years as a devoted substitute boyfriend for the elite heiress Vesper, Thorne accepts a 40-million breakup fee and walks away when her first love, Sterling, returns. Moving on with his life, Thorne attends an arranged blind date with Sloane, an intelligent and sharp-witted doctor whose dog, Boss Barnaby, shares a comedic past encounter with him. Despite initiating the split, Vesper grows fiercely possessive and conflicted upon seeing Thorne move forward, even attempting to rekindle their romance while Sterling seeks to sabotage Thorne's hotpot restaurant. Sterling's malicious scheme—framing Thorne's business with food poisoning—is exposed through Sloane’s influential background and law enforcement, leaving Sterling utterly disgraced. Desperate to reclaim the relationship after discovering Thorne had originally intended to propose before their breakup, Vesper offers him a ring. Thorne challenges her to find the ring after tossing the box out of the hospital window, privately keeping the jewelry in his pocket to subject her to the same despair she once inflicted on him. With Vesper endlessly searching in vain, Thorne leaves his past behind, happily contemplating Sloane's romantic confession and the possibility of a shared future with her and her dog.\n\nMake Sure to like and share the video.\nSubscribe for more recap videos.\n#manhwa #manga #manhua #manhwarecap\n#Manhuarecap #mangarecap #manhwarecaps #mangarecaps #reborn #reincarnation #regression #harem #villain"", ""thumbnails"": {""default"": {""url"": ""https://i.ytimg.com/vi/y7dcODn9qyU/default.jpg"", ""width"": 120, ""height"": 90}, ""medium"": {""url"": ""https://i.ytimg.com/vi/y7dcODn9qyU/mqdefault.jpg"", ""width"": 320, ""height"": 180}, ""high"": {""url"": ""https://i.ytimg.com/vi/y7dcODn9qyU/hqdefault.jpg"", ""width"": 480, ""height"": 360}, ""standard"": {""url"": ""https://i.ytimg.com/vi/y7dcODn9qyU/sddefault.jpg"", ""width"": 640, ""height"": 480}, ""maxres"": {""url"": ""https://i.ytimg.com/vi/y7dcODn9qyU/maxresdefault.jpg"", ""width"": 1280, ""height"": 720}, ""fhd"": {""url"": ""https://i.ytimg.com/vi/y7dcODn9qyU/fhddefault.jpg"", ""width"": 1920, ""height"": 1080}}, ""channelTitle"": ""Hein Recap"", ""tags"": [""manhwa recap"", ""anime recap"", ""anicap"", ""the manhwa man"", ""manhwa"", ""webtoon"", ""manhwa recaps"", ""manhwa cap"", ""webtoon recap"", ""manga recaps"", ""manga recap"", ""manhwa capped"", ""anime recaps"", ""manhua"", ""Wedding"", ""Finance""], ""categoryId"": ""1"", ""liveBroadcastContent"": ""none"", ""defaultLanguage"": ""en"", ""localized"": {""title"": ""The Empty Ring Box - Hein Recap"", ""description"": ""Name: The Empty Ring Box\n\n--Summary--\nAfter enduring four years as a devoted substitute boyfriend for the elite heiress Vesper, Thorne accepts a 40-million breakup fee and walks away when her first love, Sterling, returns. Moving on with his life, Thorne attends an arranged blind date with Sloane, an intelligent and sharp-witted doctor whose dog, Boss Barnaby, shares a comedic past encounter with him. Despite initiating the split, Vesper grows fiercely possessive and conflicted upon seeing Thorne move forward, even attempting to rekindle their romance while Sterling seeks to sabotage Thorne's hotpot restaurant. Sterling's malicious scheme—framing Thorne's business with food poisoning—is exposed through Sloane’s influential background and law enforcement, leaving Sterling utterly disgraced. Desperate to reclaim the relationship after discovering Thorne had originally intended to propose before their breakup, Vesper offers him a ring. Thorne challenges her to find the ring after tossing the box out of the hospital window, privately keeping the jewelry in his pocket to subject her to the same despair she once inflicted on him. With Vesper endlessly searching in vain, Thorne leaves his past behind, happily contemplating Sloane's romantic confession and the possibility of a shared future with her and her dog.\n\nMake Sure to like and share the video.\nSubscribe for more recap videos.\n#manhwa #manga #manhua #manhwarecap\n#Manhuarecap #mangarecap #manhwarecaps #mangarecaps #reborn #reincarnation #regression #harem #villain""}, ""defaultAudioLanguage"": ""en""}, ""contentDetails"": {""duration"": ""PT38M54S"", ""dimension"": ""2d"", ""definition"": ""hd"", ""caption"": ""false"", ""licensedContent"": true, ""contentRating"": {}, ""projection"": ""rectangular""}, ""status"": {""uploadStatus"": ""processed"", ""privacyStatus"": ""public"", ""license"": ""youtube"", ""embeddable"": true, ""publicStatsViewable"": true, ""madeForKids"": false}, ""statistics"": {""viewCount"": ""9894"", ""likeCount"": ""304"", ""favoriteCount"": ""0"", ""commentCount"": ""13""}}",2026-10-01T06:14:16.896069+00:00,2026-10-01T06:14:16.896069+00:00,2334.0,15.550484908206018,30.725692338791188,1.3139276329088336,0,over_180_seconds
_vNEhhi3nws,UCHPA4fgVIFf4Wfae6-f5qNQ,Hein Recap,"My Billionaire Wife Paid Me $100M To Leave, So I Turned It Into $10 Billion! - Hein Recap","Name: My Billionaire Wife Paid Me $100M To Leave, So I Turned It Into $10 Billion!

--Summary--
The story centers on Orion, a stay-at-home husband who spent years serving as a surrogate stand-in for his wealthy wife Seraphina's untouchable first love, Cassian. When Cassian returns from abroad, Seraphina hands Orion a Black Card loaded with 100 million and demands that he take their daughter, Lyra, and leave. Choosing wealth over emotional baggage, Orion plans to vanish, only to start seeing floating ""danmu"" subtitles that reveal narrative tropes and warn him of impending dangers. Guided by these premonitions, he avoids entrapment and invests the entire windfall into skyrocketing red wine futures, turning it into a massive ten-billion fortune.  
Meanwhile, Cassian exposes his corrupt, promiscuous nature and conspires with an undercover accomplice, Evelina, and rival tycoon Magnus Gu to execute a hostile takeover of the Sterling Group. Recognizing the betrayal early on, Seraphina sets a trap while relying on Orion—who leverages his newfound capital to secretly buyout the company’s circulating shares. When the antagonists resort to kidnapping Orion and his daughter in a desperate bid for leverage, Orion outmaneuvers them with pre-arranged evidence and police intervention. The villains receive heavy prison sentences, and Seraphina gifts her entire corporate stake to Orion as proof of her true devotion. The narrative resolves into an open, warm future where the couple shares leadership, welcomes a newborn son, and embarks on a peaceful, lavish family life. 

Make Sure to like and share the video.
Subscribe for more recap videos.
#manhwa #manga #manhua #manhwarecap
#Manhuarecap #mangarecap #manhwarecaps #mangarecaps #reborn #reincarnation #regression #harem #villain",2026-09-14T17:01:39Z,PT41M27S,14366,472,27,0,1,"[""manhwa recap"", ""anime recap"", ""anicap"", ""the manhwa man"", ""manhwa"", ""webtoon"", ""manhwa recaps"", ""manhwa cap"", ""webtoon recap"", ""manga recaps"", ""manga recap"", ""manhwa capped"", ""anime recaps"", ""manhua"", ""Wedding"", ""Finance""]",en,en,0,none,https://i.ytimg.com/vi/_vNEhhi3nws/default.jpg,https://i.ytimg.com/vi/_vNEhhi3nws/mqdefault.jpg,https://i.ytimg.com/vi/_vNEhhi3nws/hqdefault.jpg,public,"{""kind"": ""youtube#video"", ""etag"": ""pWNfWvHDoVPbEIUhlxj2PgxBmrU"", ""id"": ""_vNEhhi3nws"", ""snippet"": {""publishedAt"": ""2026-09-14T17:01:39Z"", ""channelId"": ""UCHPA4fgVIFf4Wfae6-f5qNQ"", ""title"": ""My Billionaire Wife Paid Me $100M To Leave, So I Turned It Into $10 Billion! - Hein Recap"", ""description"": ""Name: My Billionaire Wife Paid Me $100M To Leave, So I Turned It Into $10 Billion!\n\n--Summary--\nThe story centers on Orion, a stay-at-home husband who spent years serving as a surrogate stand-in for his wealthy wife Seraphina's untouchable first love, Cassian. When Cassian returns from abroad, Seraphina hands Orion a Black Card loaded with 100 million and demands that he take their daughter, Lyra, and leave. Choosing wealth over emotional baggage, Orion plans to vanish, only to start seeing floating \""danmu\"" subtitles that reveal narrative tropes and warn him of impending dangers. Guided by these premonitions, he avoids entrapment and invests the entire windfall into skyrocketing red wine futures, turning it into a massive ten-billion fortune.  \nMeanwhile, Cassian exposes his corrupt, promiscuous nature and conspires with an undercover accomplice, Evelina, and rival tycoon Magnus Gu to execute a hostile takeover of the Sterling Group. Recognizing the betrayal early on, Seraphina sets a trap while relying on Orion—who leverages his newfound capital to secretly buyout the company’s circulating shares. When the antagonists resort to kidnapping Orion and his daughter in a desperate bid for leverage, Orion outmaneuvers them with pre-arranged evidence and police intervention. The villains receive heavy prison sentences, and Seraphina gifts her entire corporate stake to Orion as proof of her true devotion. The narrative resolves into an open, warm future where the couple shares leadership, welcomes a newborn son, and embarks on a peaceful, lavish family life. \n\nMake Sure to like and share the video.\nSubscribe for more recap videos.\n#manhwa #manga #manhua #manhwarecap\n#Manhuarecap #mangarecap #manhwarecaps #mangarecaps #reborn #reincarnation #regression #harem #villain"", ""thumbnails"": {""default"": {""url"": ""https://i.ytimg.com/vi/_vNEhhi3nws/default.jpg"", ""width"": 120, ""height"": 90}, ""medium"": {""url"": ""https://i.ytimg.com/vi/_vNEhhi3nws/mqdefault.jpg"", ""width"": 320, ""height"": 180}, ""high"": {""url"": ""https://i.ytimg.com/vi/_vNEhhi3nws/hqdefault.jpg"", ""width"": 480, ""height"": 360}, ""standard"": {""url"": ""https://i.ytimg.com/vi/_vNEhhi3nws/sddefault.jpg"", ""width"": 640, ""height"": 480}, ""maxres"": {""url"": ""https://i.ytimg.com/vi/_vNEhhi3nws/maxresdefault.jpg"", ""width"": 1280, ""height"": 720}, ""fhd"": {""url"": ""https://i.ytimg.com/vi/_vNEhhi3nws/fhddefault.jpg"", ""width"": 1920, ""height"": 1080}}, ""channelTitle"": ""Hein Recap"", ""tags"": [""manhwa recap"", ""anime recap"", ""anicap"", ""the manhwa man"", ""manhwa"", ""webtoon"", ""manhwa recaps"", ""manhwa cap"", ""webtoon recap"", ""manga recaps"", ""manga recap"", ""manhwa capped"", ""anime recaps"", ""manhua"", ""Wedding"", ""Finance""], ""categoryId"": ""1"", ""liveBroadcastContent"": ""none"", ""defaultLanguage"": ""en"", ""localized"": {""title"": ""My Billionaire Wife Paid Me $100M To Leave, So I Turned It Into $10 Billion! - Hein Recap"", ""description"": ""Name: My Billionaire Wife Paid Me $100M To Leave, So I Turned It Into $10 Billion!\n\n--Summary--\nThe story centers on Orion, a stay-at-home husband who spent years serving as a surrogate stand-in for his wealthy wife Seraphina's untouchable first love, Cassian. When Cassian returns from abroad, Seraphina hands Orion a Black Card loaded with 100 million and demands that he take their daughter, Lyra, and leave. Choosing wealth over emotional baggage, Orion plans to vanish, only to start seeing floating \""danmu\"" subtitles that reveal narrative tropes and warn him of impending dangers. Guided by these premonitions, he avoids entrapment and invests the entire windfall into skyrocketing red wine futures, turning it into a massive ten-billion fortune.  \nMeanwhile, Cassian exposes his corrupt, promiscuous nature and conspires with an undercover accomplice, Evelina, and rival tycoon Magnus Gu to execute a hostile takeover of the Sterling Group. Recognizing the betrayal early on, Seraphina sets a trap while relying on Orion—who leverages his newfound capital to secretly buyout the company’s circulating shares. When the antagonists resort to kidnapping Orion and his daughter in a desperate bid for leverage, Orion outmaneuvers them with pre-arranged evidence and police intervention. The villains receive heavy prison sentences, and Seraphina gifts her entire corporate stake to Orion as proof of her true devotion. The narrative resolves into an open, warm future where the couple shares leadership, welcomes a newborn son, and embarks on a peaceful, lavish family life. \n\nMake Sure to like and share the video.\nSubscribe for more recap videos.\n#manhwa #manga #manhua #manhwarecap\n#Manhuarecap #mangarecap #manhwarecaps #mangarecaps #reborn #reincarnation #regression #harem #villain""}, ""defaultAudioLanguage"": ""en""}, ""contentDetails"": {""duration"": ""PT41M27S"", ""dimension"": ""2d"", ""definition"": ""hd"", ""caption"": ""false"", ""licensedContent"": true, ""contentRating"": {}, ""projection"": ""rectangular""}, ""status"": {""uploadStatus"": ""processed"", ""privacyStatus"": ""public"", ""license"": ""youtube"", ""embeddable"": true, ""publicStatsViewable"": true, ""madeForKids"": false}, ""statistics"": {""viewCount"": ""14366"", ""likeCount"": ""472"", ""favoriteCount"": ""0"", ""commentCount"": ""27""}}",2026-10-01T06:14:16.896069+00:00,2026-10-01T06:14:16.896069+00:00,2487.0,16.550438611909723,32.85535291660866,1.8794375609076988,0,over_180_seconds
AFHLIEaSluo,UCHPA4fgVIFf4Wfae6-f5qNQ,Hein Recap,Outplaying The White Lotus - Hein Recap,"Name: Outplaying The White Lotus

--Summary--
Caspian is trapped in an exhausting relationship with his ambitious girlfriend, Seraphina, who continuously neglects him in favor of her returned first love, Valerian. Valerian constantly uses subtle, manipulative tactics under the guise of helplessness to draw Seraphina away, culminating in her abandoning Caspian on his birthday dinner to attend to Valerian's minor illness. That very evening, Caspian is contacted by Elara, a strikingly beautiful childhood neighbor who has returned from abroad. When Elara claims to be sick and alone, Caspian rushes her to the emergency room, only to run directly into Seraphina and Valerian.  
At the hospital, the dynamic flips: Elara masters the art of playing the sweet, innocent victim—effectively countering Valerian's antics and leaving Seraphina frustrated by her own hypocrisy. Disillusioned by Seraphina’s double standards, Caspian officially ends the relationship. Seraphina soon realizes what she lost and desperately attempts to win him back, but her apologies fall on deaf ears as Caspian finds genuine warmth, lavish devotion, and fierce loyalty in Elara—who turns out to be an heiress of a massive corporate conglomerate.  
Following an explosive confrontation at a charity gala, Seraphina and Valerian's relationship unravels in scandal and ruin. Meanwhile, Caspian decides to start dating Elara, gradually experiencing what an emotionally secure and drama-free partnership feels like. Unlike Seraphina, Elara aggressively shuts down outside suitors and showers Caspian with adoration. However, Elara's sweet demeanor masks an intense, obsessive possessiveness—from recklessly smashing half-million-dollar watches to emotional extremes. When Elara proposes a year later, Caspian accepts, willingly surrendering to her irresistible charms despite knowing full well the extent of her obsessive, calculating nature.

Make Sure to like and share the video.
Subscribe for more recap videos.
#manhwa #manga #manhua #manhwarecap
#Manhuarecap #mangarecap #manhwarecaps #mangarecaps #reborn #reincarnation #regression #harem #villain",2026-09-13T17:00:25Z,PT57M51S,9573,245,16,0,1,"[""manhwa recap"", ""anime recap"", ""anicap"", ""the manhwa man"", ""manhwa"", ""webtoon"", ""manhwa recaps"", ""manhwa cap"", ""webtoon recap"", ""manga recaps"", ""manga recap"", ""manhwa capped"", ""anime recaps"", ""manhua"", ""Wedding"", ""Finance""]",en,en,0,none,https://i.ytimg.com/vi/AFHLIEaSluo/default.jpg,https://i.ytimg.com/vi/AFHLIEaSluo/mqdefault.jpg,https://i.ytimg.com/vi/AFHLIEaSluo/hqdefault.jpg,public,"{""kind"": ""youtube#video"", ""etag"": ""p3Pljg0wtGiaMvSTdauHLAtCydo"", ""id"": ""AFHLIEaSluo"", ""snippet"": {""publishedAt"": ""2026-09-13T17:00:25Z"", ""channelId"": ""UCHPA4fgVIFf4Wfae6-f5qNQ"", ""title"": ""Outplaying The White Lotus - Hein Recap"", ""description"": ""Name: Outplaying The White Lotus\n\n--Summary--\nCaspian is trapped in an exhausting relationship with his ambitious girlfriend, Seraphina, who continuously neglects him in favor of her returned first love, Valerian. Valerian constantly uses subtle, manipulative tactics under the guise of helplessness to draw Seraphina away, culminating in her abandoning Caspian on his birthday dinner to attend to Valerian's minor illness. That very evening, Caspian is contacted by Elara, a strikingly beautiful childhood neighbor who has returned from abroad. When Elara claims to be sick and alone, Caspian rushes her to the emergency room, only to run directly into Seraphina and Valerian.  \nAt the hospital, the dynamic flips: Elara masters the art of playing the sweet, innocent victim—effectively countering Valerian's antics and leaving Seraphina frustrated by her own hypocrisy. Disillusioned by Seraphina’s double standards, Caspian officially ends the relationship. Seraphina soon realizes what she lost and desperately attempts to win him back, but her apologies fall on deaf ears as Caspian finds genuine warmth, lavish devotion, and fierce loyalty in Elara—who turns out to be an heiress of a massive corporate conglomerate.  \nFollowing an explosive confrontation at a charity gala, Seraphina and Valerian's relationship unravels in scandal and ruin. Meanwhile, Caspian decides to start dating Elara, gradually experiencing what an emotionally secure and drama-free partnership feels like. Unlike Seraphina, Elara aggressively shuts down outside suitors and showers Caspian with adoration. However, Elara's sweet demeanor masks an intense, obsessive possessiveness—from recklessly smashing half-million-dollar watches to emotional extremes. When Elara proposes a year later, Caspian accepts, willingly surrendering to her irresistible charms despite knowing full well the extent of her obsessive, calculating nature.\n\nMake Sure to like and share the video.\nSubscribe for more recap videos.\n#manhwa #manga #manhua #manhwarecap\n#Manhuarecap #mangarecap #manhwarecaps #mangarecaps #reborn #reincarnation #regression #harem #villain"", ""thumbnails"": {""default"": {""url"": ""https://i.ytimg.com/vi/AFHLIEaSluo/default.jpg"", ""width"": 120, ""height"": 90}, ""medium"": {""url"": ""https://i.ytimg.com/vi/AFHLIEaSluo/mqdefault.jpg"", ""width"": 320, ""height"": 180}, ""high"": {""url"": ""https://i.ytimg.com/vi/AFHLIEaSluo/hqdefault.jpg"", ""width"": 480, ""height"": 360}, ""standard"": {""url"": ""https://i.ytimg.com/vi/AFHLIEaSluo/sddefault.jpg"", ""width"": 640, ""height"": 480}, ""maxres"": {""url"": ""https://i.ytimg.com/vi/AFHLIEaSluo/maxresdefault.jpg"", ""width"": 1280, ""height"": 720}, ""fhd"": {""url"": ""https://i.ytimg.com/vi/AFHLIEaSluo/fhddefault.jpg"", ""width"": 1920, ""height"": 1080}}, ""channelTitle"": ""Hein Recap"", ""tags"": [""manhwa recap"", ""anime recap"", ""anicap"", ""the manhwa man"", ""manhwa"", ""webtoon"", ""manhwa recaps"", ""manhwa cap"", ""webtoon recap"", ""manga recaps"", ""manga recap"", ""manhwa capped"", ""anime recaps"", ""manhua"", ""Wedding"", ""Finance""], ""categoryId"": ""1"", ""liveBroadcastContent"": ""none"", ""defaultLanguage"": ""en"", ""localized"": {""title"": ""Outplaying The White Lotus - Hein Recap"", ""description"": ""Name: Outplaying The White Lotus\n\n--Summary--\nCaspian is trapped in an exhausting relationship with his ambitious girlfriend, Seraphina, who continuously neglects him in favor of her returned first love, Valerian. Valerian constantly uses subtle, manipulative tactics under the guise of helplessness to draw Seraphina away, culminating in her abandoning Caspian on his birthday dinner to attend to Valerian's minor illness. That very evening, Caspian is contacted by Elara, a strikingly beautiful childhood neighbor who has returned from abroad. When Elara claims to be sick and alone, Caspian rushes her to the emergency room, only to run directly into Seraphina and Valerian.  \nAt the hospital, the dynamic flips: Elara masters the art of playing the sweet, innocent victim—effectively countering Valerian's antics and leaving Seraphina frustrated by her own hypocrisy. Disillusioned by Seraphina’s double standards, Caspian officially ends the relationship. Seraphina soon realizes what she lost and desperately attempts to win him back, but her apologies fall on deaf ears as Caspian finds genuine warmth, lavish devotion, and fierce loyalty in Elara—who turns out to be an heiress of a massive corporate conglomerate.  \nFollowing an explosive confrontation at a charity gala, Seraphina and Valerian's relationship unravels in scandal and ruin. Meanwhile, Caspian decides to start dating Elara, gradually experiencing what an emotionally secure and drama-free partnership feels like. Unlike Seraphina, Elara aggressively shuts down outside suitors and showers Caspian with adoration. However, Elara's sweet demeanor masks an intense, obsessive possessiveness—from recklessly smashing half-million-dollar watches to emotional extremes. When Elara proposes a year later, Caspian accepts, willingly surrendering to her irresistible charms despite knowing full well the extent of her obsessive, calculating nature.\n\nMake Sure to like and share the video.\nSubscribe for more recap videos.\n#manhwa #manga #manhua #manhwarecap\n#Manhuarecap #mangarecap #manhwarecaps #mangarecaps #reborn #reincarnation #regression #harem #villain""}, ""defaultAudioLanguage"": ""en""}, ""contentDetails"": {""duration"": ""PT57M51S"", ""dimension"": ""2d"", ""definition"": ""hd"", ""caption"": ""false"", ""licensedContent"": true, ""contentRating"": {}, ""projection"": ""rectangular""}, ""status"": {""uploadStatus"": ""processed"", ""privacyStatus"": ""public"", ""license"": ""youtube"", ""embeddable"": true, ""publicStatsViewable"": true, ""madeForKids"": false}, ""statistics"": {""viewCount"": ""9573"", ""likeCount"": ""245"", ""favoriteCount"": ""0"", ""commentCount"": ""16""}}",2026-10-01T06:14:16.896069+00:00,2026-10-01T06:14:16.896069+00:00,3471.0,17.551295093391204,25.59281312023399,1.6713673874438526,0,over_180_seconds
KM6YKFEZ6AI,UCHPA4fgVIFf4Wfae6-f5qNQ,Hein Recap,Leaving The Traitorous Family To Despair! - Hein Recap,"Name: Leaving The Traitorous Family To Despair!

--Summary--
The story follows Caspian, who endures severe betrayal and emotional neglect from his sister Seraphina and childhood sweetheart Lorelei as they constantly favor Jules, the son of the mistress who ruined his family. Pushed to the brink when the two women give away his late mother's precious keepsakes and miss her memorial service to be with Jules, Caspian burns down the memory-filled family villa, stages his own death, and relocates abroad to start a quiet new life under the name Felix Thorne. Believing him dead, Seraphina and Lorelei are consumed by overwhelming regret, turning their vengeance onto Jules and his mother by stripping them of everything. Nearly two years later, a business trip forces a reunion where both women desperately beg for Caspian's forgiveness—even after Lorelei is severely injured in a retaliatory attack by Jules. Instead of seeking revenge or letting rage linger, Caspian remains entirely indifferent, choosing to move forward with his flourishing design career. After paying his final respects at his mother's grave and drawing a firm boundary never to cross paths again, he embarks on an open-ended future, leaving behind a haunting void of remorse for the two women and stepping freely toward whatever lies ahead.

Make Sure to like and share the video.
Subscribe for more recap videos.
#manhwa #manga #manhua #manhwarecap
#Manhuarecap #mangarecap #manhwarecaps #mangarecaps #reborn #reincarnation #regression #harem #villain",2026-09-12T17:03:09Z,PT41M29S,89901,1975,75,0,1,"[""manhwa recap"", ""anime recap"", ""anicap"", ""the manhwa man"", ""manhwa"", ""webtoon"", ""manhwa recaps"", ""manhwa cap"", ""webtoon recap"", ""manga recaps"", ""manga recap"", ""manhwa capped"", ""anime recaps"", ""manhua"", ""Wedding"", ""Finance""]",en,en,0,none,https://i.ytimg.com/vi/KM6YKFEZ6AI/default.jpg,https://i.ytimg.com/vi/KM6YKFEZ6AI/mqdefault.jpg,https://i.ytimg.com/vi/KM6YKFEZ6AI/hqdefault.jpg,public,"{""kind"": ""youtube#video"", ""etag"": ""QNw946YUvTjhUBVsRCkehAGiGw4"", ""id"": ""KM6YKFEZ6AI"", ""snippet"": {""publishedAt"": ""2026-09-12T17:03:09Z"", ""channelId"": ""UCHPA4fgVIFf4Wfae6-f5qNQ"", ""title"": ""Leaving The Traitorous Family To Despair! - Hein Recap"", ""description"": ""Name: Leaving The Traitorous Family To Despair!\n\n--Summary--\nThe story follows Caspian, who endures severe betrayal and emotional neglect from his sister Seraphina and childhood sweetheart Lorelei as they constantly favor Jules, the son of the mistress who ruined his family. Pushed to the brink when the two women give away his late mother's precious keepsakes and miss her memorial service to be with Jules, Caspian burns down the memory-filled family villa, stages his own death, and relocates abroad to start a quiet new life under the name Felix Thorne. Believing him dead, Seraphina and Lorelei are consumed by overwhelming regret, turning their vengeance onto Jules and his mother by stripping them of everything. Nearly two years later, a business trip forces a reunion where both women desperately beg for Caspian's forgiveness—even after Lorelei is severely injured in a retaliatory attack by Jules. Instead of seeking revenge or letting rage linger, Caspian remains entirely indifferent, choosing to move forward with his flourishing design career. After paying his final respects at his mother's grave and drawing a firm boundary never to cross paths again, he embarks on an open-ended future, leaving behind a haunting void of remorse for the two women and stepping freely toward whatever lies ahead.\n\nMake Sure to like and share the video.\nSubscribe for more recap videos.\n#manhwa #manga #manhua #manhwarecap\n#Manhuarecap #mangarecap #manhwarecaps #mangarecaps #reborn #reincarnation #regression #harem #villain"", ""thumbnails"": {""default"": {""url"": ""https://i.ytimg.com/vi/KM6YKFEZ6AI/default.jpg"", ""width"": 120, ""height"": 90}, ""medium"": {""url"": ""https://i.ytimg.com/vi/KM6YKFEZ6AI/mqdefault.jpg"", ""width"": 320, ""height"": 180}, ""high"": {""url"": ""https://i.ytimg.com/vi/KM6YKFEZ6AI/hqdefault.jpg"", ""width"": 480, ""height"": 360}, ""standard"": {""url"": ""https://i.ytimg.com/vi/KM6YKFEZ6AI/sddefault.jpg"", ""width"": 640, ""height"": 480}, ""maxres"": {""url"": ""https://i.ytimg.com/vi/KM6YKFEZ6AI/maxresdefault.jpg"", ""width"": 1280, ""height"": 720}, ""fhd"": {""url"": ""https://i.ytimg.com/vi/KM6YKFEZ6AI/fhddefault.jpg"", ""width"": 1920, ""height"": 1080}}, ""channelTitle"": ""Hein Recap"", ""tags"": [""manhwa recap"", ""anime recap"", ""anicap"", ""the manhwa man"", ""manhwa"", ""webtoon"", ""manhwa recaps"", ""manhwa cap"", ""webtoon recap"", ""manga recaps"", ""manga recap"", ""manhwa capped"", ""anime recaps"", ""manhua"", ""Wedding"", ""Finance""], ""categoryId"": ""1"", ""liveBroadcastContent"": ""none"", ""defaultLanguage"": ""en"", ""localized"": {""title"": ""Leaving The Traitorous Family To Despair! - Hein Recap"", ""description"": ""Name: Leaving The Traitorous Family To Despair!\n\n--Summary--\nThe story follows Caspian, who endures severe betrayal and emotional neglect from his sister Seraphina and childhood sweetheart Lorelei as they constantly favor Jules, the son of the mistress who ruined his family. Pushed to the brink when the two women give away his late mother's precious keepsakes and miss her memorial service to be with Jules, Caspian burns down the memory-filled family villa, stages his own death, and relocates abroad to start a quiet new life under the name Felix Thorne. Believing him dead, Seraphina and Lorelei are consumed by overwhelming regret, turning their vengeance onto Jules and his mother by stripping them of everything. Nearly two years later, a business trip forces a reunion where both women desperately beg for Caspian's forgiveness—even after Lorelei is severely injured in a retaliatory attack by Jules. Instead of seeking revenge or letting rage linger, Caspian remains entirely indifferent, choosing to move forward with his flourishing design career. After paying his final respects at his mother's grave and drawing a firm boundary never to cross paths again, he embarks on an open-ended future, leaving behind a haunting void of remorse for the two women and stepping freely toward whatever lies ahead.\n\nMake Sure to like and share the video.\nSubscribe for more recap videos.\n#manhwa #manga #manhua #manhwarecap\n#Manhuarecap #mangarecap #manhwarecaps #mangarecaps #reborn #reincarnation #regression #harem #villain""}, ""defaultAudioLanguage"": ""en""}, ""contentDetails"": {""duration"": ""PT41M29S"", ""dimension"": ""2d"", ""definition"": ""hd"", ""caption"": ""false"", ""licensedContent"": true, ""contentRating"": {}, ""projection"": ""rectangular""}, ""status"": {""uploadStatus"": ""processed"", ""privacyStatus"": ""public"", ""license"": ""youtube"", ""embeddable"": true, ""publicStatsViewable"": true, ""madeForKids"": false}, ""statistics"": {""viewCount"": ""89901"", ""likeCount"": ""1975"", ""favoriteCount"": ""0"", ""commentCount"": ""75""}}",2026-10-01T06:14:16.896069+00:00,2026-10-01T06:14:16.896069+00:00,2489.0,18.549396945243057,21.96860991535133,0.8342510094437214,0,over_180_seconds
FIsCGrW7Iuw,UCHPA4fgVIFf4Wfae6-f5qNQ,Hein Recap,My Wife Let Her Ex Destroy My Dead Mom's Keepsake - Hein Recap,"Name: My Wife Let Her Ex Destroy My Dead Mom's Keepsake

--Summary--
Caspian, a wealthy heir who once passionately pursued and married the proud, aloof Seraphina, gradually falls out of love with her in their fourth year of marriage. The turning point accelerates when Lysander, Seraphina's former classmate and first love, re-enters her life after a messy divorce. Under the guise of helping an old friend, Seraphina blurs marital boundaries, leaving Caspian emotionally drained and physically detached. The tipping point occurs when Lysander’s dog destroys a precious yarn cat handmade by Caspian’s late mother; Seraphina’s dismissive reaction and Lysander's intrusion shatter whatever affection Caspian had left. Though Seraphina attempts to placate him and downplay her emotional straying, Caspian strategically orchestrates a trip to Yunnan to catch her and Lysander crossing the line. Returning unexpectedly to find them together, Caspian secures an immediate, clean divorce protected by prenuptial terms. Seraphina subsequently spirals into bankruptcy, alienation, and deep regret as she realizes too late that Caspian’s devoted love was what elevated her life in the first place. While Caspian effortlessly reclaims his joy and freedom at his gallery, a penniless Seraphina boards a train back to her impoverished hometown, left with the lingering weight of her choices and the quiet uncertainty of whether she will ever find peace from the loss of the brightest light she once held.

Make Sure to like and share the video.
Subscribe for more recap videos.
#manhwa #manga #manhua #manhwarecap
#Manhuarecap #mangarecap #manhwarecaps #mangarecaps #reborn #reincarnation #regression #harem #villain",2026-09-11T17:01:37Z,PT51M39S,9164,238,18,0,1,"[""manhwa recap"", ""anime recap"", ""anicap"", ""the manhwa man"", ""manhwa"", ""webtoon"", ""manhwa recaps"", ""manhwa cap"", ""webtoon recap"", ""manga recaps"", ""manga recap"", ""manhwa capped"", ""anime recaps"", ""manhua"", ""Wedding"", ""Finance""]",en,en,0,none,https://i.ytimg.com/vi/FIsCGrW7Iuw/default.jpg,https://i.ytimg.com/vi/FIsCGrW7Iuw/mqdefault.jpg,https://i.ytimg.com/vi/FIsCGrW7Iuw/hqdefault.jpg,public,"{""kind"": ""youtube#video"", ""etag"": ""G3XPJrvV8KjBN__5OiKQEbO22g4"", ""id"": ""FIsCGrW7Iuw"", ""snippet"": {""publishedAt"": ""2026-09-11T17:01:37Z"", ""channelId"": ""UCHPA4fgVIFf4Wfae6-f5qNQ"", ""title"": ""My Wife Let Her Ex Destroy My Dead Mom's Keepsake - Hein Recap"", ""description"": ""Name: My Wife Let Her Ex Destroy My Dead Mom's Keepsake\n\n--Summary--\nCaspian, a wealthy heir who once passionately pursued and married the proud, aloof Seraphina, gradually falls out of love with her in their fourth year of marriage. The turning point accelerates when Lysander, Seraphina's former classmate and first love, re-enters her life after a messy divorce. Under the guise of helping an old friend, Seraphina blurs marital boundaries, leaving Caspian emotionally drained and physically detached. The tipping point occurs when Lysander’s dog destroys a precious yarn cat handmade by Caspian’s late mother; Seraphina’s dismissive reaction and Lysander's intrusion shatter whatever affection Caspian had left. Though Seraphina attempts to placate him and downplay her emotional straying, Caspian strategically orchestrates a trip to Yunnan to catch her and Lysander crossing the line. Returning unexpectedly to find them together, Caspian secures an immediate, clean divorce protected by prenuptial terms. Seraphina subsequently spirals into bankruptcy, alienation, and deep regret as she realizes too late that Caspian’s devoted love was what elevated her life in the first place. While Caspian effortlessly reclaims his joy and freedom at his gallery, a penniless Seraphina boards a train back to her impoverished hometown, left with the lingering weight of her choices and the quiet uncertainty of whether she will ever find peace from the loss of the brightest light she once held.\n\nMake Sure to like and share the video.\nSubscribe for more recap videos.\n#manhwa #manga #manhua #manhwarecap\n#Manhuarecap #mangarecap #manhwarecaps #mangarecaps #reborn #reincarnation #regression #harem #villain"", ""thumbnails"": {""default"": {""url"": ""https://i.ytimg.com/vi/FIsCGrW7Iuw/default.jpg"", ""width"": 120, ""height"": 90}, ""medium"": {""url"": ""https://i.ytimg.com/vi/FIsCGrW7Iuw/mqdefault.jpg"", ""width"": 320, ""height"": 180}, ""high"": {""url"": ""https://i.ytimg.com/vi/FIsCGrW7Iuw/hqdefault.jpg"", ""width"": 480, ""height"": 360}, ""standard"": {""url"": ""https://i.ytimg.com/vi/FIsCGrW7Iuw/sddefault.jpg"", ""width"": 640, ""height"": 480}, ""maxres"": {""url"": ""https://i.ytimg.com/vi/FIsCGrW7Iuw/maxresdefault.jpg"", ""width"": 1280, ""height"": 720}, ""fhd"": {""url"": ""https://i.ytimg.com/vi/FIsCGrW7Iuw/fhddefault.jpg"", ""width"": 1920, ""height"": 1080}}, ""channelTitle"": ""Hein Recap"", ""tags"": [""manhwa recap"", ""anime recap"", ""anicap"", ""the manhwa man"", ""manhwa"", ""webtoon"", ""manhwa recaps"", ""manhwa cap"", ""webtoon recap"", ""manga recaps"", ""manga recap"", ""manhwa capped"", ""anime recaps"", ""manhua"", ""Wedding"", ""Finance""], ""categoryId"": ""1"", ""liveBroadcastContent"": ""none"", ""defaultLanguage"": ""en"", ""localized"": {""title"": ""My Wife Let Her Ex Destroy My Dead Mom's Keepsake - Hein Recap"", ""description"": ""Name: My Wife Let Her Ex Destroy My Dead Mom's Keepsake\n\n--Summary--\nCaspian, a wealthy heir who once passionately pursued and married the proud, aloof Seraphina, gradually falls out of love with her in their fourth year of marriage. The turning point accelerates when Lysander, Seraphina's former classmate and first love, re-enters her life after a messy divorce. Under the guise of helping an old friend, Seraphina blurs marital boundaries, leaving Caspian emotionally drained and physically detached. The tipping point occurs when Lysander’s dog destroys a precious yarn cat handmade by Caspian’s late mother; Seraphina’s dismissive reaction and Lysander's intrusion shatter whatever affection Caspian had left. Though Seraphina attempts to placate him and downplay her emotional straying, Caspian strategically orchestrates a trip to Yunnan to catch her and Lysander crossing the line. Returning unexpectedly to find them together, Caspian secures an immediate, clean divorce protected by prenuptial terms. Seraphina subsequently spirals into bankruptcy, alienation, and deep regret as she realizes too late that Caspian’s devoted love was what elevated her life in the first place. While Caspian effortlessly reclaims his joy and freedom at his gallery, a penniless Seraphina boards a train back to her impoverished hometown, left with the lingering weight of her choices and the quiet uncertainty of whether she will ever find peace from the loss of the brightest light she once held.\n\nMake Sure to like and share the video.\nSubscribe for more recap videos.\n#manhwa #manga #manhua #manhwarecap\n#Manhuarecap #mangarecap #manhwarecaps #mangarecaps #reborn #reincarnation #regression #harem #villain""}, ""defaultAudioLanguage"": ""en""}, ""contentDetails"": {""duration"": ""PT51M39S"", ""dimension"": ""2d"", ""definition"": ""hd"", ""caption"": ""false"", ""licensedContent"": true, ""contentRating"": {}, ""projection"": ""rectangular""}, ""status"": {""uploadStatus"": ""processed"", ""privacyStatus"": ""public"", ""license"": ""youtube"", ""embeddable"": true, ""publicStatsViewable"": true, ""madeForKids"": false}, ""statistics"": {""viewCount"": ""9164"", ""likeCount"": ""238"", ""favoriteCount"": ""0"", ""commentCount"": ""18""}}",2026-10-01T06:14:16.896069+00:00,2026-10-01T06:14:16.896069+00:00,3099.0,19.55046176005787,25.971191619380182,1.964207769532955,0,over_180_seconds
3DwZyWBN31A,UCeLOCj__efnDzhPUu7tlOWg,Yee Lovestory,Reborn: My Whole Rich Family Can Hear My Mind—Now I'm Somehow the Most Spoiled Favorite in the House,#drama #novel,2026-06-12T00:00:35Z,PT42M55S,797070,16943,410,0,22,,en,en-US,0,none,https://i.ytimg.com/vi/3DwZyWBN31A/default.jpg,https://i.ytimg.com/vi/3DwZyWBN31A/mqdefault.jpg,https://i.ytimg.com/vi/3DwZyWBN31A/hqdefault.jpg,public,"{""kind"": ""youtube#video"", ""etag"": ""hRKoBfaA35QiOS3-lbS3ZP_C0hc"", ""id"": ""3DwZyWBN31A"", ""snippet"": {""publishedAt"": ""2026-06-12T00:00:35Z"", ""channelId"": ""UCeLOCj__efnDzhPUu7tlOWg"", ""title"": ""Reborn: My Whole Rich Family Can Hear My Mind—Now I'm Somehow the Most Spoiled Favorite in the House"", ""description"": ""#drama #novel"", ""thumbnails"": {""default"": {""url"": ""https://i.ytimg.com/vi/3DwZyWBN31A/default.jpg"", ""width"": 120, ""height"": 90}, ""medium"": {""url"": ""https://i.ytimg.com/vi/3DwZyWBN31A/mqdefault.jpg"", ""width"": 320, ""height"": 180}, ""high"": {""url"": ""https://i.ytimg.com/vi/3DwZyWBN31A/hqdefault.jpg"", ""width"": 480, ""height"": 360}, ""standard"": {""url"": ""https://i.ytimg.com/vi/3DwZyWBN31A/sddefault.jpg"", ""width"": 640, ""height"": 480}, ""maxres"": {""url"": ""https://i.ytimg.com/vi/3DwZyWBN31A/maxresdefault.jpg"", ""width"": 1280, ""height"": 720}, ""fhd"": {""url"": ""https://i.ytimg.com/vi/3DwZyWBN31A/fhddefault.jpg"", ""width"": 1920, ""height"": 1080}}, ""channelTitle"": ""Yee Lovestory"", ""categoryId"": ""22"", ""liveBroadcastContent"": ""none"", ""defaultLanguage"": ""en"", ""localized"": {""title"": ""Reborn: My Whole Rich Family Can Hear My Mind—Now I'm Somehow the Most Spoiled Favorite in the House"", ""description"": ""#drama #novel""}, ""defaultAudioLanguage"": ""en-US""}, ""contentDetails"": {""duration"": ""PT42M55S"", ""dimension"": ""2d"", ""definition"": ""hd"", ""caption"": ""false"", ""licensedContent"": false, ""contentRating"": {}, ""projection"": ""rectangular""}, ""status"": {""uploadStatus"": ""processed"", ""privacyStatus"": ""public"", ""license"": ""youtube"", ""embeddable"": true, ""publicStatsViewable"": true, ""madeForKids"": false}, ""statistics"": {""viewCount"": ""797070"", ""likeCount"": ""16943"", ""favoriteCount"": ""0"", ""commentCount"": ""410""}}",2026-10-01T06:14:19.535343+00:00,2026-10-01T06:14:19.535343+00:00,2575.0,111.25954323313658,21.256602305945524,0.5143839311478289,0,over_180_seconds
jCMa8FP8eqo,UCeLOCj__efnDzhPUu7tlOWg,Yee Lovestory,Reborn: I Chose the Cute Heiress Instead of the Driver's Daughter—but Now She Rues,#drama #novel,2026-06-11T03:00:29Z,PT2H4M34S,722874,13178,1205,0,22,,en,en-US,0,none,https://i.ytimg.com/vi/jCMa8FP8eqo/default.jpg,https://i.ytimg.com/vi/jCMa8FP8eqo/mqdefault.jpg,https://i.ytimg.com/vi/jCMa8FP8eqo/hqdefault.jpg,public,"{""kind"": ""youtube#video"", ""etag"": ""3zCRTTy19uIxOTYkojfq6SoQiIM"", ""id"": ""jCMa8FP8eqo"", ""snippet"": {""publishedAt"": ""2026-06-11T03:00:29Z"", ""channelId"": ""UCeLOCj__efnDzhPUu7tlOWg"", ""title"": ""Reborn: I Chose the Cute Heiress Instead of the Driver's Daughter—but Now She Rues"", ""description"": ""#drama #novel"", ""thumbnails"": {""default"": {""url"": ""https://i.ytimg.com/vi/jCMa8FP8eqo/default.jpg"", ""width"": 120, ""height"": 90}, ""medium"": {""url"": ""https://i.ytimg.com/vi/jCMa8FP8eqo/mqdefault.jpg"", ""width"": 320, ""height"": 180}, ""high"": {""url"": ""https://i.ytimg.com/vi/jCMa8FP8eqo/hqdefault.jpg"", ""width"": 480, ""height"": 360}, ""standard"": {""url"": ""https://i.ytimg.com/vi/jCMa8FP8eqo/sddefault.jpg"", ""width"": 640, ""height"": 480}, ""maxres"": {""url"": ""https://i.ytimg.com/vi/jCMa8FP8eqo/maxresdefault.jpg"", ""width"": 1280, ""height"": 720}, ""fhd"": {""url"": ""https://i.ytimg.com/vi/jCMa8FP8eqo/fhddefault.jpg"", ""width"": 1920, ""height"": 1080}}, ""channelTitle"": ""Yee Lovestory"", ""categoryId"": ""22"", ""liveBroadcastContent"": ""none"", ""defaultLanguage"": ""en"", ""localized"": {""title"": ""Reborn: I Chose the Cute Heiress Instead of the Driver's Daughter—but Now She Rues"", ""description"": ""#drama #novel""}, ""defaultAudioLanguage"": ""en-US""}, ""contentDetails"": {""duration"": ""PT2H4M34S"", ""dimension"": ""2d"", ""definition"": ""hd"", ""caption"": ""false"", ""licensedContent"": false, ""contentRating"": {}, ""projection"": ""rectangular""}, ""status"": {""uploadStatus"": ""processed"", ""privacyStatus"": ""public"", ""license"": ""youtube"", ""embeddable"": true, ""publicStatsViewable"": true, ""madeForKids"": false}, ""statistics"": {""viewCount"": ""722874"", ""likeCount"": ""13178"", ""favoriteCount"": ""0"", ""commentCount"": ""1205""}}",2026-10-01T06:14:19.535343+00:00,2026-10-01T06:14:19.535343+00:00,7474.0,112.13461267758103,18.230009655901306,1.6669571737259883,0,over_180_seconds
jkZ3fDsOEaM,UCeLOCj__efnDzhPUu7tlOWg,Yee Lovestory,Reuniting with My Heiress Ex-GF in the Elevator: She Panicked When She Saw the Child in My Arms,#drama #novel,2026-05-27T13:53:52Z,PT3M13S,22149,461,80,0,22,,en,en-US,0,none,https://i.ytimg.com/vi/jkZ3fDsOEaM/default.jpg,https://i.ytimg.com/vi/jkZ3fDsOEaM/mqdefault.jpg,https://i.ytimg.com/vi/jkZ3fDsOEaM/hqdefault.jpg,public,"{""kind"": ""youtube#video"", ""etag"": ""M59Drk5le9-BdxcmxVNtVdJ75r0"", ""id"": ""jkZ3fDsOEaM"", ""snippet"": {""publishedAt"": ""2026-05-27T13:53:52Z"", ""channelId"": ""UCeLOCj__efnDzhPUu7tlOWg"", ""title"": ""Reuniting with My Heiress Ex-GF in the Elevator: She Panicked When She Saw the Child in My Arms"", ""description"": ""#drama #novel"", ""thumbnails"": {""default"": {""url"": ""https://i.ytimg.com/vi/jkZ3fDsOEaM/default.jpg"", ""width"": 120, ""height"": 90}, ""medium"": {""url"": ""https://i.ytimg.com/vi/jkZ3fDsOEaM/mqdefault.jpg"", ""width"": 320, ""height"": 180}, ""high"": {""url"": ""https://i.ytimg.com/vi/jkZ3fDsOEaM/hqdefault.jpg"", ""width"": 480, ""height"": 360}, ""standard"": {""url"": ""https://i.ytimg.com/vi/jkZ3fDsOEaM/sddefault.jpg"", ""width"": 640, ""height"": 480}, ""maxres"": {""url"": ""https://i.ytimg.com/vi/jkZ3fDsOEaM/maxresdefault.jpg"", ""width"": 1280, ""height"": 720}, ""qhd"": {""url"": ""https://i.ytimg.com/vi/jkZ3fDsOEaM/qhddefault.jpg"", ""width"": 2560, ""height"": 1440}}, ""channelTitle"": ""Yee Lovestory"", ""categoryId"": ""22"", ""liveBroadcastContent"": ""none"", ""defaultLanguage"": ""en"", ""localized"": {""title"": ""Reuniting with My Heiress Ex-GF in the Elevator: She Panicked When She Saw the Child in My Arms"", ""description"": ""#drama #novel""}, ""defaultAudioLanguage"": ""en-US""}, ""contentDetails"": {""duration"": ""PT3M13S"", ""dimension"": ""2d"", ""definition"": ""hd"", ""caption"": ""false"", ""licensedContent"": false, ""contentRating"": {}, ""projection"": ""rectangular""}, ""status"": {""uploadStatus"": ""processed"", ""privacyStatus"": ""public"", ""license"": ""youtube"", ""embeddable"": true, ""publicStatsViewable"": true, ""madeForKids"": false}, ""statistics"": {""viewCount"": ""22149"", ""likeCount"": ""461"", ""favoriteCount"": ""0"", ""commentCount"": ""80""}}",2026-10-01T06:14:19.535343+00:00,2026-10-01T06:14:19.535343+00:00,193.0,126.6808742516551,20.813580748566526,3.6119012145017835,0,over_180_seconds
hgAAa0DWCcU,UCeLOCj__efnDzhPUu7tlOWg,Yee Lovestory,"Rebirth: I Choose My Cute Crush Instead of the Sexy Heiress, Heading Toward a Happy Ending!",#drama #novel,2026-05-16T09:09:44Z,PT1M53S,25959,710,234,0,22,,en,en-US,0,none,https://i.ytimg.com/vi/hgAAa0DWCcU/default.jpg,https://i.ytimg.com/vi/hgAAa0DWCcU/mqdefault.jpg,https://i.ytimg.com/vi/hgAAa0DWCcU/hqdefault.jpg,public,"{""kind"": ""youtube#video"", ""etag"": ""ZznVQEP7tAknDj5kJmaL9NPKuOw"", ""id"": ""hgAAa0DWCcU"", ""snippet"": {""publishedAt"": ""2026-05-16T09:09:44Z"", ""channelId"": ""UCeLOCj__efnDzhPUu7tlOWg"", ""title"": ""Rebirth: I Choose My Cute Crush Instead of the Sexy Heiress, Heading Toward a Happy Ending!"", ""description"": ""#drama #novel"", ""thumbnails"": {""default"": {""url"": ""https://i.ytimg.com/vi/hgAAa0DWCcU/default.jpg"", ""width"": 120, ""height"": 90}, ""medium"": {""url"": ""https://i.ytimg.com/vi/hgAAa0DWCcU/mqdefault.jpg"", ""width"": 320, ""height"": 180}, ""high"": {""url"": ""https://i.ytimg.com/vi/hgAAa0DWCcU/hqdefault.jpg"", ""width"": 480, ""height"": 360}, ""standard"": {""url"": ""https://i.ytimg.com/vi/hgAAa0DWCcU/sddefault.jpg"", ""width"": 640, ""height"": 480}, ""maxres"": {""url"": ""https://i.ytimg.com/vi/hgAAa0DWCcU/maxresdefault.jpg"", ""width"": 1280, ""height"": 720}, ""fhd"": {""url"": ""https://i.ytimg.com/vi/hgAAa0DWCcU/fhddefault.jpg"", ""width"": 1920, ""height"": 1080}}, ""channelTitle"": ""Yee Lovestory"", ""categoryId"": ""22"", ""liveBroadcastContent"": ""none"", ""defaultLanguage"": ""en"", ""localized"": {""title"": ""Rebirth: I Choose My Cute Crush Instead of the Sexy Heiress, Heading Toward a Happy Ending!"", ""description"": ""#drama #novel""}, ""defaultAudioLanguage"": ""en-US""}, ""contentDetails"": {""duration"": ""PT1M53S"", ""dimension"": ""2d"", ""definition"": ""hd"", ""caption"": ""false"", ""licensedContent"": false, ""contentRating"": {}, ""projection"": ""rectangular""}, ""status"": {""uploadStatus"": ""processed"", ""privacyStatus"": ""public"", ""license"": ""youtube"", ""embeddable"": true, ""publicStatsViewable"": true, ""madeForKids"": false}, ""statistics"": {""viewCount"": ""25959"", ""likeCount"": ""710"", ""favoriteCount"": ""0"", ""commentCount"": ""234""}}",2026-10-01T06:14:19.535343+00:00,2026-10-01T06:14:19.535343+00:00,113.0,137.87818906646993,27.35082245078778,9.014214723217382,1,short_candidate
En3LA6oNvzs,UCeLOCj__efnDzhPUu7tlOWg,Yee Lovestory,Reborn: My 6 Beautiful Sisters & Parents Can Hear My Thoughts—but Now They Regret It!,#drama #novel,2026-03-20T00:00:31Z,PT2H10M1S,237618,5681,377,0,22,,en,en-US,0,none,https://i.ytimg.com/vi/En3LA6oNvzs/default.jpg,https://i.ytimg.com/vi/En3LA6oNvzs/mqdefault.jpg,https://i.ytimg.com/vi/En3LA6oNvzs/hqdefault.jpg,public,"{""kind"": ""youtube#video"", ""etag"": ""W1II6eOZJVPaSsg6k_sWRcDezhQ"", ""id"": ""En3LA6oNvzs"", ""snippet"": {""publishedAt"": ""2026-03-20T00:00:31Z"", ""channelId"": ""UCeLOCj__efnDzhPUu7tlOWg"", ""title"": ""Reborn: My 6 Beautiful Sisters & Parents Can Hear My Thoughts—but Now They Regret It!"", ""description"": ""#drama #novel"", ""thumbnails"": {""default"": {""url"": ""https://i.ytimg.com/vi/En3LA6oNvzs/default.jpg"", ""width"": 120, ""height"": 90}, ""medium"": {""url"": ""https://i.ytimg.com/vi/En3LA6oNvzs/mqdefault.jpg"", ""width"": 320, ""height"": 180}, ""high"": {""url"": ""https://i.ytimg.com/vi/En3LA6oNvzs/hqdefault.jpg"", ""width"": 480, ""height"": 360}, ""standard"": {""url"": ""https://i.ytimg.com/vi/En3LA6oNvzs/sddefault.jpg"", ""width"": 640, ""height"": 480}, ""maxres"": {""url"": ""https://i.ytimg.com/vi/En3LA6oNvzs/maxresdefault.jpg"", ""width"": 1280, ""height"": 720}, ""fhd"": {""url"": ""https://i.ytimg.com/vi/En3LA6oNvzs/fhddefault.jpg"", ""width"": 1920, ""height"": 1080}}, ""channelTitle"": ""Yee Lovestory"", ""categoryId"": ""22"", ""liveBroadcastContent"": ""none"", ""defaultLanguage"": ""en"", ""localized"": {""title"": ""Reborn: My 6 Beautiful Sisters & Parents Can Hear My Thoughts—but Now They Regret It!"", ""description"": ""#drama #novel""}, ""defaultAudioLanguage"": ""en-US""}, ""contentDetails"": {""duration"": ""PT2H10M1S"", ""dimension"": ""2d"", ""definition"": ""hd"", ""caption"": ""false"", ""licensedContent"": true, ""contentRating"": {}, ""projection"": ""rectangular""}, ""status"": {""uploadStatus"": ""processed"", ""privacyStatus"": ""public"", ""license"": ""youtube"", ""embeddable"": true, ""publicStatsViewable"": true, ""madeForKids"": false}, ""statistics"": {""viewCount"": ""237618"", ""likeCount"": ""5681"", ""favoriteCount"": ""0"", ""commentCount"": ""377""}}",2026-10-01T06:14:19.535343+00:00,2026-10-01T06:14:19.535343+00:00,7801.0,195.25958952943284,23.908121438611552,1.5865801412350917,0,over_180_seconds
mXMg15RcleU,UCeLOCj__efnDzhPUu7tlOWg,Yee Lovestory,Reborn: My 6 Sisters & Fiancée All Betrayed Me for The Fake Heir—so I Wed the Sexy CEO—Now They Rue!,#drama #novel,2026-03-19T00:01:03Z,PT2H3M1S,75580,1976,120,0,22,,en,en-US,0,none,https://i.ytimg.com/vi/mXMg15RcleU/default.jpg,https://i.ytimg.com/vi/mXMg15RcleU/mqdefault.jpg,https://i.ytimg.com/vi/mXMg15RcleU/hqdefault.jpg,public,"{""kind"": ""youtube#video"", ""etag"": ""epPzCGSNnqonyRg7ve7t8MMpOcE"", ""id"": ""mXMg15RcleU"", ""snippet"": {""publishedAt"": ""2026-03-19T00:01:03Z"", ""channelId"": ""UCeLOCj__efnDzhPUu7tlOWg"", ""title"": ""Reborn: My 6 Sisters & Fiancée All Betrayed Me for The Fake Heir—so I Wed the Sexy CEO—Now They Rue!"", ""description"": ""#drama #novel"", ""thumbnails"": {""default"": {""url"": ""https://i.ytimg.com/vi/mXMg15RcleU/default.jpg"", ""width"": 120, ""height"": 90}, ""medium"": {""url"": ""https://i.ytimg.com/vi/mXMg15RcleU/mqdefault.jpg"", ""width"": 320, ""height"": 180}, ""high"": {""url"": ""https://i.ytimg.com/vi/mXMg15RcleU/hqdefault.jpg"", ""width"": 480, ""height"": 360}, ""standard"": {""url"": ""https://i.ytimg.com/vi/mXMg15RcleU/sddefault.jpg"", ""width"": 640, ""height"": 480}, ""maxres"": {""url"": ""https://i.ytimg.com/vi/mXMg15RcleU/maxresdefault.jpg"", ""width"": 1280, ""height"": 720}, ""fhd"": {""url"": ""https://i.ytimg.com/vi/mXMg15RcleU/fhddefault.jpg"", ""width"": 1920, ""height"": 1080}}, ""channelTitle"": ""Yee Lovestory"", ""categoryId"": ""22"", ""liveBroadcastContent"": ""none"", ""defaultLanguage"": ""en"", ""localized"": {""title"": ""Reborn: My 6 Sisters & Fiancée All Betrayed Me for The Fake Heir—so I Wed the Sexy CEO—Now They Rue!"", ""description"": ""#drama #novel""}, ""defaultAudioLanguage"": ""en-US""}, ""contentDetails"": {""duration"": ""PT2H3M1S"", ""dimension"": ""2d"", ""definition"": ""hd"", ""caption"": ""false"", ""licensedContent"": true, ""contentRating"": {}, ""projection"": ""rectangular""}, ""status"": {""uploadStatus"": ""processed"", ""privacyStatus"": ""public"", ""license"": ""youtube"", ""embeddable"": true, ""publicStatsViewable"": true, ""madeForKids"": false}, ""statistics"": {""viewCount"": ""75580"", ""likeCount"": ""1976"", ""favoriteCount"": ""0"", ""commentCount"": ""120""}}",2026-10-01T06:14:19.535343+00:00,2026-10-01T06:14:19.535343+00:00,7381.0,196.2592191590625,26.14448266737232,1.587721619476052,0,over_180_seconds
q-ZoiMxj4DI,UCeLOCj__efnDzhPUu7tlOWg,Yee Lovestory,"My CEO Wife & Daughter All Betrayed Me For My Half-brother, so I Wed the Sweet Heiress—Now They Rue!",#drama #novel,2026-03-18T00:01:05Z,PT1H47M38S,87245,2264,255,0,22,,en,en-US,0,none,https://i.ytimg.com/vi/q-ZoiMxj4DI/default.jpg,https://i.ytimg.com/vi/q-ZoiMxj4DI/mqdefault.jpg,https://i.ytimg.com/vi/q-ZoiMxj4DI/hqdefault.jpg,public,"{""kind"": ""youtube#video"", ""etag"": ""gG6jmLpy9Kay6pxVRP35zls-2oo"", ""id"": ""q-ZoiMxj4DI"", ""snippet"": {""publishedAt"": ""2026-03-18T00:01:05Z"", ""channelId"": ""UCeLOCj__efnDzhPUu7tlOWg"", ""title"": ""My CEO Wife & Daughter All Betrayed Me For My Half-brother, so I Wed the Sweet Heiress—Now They Rue!"", ""description"": ""#drama #novel"", ""thumbnails"": {""default"": {""url"": ""https://i.ytimg.com/vi/q-ZoiMxj4DI/default.jpg"", ""width"": 120, ""height"": 90}, ""medium"": {""url"": ""https://i.ytimg.com/vi/q-ZoiMxj4DI/mqdefault.jpg"", ""width"": 320, ""height"": 180}, ""high"": {""url"": ""https://i.ytimg.com/vi/q-ZoiMxj4DI/hqdefault.jpg"", ""width"": 480, ""height"": 360}, ""standard"": {""url"": ""https://i.ytimg.com/vi/q-ZoiMxj4DI/sddefault.jpg"", ""width"": 640, ""height"": 480}, ""maxres"": {""url"": ""https://i.ytimg.com/vi/q-ZoiMxj4DI/maxresdefault.jpg"", ""width"": 1280, ""height"": 720}, ""fhd"": {""url"": ""https://i.ytimg.com/vi/q-ZoiMxj4DI/fhddefault.jpg"", ""width"": 1920, ""height"": 1080}}, ""channelTitle"": ""Yee Lovestory"", ""categoryId"": ""22"", ""liveBroadcastContent"": ""none"", ""defaultLanguage"": ""en"", ""localized"": {""title"": ""My CEO Wife & Daughter All Betrayed Me For My Half-brother, so I Wed the Sweet Heiress—Now They Rue!"", ""description"": ""#drama #novel""}, ""defaultAudioLanguage"": ""en-US""}, ""contentDetails"": {""duration"": ""PT1H47M38S"", ""dimension"": ""2d"", ""definition"": ""hd"", ""caption"": ""false"", ""licensedContent"": true, ""contentRating"": {}, ""projection"": ""rectangular""}, ""status"": {""uploadStatus"": ""processed"", ""privacyStatus"": ""public"", ""license"": ""youtube"", ""embeddable"": true, ""publicStatsViewable"": true, ""madeForKids"": false}, ""statistics"": {""viewCount"": ""87245"", ""likeCount"": ""2264"", ""favoriteCount"": ""0"", ""commentCount"": ""255""}}",2026-10-01T06:14:19.535343+00:00,2026-10-01T06:14:19.535343+00:00,6458.0,197.25919601091434,25.949911169694538,2.922803599060118,0,over_180_seconds
ZS_4Ej66uDM,UCeLOCj__efnDzhPUu7tlOWg,Yee Lovestory,"Reborn: My Entire Family Betrayed Me for the Fake Heir, so I Married the Sweet Heiress—Now They Rue!",#drama #novel,2026-03-16T00:00:40Z,PT1H51M54S,128570,2959,182,0,22,,en,en-US,0,none,https://i.ytimg.com/vi/ZS_4Ej66uDM/default.jpg,https://i.ytimg.com/vi/ZS_4Ej66uDM/mqdefault.jpg,https://i.ytimg.com/vi/ZS_4Ej66uDM/hqdefault.jpg,public,"{""kind"": ""youtube#video"", ""etag"": ""0ga8g7zQksV7XDSyXzgvq9FN5w0"", ""id"": ""ZS_4Ej66uDM"", ""snippet"": {""publishedAt"": ""2026-03-16T00:00:40Z"", ""channelId"": ""UCeLOCj__efnDzhPUu7tlOWg"", ""title"": ""Reborn: My Entire Family Betrayed Me for the Fake Heir, so I Married the Sweet Heiress—Now They Rue!"", ""description"": ""#drama #novel"", ""thumbnails"": {""default"": {""url"": ""https://i.ytimg.com/vi/ZS_4Ej66uDM/default.jpg"", ""width"": 120, ""height"": 90}, ""medium"": {""url"": ""https://i.ytimg.com/vi/ZS_4Ej66uDM/mqdefault.jpg"", ""width"": 320, ""height"": 180}, ""high"": {""url"": ""https://i.ytimg.com/vi/ZS_4Ej66uDM/hqdefault.jpg"", ""width"": 480, ""height"": 360}, ""standard"": {""url"": ""https://i.ytimg.com/vi/ZS_4Ej66uDM/sddefault.jpg"", ""width"": 640, ""height"": 480}, ""maxres"": {""url"": ""https://i.ytimg.com/vi/ZS_4Ej66uDM/maxresdefault.jpg"", ""width"": 1280, ""height"": 720}, ""fhd"": {""url"": ""https://i.ytimg.com/vi/ZS_4Ej66uDM/fhddefault.jpg"", ""width"": 1920, ""height"": 1080}}, ""channelTitle"": ""Yee Lovestory"", ""categoryId"": ""22"", ""liveBroadcastContent"": ""none"", ""defaultLanguage"": ""en"", ""localized"": {""title"": ""Reborn: My Entire Family Betrayed Me for the Fake Heir, so I Married the Sweet Heiress—Now They Rue!"", ""description"": ""#drama #novel""}, ""defaultAudioLanguage"": ""en-US""}, ""contentDetails"": {""duration"": ""PT1H51M54S"", ""dimension"": ""2d"", ""definition"": ""hd"", ""caption"": ""false"", ""licensedContent"": true, ""contentRating"": {}, ""projection"": ""rectangular""}, ""status"": {""uploadStatus"": ""processed"", ""privacyStatus"": ""public"", ""license"": ""youtube"", ""embeddable"": true, ""publicStatsViewable"": true, ""madeForKids"": false}, ""statistics"": {""viewCount"": ""128570"", ""likeCount"": ""2959"", ""favoriteCount"": ""0"", ""commentCount"": ""182""}}",2026-10-01T06:14:19.535343+00:00,2026-10-01T06:14:19.535343+00:00,6714.0,199.25948536276618,23.01470016333515,1.4155712841253791,0,over_180_seconds
_6QRVw8oq70,UCeLOCj__efnDzhPUu7tlOWg,Yee Lovestory,My CEO Wife Gave Me $8M to to Order Bar Girls So I Won't Bother Her Date with 1st Love—Now She Rues!,#drama #novel,2026-03-15T00:00:44Z,PT1H45M45S,71250,1961,149,0,22,,en,en-US,0,none,https://i.ytimg.com/vi/_6QRVw8oq70/default.jpg,https://i.ytimg.com/vi/_6QRVw8oq70/mqdefault.jpg,https://i.ytimg.com/vi/_6QRVw8oq70/hqdefault.jpg,public,"{""kind"": ""youtube#video"", ""etag"": ""19Xe_a4FBur1SYkcbYgIncO7uQY"", ""id"": ""_6QRVw8oq70"", ""snippet"": {""publishedAt"": ""2026-03-15T00:00:44Z"", ""channelId"": ""UCeLOCj__efnDzhPUu7tlOWg"", ""title"": ""My CEO Wife Gave Me $8M to to Order Bar Girls So I Won't Bother Her Date with 1st Love—Now She Rues!"", ""description"": ""#drama #novel"", ""thumbnails"": {""default"": {""url"": ""https://i.ytimg.com/vi/_6QRVw8oq70/default.jpg"", ""width"": 120, ""height"": 90}, ""medium"": {""url"": ""https://i.ytimg.com/vi/_6QRVw8oq70/mqdefault.jpg"", ""width"": 320, ""height"": 180}, ""high"": {""url"": ""https://i.ytimg.com/vi/_6QRVw8oq70/hqdefault.jpg"", ""width"": 480, ""height"": 360}, ""standard"": {""url"": ""https://i.ytimg.com/vi/_6QRVw8oq70/sddefault.jpg"", ""width"": 640, ""height"": 480}, ""maxres"": {""url"": ""https://i.ytimg.com/vi/_6QRVw8oq70/maxresdefault.jpg"", ""width"": 1280, ""height"": 720}}, ""channelTitle"": ""Yee Lovestory"", ""categoryId"": ""22"", ""liveBroadcastContent"": ""none"", ""defaultLanguage"": ""en"", ""localized"": {""title"": ""My CEO Wife Gave Me $8M to to Order Bar Girls So I Won't Bother Her Date with 1st Love—Now She Rues!"", ""description"": ""#drama #novel""}, ""defaultAudioLanguage"": ""en-US""}, ""contentDetails"": {""duration"": ""PT1H45M45S"", ""dimension"": ""2d"", ""definition"": ""hd"", ""caption"": ""false"", ""licensedContent"": true, ""contentRating"": {}, ""projection"": ""rectangular""}, ""status"": {""uploadStatus"": ""processed"", ""privacyStatus"": ""public"", ""license"": ""youtube"", ""embeddable"": true, ""publicStatsViewable"": true, ""madeForKids"": false}, ""statistics"": {""viewCount"": ""71250"", ""likeCount"": ""1961"", ""favoriteCount"": ""0"", ""commentCount"": ""149""}}",2026-10-01T06:14:19.535343+00:00,2026-10-01T06:14:19.535343+00:00,6345.0,200.2594390664699,27.522807017543858,2.0912280701754384,0,over_180_seconds
MDkKEuypcyc,UCeLOCj__efnDzhPUu7tlOWg,Yee Lovestory,"I Can Hear My Sexy CEO Wife's Thoughts—She Acts Cold, but Secretly Plans to Trap Me Forever?!",#drama #novel,2026-03-14T00:00:35Z,PT1H33M35S,75516,2081,108,0,22,,en,en-US,0,none,https://i.ytimg.com/vi/MDkKEuypcyc/default.jpg,https://i.ytimg.com/vi/MDkKEuypcyc/mqdefault.jpg,https://i.ytimg.com/vi/MDkKEuypcyc/hqdefault.jpg,public,"{""kind"": ""youtube#video"", ""etag"": ""WAnpcvXZWmqNomGNyP5RbqODcM0"", ""id"": ""MDkKEuypcyc"", ""snippet"": {""publishedAt"": ""2026-03-14T00:00:35Z"", ""channelId"": ""UCeLOCj__efnDzhPUu7tlOWg"", ""title"": ""I Can Hear My Sexy CEO Wife's Thoughts—She Acts Cold, but Secretly Plans to Trap Me Forever?!"", ""description"": ""#drama #novel"", ""thumbnails"": {""default"": {""url"": ""https://i.ytimg.com/vi/MDkKEuypcyc/default.jpg"", ""width"": 120, ""height"": 90}, ""medium"": {""url"": ""https://i.ytimg.com/vi/MDkKEuypcyc/mqdefault.jpg"", ""width"": 320, ""height"": 180}, ""high"": {""url"": ""https://i.ytimg.com/vi/MDkKEuypcyc/hqdefault.jpg"", ""width"": 480, ""height"": 360}, ""standard"": {""url"": ""https://i.ytimg.com/vi/MDkKEuypcyc/sddefault.jpg"", ""width"": 640, ""height"": 480}, ""maxres"": {""url"": ""https://i.ytimg.com/vi/MDkKEuypcyc/maxresdefault.jpg"", ""width"": 1280, ""height"": 720}}, ""channelTitle"": ""Yee Lovestory"", ""categoryId"": ""22"", ""liveBroadcastContent"": ""none"", ""defaultLanguage"": ""en"", ""localized"": {""title"": ""I Can Hear My Sexy CEO Wife's Thoughts—She Acts Cold, but Secretly Plans to Trap Me Forever?!"", ""description"": ""#drama #novel""}, ""defaultAudioLanguage"": ""en-US""}, ""contentDetails"": {""duration"": ""PT1H33M35S"", ""dimension"": ""2d"", ""definition"": ""hd"", ""caption"": ""false"", ""licensedContent"": true, ""contentRating"": {}, ""projection"": ""rectangular""}, ""status"": {""uploadStatus"": ""processed"", ""privacyStatus"": ""public"", ""license"": ""youtube"", ""embeddable"": true, ""publicStatsViewable"": true, ""madeForKids"": false}, ""statistics"": {""viewCount"": ""75516"", ""likeCount"": ""2081"", ""favoriteCount"": ""0"", ""commentCount"": ""108""}}",2026-10-01T06:14:19.535343+00:00,2026-10-01T06:14:19.535343+00:00,5615.0,201.25954323313655,27.557073997563432,1.430160495788972,0,over_180_seconds
K4I3MC4bAvo,UCeLOCj__efnDzhPUu7tlOWg,Yee Lovestory,"Reborn: I Chose My Loyal Heiress Girlfriend Over My Cheating Crush, Leading to a Happy Ending",#drama #novel,2026-03-13T00:00:21Z,PT1H48M53S,104986,2509,128,0,22,,en,en-US,0,none,https://i.ytimg.com/vi/K4I3MC4bAvo/default.jpg,https://i.ytimg.com/vi/K4I3MC4bAvo/mqdefault.jpg,https://i.ytimg.com/vi/K4I3MC4bAvo/hqdefault.jpg,public,"{""kind"": ""youtube#video"", ""etag"": ""zaM0bdntWS60YyZj8aHRNK1ghGk"", ""id"": ""K4I3MC4bAvo"", ""snippet"": {""publishedAt"": ""2026-03-13T00:00:21Z"", ""channelId"": ""UCeLOCj__efnDzhPUu7tlOWg"", ""title"": ""Reborn: I Chose My Loyal Heiress Girlfriend Over My Cheating Crush, Leading to a Happy Ending"", ""description"": ""#drama #novel"", ""thumbnails"": {""default"": {""url"": ""https://i.ytimg.com/vi/K4I3MC4bAvo/default.jpg"", ""width"": 120, ""height"": 90}, ""medium"": {""url"": ""https://i.ytimg.com/vi/K4I3MC4bAvo/mqdefault.jpg"", ""width"": 320, ""height"": 180}, ""high"": {""url"": ""https://i.ytimg.com/vi/K4I3MC4bAvo/hqdefault.jpg"", ""width"": 480, ""height"": 360}, ""standard"": {""url"": ""https://i.ytimg.com/vi/K4I3MC4bAvo/sddefault.jpg"", ""width"": 640, ""height"": 480}, ""maxres"": {""url"": ""https://i.ytimg.com/vi/K4I3MC4bAvo/maxresdefault.jpg"", ""width"": 1280, ""height"": 720}, ""fhd"": {""url"": ""https://i.ytimg.com/vi/K4I3MC4bAvo/fhddefault.jpg"", ""width"": 1920, ""height"": 1080}}, ""channelTitle"": ""Yee Lovestory"", ""categoryId"": ""22"", ""liveBroadcastContent"": ""none"", ""defaultLanguage"": ""en"", ""localized"": {""title"": ""Reborn: I Chose My Loyal Heiress Girlfriend Over My Cheating Crush, Leading to a Happy Ending"", ""description"": ""#drama #novel""}, ""defaultAudioLanguage"": ""en-US""}, ""contentDetails"": {""duration"": ""PT1H48M53S"", ""dimension"": ""2d"", ""definition"": ""hd"", ""caption"": ""false"", ""licensedContent"": true, ""contentRating"": {}, ""projection"": ""rectangular""}, ""status"": {""uploadStatus"": ""processed"", ""privacyStatus"": ""public"", ""license"": ""youtube"", ""embeddable"": true, ""publicStatsViewable"": true, ""madeForKids"": false}, ""statistics"": {""viewCount"": ""104986"", ""likeCount"": ""2509"", ""favoriteCount"": ""0"", ""commentCount"": ""128""}}",2026-10-01T06:14:19.535343+00:00,2026-10-01T06:14:19.535343+00:00,6533.0,202.25970527017358,23.898424551845007,1.2192101804050064,0,over_180_seconds
yni_4Y1YCpU,UCeLOCj__efnDzhPUu7tlOWg,Yee Lovestory,"My Heiress Fiancée Called Off Our Wedding for Her Crush, so I Married Her Sexy Sister—Now She Rues!",#drama #novel,2026-03-12T00:01:15Z,PT1H49M10S,50610,1367,139,0,22,,en,en-US,0,none,https://i.ytimg.com/vi/yni_4Y1YCpU/default.jpg,https://i.ytimg.com/vi/yni_4Y1YCpU/mqdefault.jpg,https://i.ytimg.com/vi/yni_4Y1YCpU/hqdefault.jpg,public,"{""kind"": ""youtube#video"", ""etag"": ""fMmBdgRoF2qIhq3ylAL7IoCJclA"", ""id"": ""yni_4Y1YCpU"", ""snippet"": {""publishedAt"": ""2026-03-12T00:01:15Z"", ""channelId"": ""UCeLOCj__efnDzhPUu7tlOWg"", ""title"": ""My Heiress Fiancée Called Off Our Wedding for Her Crush, so I Married Her Sexy Sister—Now She Rues!"", ""description"": ""#drama #novel"", ""thumbnails"": {""default"": {""url"": ""https://i.ytimg.com/vi/yni_4Y1YCpU/default.jpg"", ""width"": 120, ""height"": 90}, ""medium"": {""url"": ""https://i.ytimg.com/vi/yni_4Y1YCpU/mqdefault.jpg"", ""width"": 320, ""height"": 180}, ""high"": {""url"": ""https://i.ytimg.com/vi/yni_4Y1YCpU/hqdefault.jpg"", ""width"": 480, ""height"": 360}, ""standard"": {""url"": ""https://i.ytimg.com/vi/yni_4Y1YCpU/sddefault.jpg"", ""width"": 640, ""height"": 480}, ""maxres"": {""url"": ""https://i.ytimg.com/vi/yni_4Y1YCpU/maxresdefault.jpg"", ""width"": 1280, ""height"": 720}, ""fhd"": {""url"": ""https://i.ytimg.com/vi/yni_4Y1YCpU/fhddefault.jpg"", ""width"": 1920, ""height"": 1080}}, ""channelTitle"": ""Yee Lovestory"", ""categoryId"": ""22"", ""liveBroadcastContent"": ""none"", ""defaultLanguage"": ""en"", ""localized"": {""title"": ""My Heiress Fiancée Called Off Our Wedding for Her Crush, so I Married Her Sexy Sister—Now She Rues!"", ""description"": ""#drama #novel""}, ""defaultAudioLanguage"": ""en-US""}, ""contentDetails"": {""duration"": ""PT1H49M10S"", ""dimension"": ""2d"", ""definition"": ""hd"", ""caption"": ""false"", ""licensedContent"": true, ""contentRating"": {}, ""projection"": ""rectangular""}, ""status"": {""uploadStatus"": ""processed"", ""privacyStatus"": ""public"", ""license"": ""youtube"", ""embeddable"": true, ""publicStatsViewable"": true, ""madeForKids"": false}, ""statistics"": {""viewCount"": ""50610"", ""likeCount"": ""1367"", ""favoriteCount"": ""0"", ""commentCount"": ""139""}}",2026-10-01T06:14:19.535343+00:00,2026-10-01T06:14:19.535343+00:00,6550.0,203.2590802701736,27.010472238688006,2.746492787986564,0,over_180_seconds
EzPOGE4xXow,UCeLOCj__efnDzhPUu7tlOWg,Yee Lovestory,"Reborn: I Choose My Devoted CEO Wife & Daughter over My Crush, Towards a Happy Ending",#drama #novel,2026-03-11T00:00:17Z,PT2H21M3S,300941,7013,313,0,22,,en,en-US,0,none,https://i.ytimg.com/vi/EzPOGE4xXow/default.jpg,https://i.ytimg.com/vi/EzPOGE4xXow/mqdefault.jpg,https://i.ytimg.com/vi/EzPOGE4xXow/hqdefault.jpg,public,"{""kind"": ""youtube#video"", ""etag"": ""UPLfui0H0ifi4atzE1G04lPFmKM"", ""id"": ""EzPOGE4xXow"", ""snippet"": {""publishedAt"": ""2026-03-11T00:00:17Z"", ""channelId"": ""UCeLOCj__efnDzhPUu7tlOWg"", ""title"": ""Reborn: I Choose My Devoted CEO Wife & Daughter over My Crush, Towards a Happy Ending"", ""description"": ""#drama #novel"", ""thumbnails"": {""default"": {""url"": ""https://i.ytimg.com/vi/EzPOGE4xXow/default.jpg"", ""width"": 120, ""height"": 90}, ""medium"": {""url"": ""https://i.ytimg.com/vi/EzPOGE4xXow/mqdefault.jpg"", ""width"": 320, ""height"": 180}, ""high"": {""url"": ""https://i.ytimg.com/vi/EzPOGE4xXow/hqdefault.jpg"", ""width"": 480, ""height"": 360}, ""standard"": {""url"": ""https://i.ytimg.com/vi/EzPOGE4xXow/sddefault.jpg"", ""width"": 640, ""height"": 480}, ""maxres"": {""url"": ""https://i.ytimg.com/vi/EzPOGE4xXow/maxresdefault.jpg"", ""width"": 1280, ""height"": 720}, ""fhd"": {""url"": ""https://i.ytimg.com/vi/EzPOGE4xXow/fhddefault.jpg"", ""width"": 1920, ""height"": 1080}}, ""channelTitle"": ""Yee Lovestory"", ""categoryId"": ""22"", ""liveBroadcastContent"": ""none"", ""defaultLanguage"": ""en"", ""localized"": {""title"": ""Reborn: I Choose My Devoted CEO Wife & Daughter over My Crush, Towards a Happy Ending"", ""description"": ""#drama #novel""}, ""defaultAudioLanguage"": ""en-US""}, ""contentDetails"": {""duration"": ""PT2H21M3S"", ""dimension"": ""2d"", ""definition"": ""hd"", ""caption"": ""false"", ""licensedContent"": true, ""contentRating"": {}, ""projection"": ""rectangular""}, ""status"": {""uploadStatus"": ""processed"", ""privacyStatus"": ""public"", ""license"": ""youtube"", ""embeddable"": true, ""publicStatsViewable"": true, ""madeForKids"": false}, ""statistics"": {""viewCount"": ""300941"", ""likeCount"": ""7013"", ""favoriteCount"": ""0"", ""commentCount"": ""313""}}",2026-10-01T06:14:19.535343+00:00,2026-10-01T06:14:19.535343+00:00,8463.0,204.2597515664699,23.303571131882993,1.0400709773676569,0,over_180_seconds
NxHUvtr1WNs,UCeLOCj__efnDzhPUu7tlOWg,Yee Lovestory,"My GF & Mother Both Betrayed Me for My Brother, so I Married the Sexy Heiress—but Now They Rue!",#drama #novel,2026-03-09T00:00:21Z,PT1H56M37S,35395,985,126,0,22,,en,en-US,0,none,https://i.ytimg.com/vi/NxHUvtr1WNs/default.jpg,https://i.ytimg.com/vi/NxHUvtr1WNs/mqdefault.jpg,https://i.ytimg.com/vi/NxHUvtr1WNs/hqdefault.jpg,public,"{""kind"": ""youtube#video"", ""etag"": ""JhwRnKz9vtBfo1QudgVr_IUc8co"", ""id"": ""NxHUvtr1WNs"", ""snippet"": {""publishedAt"": ""2026-03-09T00:00:21Z"", ""channelId"": ""UCeLOCj__efnDzhPUu7tlOWg"", ""title"": ""My GF & Mother Both Betrayed Me for My Brother, so I Married the Sexy Heiress—but Now They Rue!"", ""description"": ""#drama #novel"", ""thumbnails"": {""default"": {""url"": ""https://i.ytimg.com/vi/NxHUvtr1WNs/default.jpg"", ""width"": 120, ""height"": 90}, ""medium"": {""url"": ""https://i.ytimg.com/vi/NxHUvtr1WNs/mqdefault.jpg"", ""width"": 320, ""height"": 180}, ""high"": {""url"": ""https://i.ytimg.com/vi/NxHUvtr1WNs/hqdefault.jpg"", ""width"": 480, ""height"": 360}, ""standard"": {""url"": ""https://i.ytimg.com/vi/NxHUvtr1WNs/sddefault.jpg"", ""width"": 640, ""height"": 480}, ""maxres"": {""url"": ""https://i.ytimg.com/vi/NxHUvtr1WNs/maxresdefault.jpg"", ""width"": 1280, ""height"": 720}}, ""channelTitle"": ""Yee Lovestory"", ""categoryId"": ""22"", ""liveBroadcastContent"": ""none"", ""defaultLanguage"": ""en"", ""localized"": {""title"": ""My GF & Mother Both Betrayed Me for My Brother, so I Married the Sexy Heiress—but Now They Rue!"", ""description"": ""#drama #novel""}, ""defaultAudioLanguage"": ""en-US""}, ""contentDetails"": {""duration"": ""PT1H56M37S"", ""dimension"": ""2d"", ""definition"": ""hd"", ""caption"": ""false"", ""licensedContent"": true, ""contentRating"": {}, ""projection"": ""rectangular""}, ""status"": {""uploadStatus"": ""processed"", ""privacyStatus"": ""public"", ""license"": ""youtube"", ""embeddable"": true, ""publicStatsViewable"": true, ""madeForKids"": false}, ""statistics"": {""viewCount"": ""35395"", ""likeCount"": ""985"", ""favoriteCount"": ""0"", ""commentCount"": ""126""}}",2026-10-01T06:14:19.535343+00:00,2026-10-01T06:14:19.535343+00:00,6997.0,206.25970527017358,27.828789377030652,3.559824834016104,0,over_180_seconds
fno_FBKY0sE,UCeLOCj__efnDzhPUu7tlOWg,Yee Lovestory,Reborn: My 5 Beautiful Sisters Can Hear My Thoughts—but Now They Regret It!,#drama #novel,2026-03-08T01:00:49Z,PT1H32M25S,227908,5961,228,0,22,,en,en-US,0,none,https://i.ytimg.com/vi/fno_FBKY0sE/default.jpg,https://i.ytimg.com/vi/fno_FBKY0sE/mqdefault.jpg,https://i.ytimg.com/vi/fno_FBKY0sE/hqdefault.jpg,public,"{""kind"": ""youtube#video"", ""etag"": ""tlHABricmT8Y6mND2ucqoBuGL3Q"", ""id"": ""fno_FBKY0sE"", ""snippet"": {""publishedAt"": ""2026-03-08T01:00:49Z"", ""channelId"": ""UCeLOCj__efnDzhPUu7tlOWg"", ""title"": ""Reborn: My 5 Beautiful Sisters Can Hear My Thoughts—but Now They Regret It!"", ""description"": ""#drama #novel"", ""thumbnails"": {""default"": {""url"": ""https://i.ytimg.com/vi/fno_FBKY0sE/default.jpg"", ""width"": 120, ""height"": 90}, ""medium"": {""url"": ""https://i.ytimg.com/vi/fno_FBKY0sE/mqdefault.jpg"", ""width"": 320, ""height"": 180}, ""high"": {""url"": ""https://i.ytimg.com/vi/fno_FBKY0sE/hqdefault.jpg"", ""width"": 480, ""height"": 360}, ""standard"": {""url"": ""https://i.ytimg.com/vi/fno_FBKY0sE/sddefault.jpg"", ""width"": 640, ""height"": 480}, ""maxres"": {""url"": ""https://i.ytimg.com/vi/fno_FBKY0sE/maxresdefault.jpg"", ""width"": 1280, ""height"": 720}}, ""channelTitle"": ""Yee Lovestory"", ""categoryId"": ""22"", ""liveBroadcastContent"": ""none"", ""defaultLanguage"": ""en"", ""localized"": {""title"": ""Reborn: My 5 Beautiful Sisters Can Hear My Thoughts—but Now They Regret It!"", ""description"": ""#drama #novel""}, ""defaultAudioLanguage"": ""en-US""}, ""contentDetails"": {""duration"": ""PT1H32M25S"", ""dimension"": ""2d"", ""definition"": ""hd"", ""caption"": ""false"", ""licensedContent"": true, ""contentRating"": {}, ""projection"": ""rectangular""}, ""status"": {""uploadStatus"": ""processed"", ""privacyStatus"": ""public"", ""license"": ""youtube"", ""embeddable"": true, ""publicStatsViewable"": true, ""madeForKids"": false}, ""statistics"": {""viewCount"": ""227908"", ""likeCount"": ""5961"", ""favoriteCount"": ""0"", ""commentCount"": ""228""}}",2026-10-01T06:14:19.535343+00:00,2026-10-01T06:14:19.535343+00:00,5545.0,207.21771452943287,26.155290731347737,1.0004036716569844,0,over_180_seconds
quzxCFm07zM,UCeLOCj__efnDzhPUu7tlOWg,Yee Lovestory,"My CEO Wife Gave Me $5M to Divorce Her While I Had Amnesia, so I Chose the Sexy Heiress—Now She Rues",#drama #novel,2026-03-07T01:00:58Z,PT1H37M59S,72910,2182,188,0,22,,en,en-US,0,none,https://i.ytimg.com/vi/quzxCFm07zM/default.jpg,https://i.ytimg.com/vi/quzxCFm07zM/mqdefault.jpg,https://i.ytimg.com/vi/quzxCFm07zM/hqdefault.jpg,public,"{""kind"": ""youtube#video"", ""etag"": ""WukiRsYtDbxR21pndAw92QeAbsY"", ""id"": ""quzxCFm07zM"", ""snippet"": {""publishedAt"": ""2026-03-07T01:00:58Z"", ""channelId"": ""UCeLOCj__efnDzhPUu7tlOWg"", ""title"": ""My CEO Wife Gave Me $5M to Divorce Her While I Had Amnesia, so I Chose the Sexy Heiress—Now She Rues"", ""description"": ""#drama #novel"", ""thumbnails"": {""default"": {""url"": ""https://i.ytimg.com/vi/quzxCFm07zM/default.jpg"", ""width"": 120, ""height"": 90}, ""medium"": {""url"": ""https://i.ytimg.com/vi/quzxCFm07zM/mqdefault.jpg"", ""width"": 320, ""height"": 180}, ""high"": {""url"": ""https://i.ytimg.com/vi/quzxCFm07zM/hqdefault.jpg"", ""width"": 480, ""height"": 360}, ""standard"": {""url"": ""https://i.ytimg.com/vi/quzxCFm07zM/sddefault.jpg"", ""width"": 640, ""height"": 480}, ""maxres"": {""url"": ""https://i.ytimg.com/vi/quzxCFm07zM/maxresdefault.jpg"", ""width"": 1280, ""height"": 720}}, ""channelTitle"": ""Yee Lovestory"", ""categoryId"": ""22"", ""liveBroadcastContent"": ""none"", ""defaultLanguage"": ""en"", ""localized"": {""title"": ""My CEO Wife Gave Me $5M to Divorce Her While I Had Amnesia, so I Chose the Sexy Heiress—Now She Rues"", ""description"": ""#drama #novel""}, ""defaultAudioLanguage"": ""en-US""}, ""contentDetails"": {""duration"": ""PT1H37M59S"", ""dimension"": ""2d"", ""definition"": ""hd"", ""caption"": ""false"", ""licensedContent"": true, ""contentRating"": {}, ""projection"": ""rectangular""}, ""status"": {""uploadStatus"": ""processed"", ""privacyStatus"": ""public"", ""license"": ""youtube"", ""embeddable"": true, ""publicStatsViewable"": true, ""madeForKids"": false}, ""statistics"": {""viewCount"": ""72910"", ""likeCount"": ""2182"", ""favoriteCount"": ""0"", ""commentCount"": ""188""}}",2026-10-01T06:14:19.535343+00:00,2026-10-01T06:14:19.535343+00:00,5879.0,208.21761036276618,29.927307639555618,2.578521464819641,0,over_180_seconds
ryys-jNzfMg,UCeLOCj__efnDzhPUu7tlOWg,Yee Lovestory,My 5 Sexy Fiancées All Despised Me for Being a Hick—‘til They Discovered I Was a Billionaire CEO,#drama #novel,2026-03-06T01:01:00Z,PT2H15M43S,72488,2099,181,0,22,,en,en-US,0,none,https://i.ytimg.com/vi/ryys-jNzfMg/default.jpg,https://i.ytimg.com/vi/ryys-jNzfMg/mqdefault.jpg,https://i.ytimg.com/vi/ryys-jNzfMg/hqdefault.jpg,public,"{""kind"": ""youtube#video"", ""etag"": ""GlAIGipEl1hYyRc2HBVwSgitrmI"", ""id"": ""ryys-jNzfMg"", ""snippet"": {""publishedAt"": ""2026-03-06T01:01:00Z"", ""channelId"": ""UCeLOCj__efnDzhPUu7tlOWg"", ""title"": ""My 5 Sexy Fiancées All Despised Me for Being a Hick—‘til They Discovered I Was a Billionaire CEO"", ""description"": ""#drama #novel"", ""thumbnails"": {""default"": {""url"": ""https://i.ytimg.com/vi/ryys-jNzfMg/default.jpg"", ""width"": 120, ""height"": 90}, ""medium"": {""url"": ""https://i.ytimg.com/vi/ryys-jNzfMg/mqdefault.jpg"", ""width"": 320, ""height"": 180}, ""high"": {""url"": ""https://i.ytimg.com/vi/ryys-jNzfMg/hqdefault.jpg"", ""width"": 480, ""height"": 360}, ""standard"": {""url"": ""https://i.ytimg.com/vi/ryys-jNzfMg/sddefault.jpg"", ""width"": 640, ""height"": 480}, ""maxres"": {""url"": ""https://i.ytimg.com/vi/ryys-jNzfMg/maxresdefault.jpg"", ""width"": 1280, ""height"": 720}}, ""channelTitle"": ""Yee Lovestory"", ""categoryId"": ""22"", ""liveBroadcastContent"": ""none"", ""defaultLanguage"": ""en"", ""localized"": {""title"": ""My 5 Sexy Fiancées All Despised Me for Being a Hick—‘til They Discovered I Was a Billionaire CEO"", ""description"": ""#drama #novel""}, ""defaultAudioLanguage"": ""en-US""}, ""contentDetails"": {""duration"": ""PT2H15M43S"", ""dimension"": ""2d"", ""definition"": ""hd"", ""caption"": ""false"", ""licensedContent"": true, ""contentRating"": {}, ""projection"": ""rectangular""}, ""status"": {""uploadStatus"": ""processed"", ""privacyStatus"": ""public"", ""license"": ""youtube"", ""embeddable"": true, ""publicStatsViewable"": true, ""madeForKids"": false}, ""statistics"": {""viewCount"": ""72488"", ""likeCount"": ""2099"", ""favoriteCount"": ""0"", ""commentCount"": ""181""}}",2026-10-01T06:14:19.535343+00:00,2026-10-01T06:14:19.535343+00:00,8143.0,209.21758721461805,28.956516940735018,2.496965014899018,0,over_180_seconds
N1k582_U8P8,UCeLOCj__efnDzhPUu7tlOWg,Yee Lovestory,"Mind-Reading: For Saving Me, My Yandere Villainess Crush Actually Killed the System's 99 Players?!",#drama #novel,2026-03-05T01:00:23Z,PT1H27M45S,56135,1634,72,0,22,,en,en-US,0,none,https://i.ytimg.com/vi/N1k582_U8P8/default.jpg,https://i.ytimg.com/vi/N1k582_U8P8/mqdefault.jpg,https://i.ytimg.com/vi/N1k582_U8P8/hqdefault.jpg,public,"{""kind"": ""youtube#video"", ""etag"": ""3VWrua8Lc9YZm8cqXVHvsckpJ1E"", ""id"": ""N1k582_U8P8"", ""snippet"": {""publishedAt"": ""2026-03-05T01:00:23Z"", ""channelId"": ""UCeLOCj__efnDzhPUu7tlOWg"", ""title"": ""Mind-Reading: For Saving Me, My Yandere Villainess Crush Actually Killed the System's 99 Players?!"", ""description"": ""#drama #novel"", ""thumbnails"": {""default"": {""url"": ""https://i.ytimg.com/vi/N1k582_U8P8/default.jpg"", ""width"": 120, ""height"": 90}, ""medium"": {""url"": ""https://i.ytimg.com/vi/N1k582_U8P8/mqdefault.jpg"", ""width"": 320, ""height"": 180}, ""high"": {""url"": ""https://i.ytimg.com/vi/N1k582_U8P8/hqdefault.jpg"", ""width"": 480, ""height"": 360}, ""standard"": {""url"": ""https://i.ytimg.com/vi/N1k582_U8P8/sddefault.jpg"", ""width"": 640, ""height"": 480}, ""maxres"": {""url"": ""https://i.ytimg.com/vi/N1k582_U8P8/maxresdefault.jpg"", ""width"": 1280, ""height"": 720}}, ""channelTitle"": ""Yee Lovestory"", ""categoryId"": ""22"", ""liveBroadcastContent"": ""none"", ""defaultLanguage"": ""en"", ""localized"": {""title"": ""Mind-Reading: For Saving Me, My Yandere Villainess Crush Actually Killed the System's 99 Players?!"", ""description"": ""#drama #novel""}, ""defaultAudioLanguage"": ""en-US""}, ""contentDetails"": {""duration"": ""PT1H27M45S"", ""dimension"": ""2d"", ""definition"": ""hd"", ""caption"": ""false"", ""licensedContent"": true, ""contentRating"": {}, ""projection"": ""rectangular""}, ""status"": {""uploadStatus"": ""processed"", ""privacyStatus"": ""public"", ""license"": ""youtube"", ""embeddable"": true, ""publicStatsViewable"": true, ""madeForKids"": false}, ""statistics"": {""viewCount"": ""56135"", ""likeCount"": ""1634"", ""favoriteCount"": ""0"", ""commentCount"": ""72""}}",2026-10-01T06:14:19.535343+00:00,2026-10-01T06:14:19.535343+00:00,5265.0,210.2180154553588,29.10839939431727,1.2826222499331967,0,over_180_seconds
mw8Bcg2G-8o,UCeLOCj__efnDzhPUu7tlOWg,Yee Lovestory,My Sexy CEO Wife Tested Me by Faking Poverty—but 6 Months Later She Begs Me for Kisses Every Day?!,#drama #novel,2026-03-04T01:00:53Z,PT1H29M,66031,2092,144,0,22,,en,en-US,0,none,https://i.ytimg.com/vi/mw8Bcg2G-8o/default.jpg,https://i.ytimg.com/vi/mw8Bcg2G-8o/mqdefault.jpg,https://i.ytimg.com/vi/mw8Bcg2G-8o/hqdefault.jpg,public,"{""kind"": ""youtube#video"", ""etag"": ""Zszd9j_zlFF1MhJy2LZ-frpjb00"", ""id"": ""mw8Bcg2G-8o"", ""snippet"": {""publishedAt"": ""2026-03-04T01:00:53Z"", ""channelId"": ""UCeLOCj__efnDzhPUu7tlOWg"", ""title"": ""My Sexy CEO Wife Tested Me by Faking Poverty—but 6 Months Later She Begs Me for Kisses Every Day?!"", ""description"": ""#drama #novel"", ""thumbnails"": {""default"": {""url"": ""https://i.ytimg.com/vi/mw8Bcg2G-8o/default.jpg"", ""width"": 120, ""height"": 90}, ""medium"": {""url"": ""https://i.ytimg.com/vi/mw8Bcg2G-8o/mqdefault.jpg"", ""width"": 320, ""height"": 180}, ""high"": {""url"": ""https://i.ytimg.com/vi/mw8Bcg2G-8o/hqdefault.jpg"", ""width"": 480, ""height"": 360}, ""standard"": {""url"": ""https://i.ytimg.com/vi/mw8Bcg2G-8o/sddefault.jpg"", ""width"": 640, ""height"": 480}, ""maxres"": {""url"": ""https://i.ytimg.com/vi/mw8Bcg2G-8o/maxresdefault.jpg"", ""width"": 1280, ""height"": 720}}, ""channelTitle"": ""Yee Lovestory"", ""categoryId"": ""22"", ""liveBroadcastContent"": ""none"", ""defaultLanguage"": ""en"", ""localized"": {""title"": ""My Sexy CEO Wife Tested Me by Faking Poverty—but 6 Months Later She Begs Me for Kisses Every Day?!"", ""description"": ""#drama #novel""}, ""defaultAudioLanguage"": ""en-US""}, ""contentDetails"": {""duration"": ""PT1H29M"", ""dimension"": ""2d"", ""definition"": ""hd"", ""caption"": ""false"", ""licensedContent"": true, ""contentRating"": {}, ""projection"": ""rectangular""}, ""status"": {""uploadStatus"": ""processed"", ""privacyStatus"": ""public"", ""license"": ""youtube"", ""embeddable"": true, ""publicStatsViewable"": true, ""madeForKids"": false}, ""statistics"": {""viewCount"": ""66031"", ""likeCount"": ""2092"", ""favoriteCount"": ""0"", ""commentCount"": ""144""}}",2026-10-01T06:14:19.535343+00:00,2026-10-01T06:14:19.535343+00:00,5340.0,211.21766823313655,31.682088715906165,2.180793869546122,0,over_180_seconds
w10fgdwiuFI,UCeLOCj__efnDzhPUu7tlOWg,Yee Lovestory,Reborn: My Sexy Heiress Fiancée Overheard My Thoughts While Breaking Our Engagement—Now She Rues!,#drama #novel,2026-03-03T01:01:07Z,PT1H26M36S,93773,2840,146,0,22,,en,en-US,0,none,https://i.ytimg.com/vi/w10fgdwiuFI/default.jpg,https://i.ytimg.com/vi/w10fgdwiuFI/mqdefault.jpg,https://i.ytimg.com/vi/w10fgdwiuFI/hqdefault.jpg,public,"{""kind"": ""youtube#video"", ""etag"": ""QH04977Oj39oZzXkAd4ovthazd0"", ""id"": ""w10fgdwiuFI"", ""snippet"": {""publishedAt"": ""2026-03-03T01:01:07Z"", ""channelId"": ""UCeLOCj__efnDzhPUu7tlOWg"", ""title"": ""Reborn: My Sexy Heiress Fiancée Overheard My Thoughts While Breaking Our Engagement—Now She Rues!"", ""description"": ""#drama #novel"", ""thumbnails"": {""default"": {""url"": ""https://i.ytimg.com/vi/w10fgdwiuFI/default.jpg"", ""width"": 120, ""height"": 90}, ""medium"": {""url"": ""https://i.ytimg.com/vi/w10fgdwiuFI/mqdefault.jpg"", ""width"": 320, ""height"": 180}, ""high"": {""url"": ""https://i.ytimg.com/vi/w10fgdwiuFI/hqdefault.jpg"", ""width"": 480, ""height"": 360}, ""standard"": {""url"": ""https://i.ytimg.com/vi/w10fgdwiuFI/sddefault.jpg"", ""width"": 640, ""height"": 480}, ""maxres"": {""url"": ""https://i.ytimg.com/vi/w10fgdwiuFI/maxresdefault.jpg"", ""width"": 1280, ""height"": 720}}, ""channelTitle"": ""Yee Lovestory"", ""categoryId"": ""22"", ""liveBroadcastContent"": ""none"", ""defaultLanguage"": ""en"", ""localized"": {""title"": ""Reborn: My Sexy Heiress Fiancée Overheard My Thoughts While Breaking Our Engagement—Now She Rues!"", ""description"": ""#drama #novel""}, ""defaultAudioLanguage"": ""en-US""}, ""contentDetails"": {""duration"": ""PT1H26M36S"", ""dimension"": ""2d"", ""definition"": ""hd"", ""caption"": ""false"", ""licensedContent"": true, ""contentRating"": {}, ""projection"": ""rectangular""}, ""status"": {""uploadStatus"": ""processed"", ""privacyStatus"": ""public"", ""license"": ""youtube"", ""embeddable"": true, ""publicStatsViewable"": true, ""madeForKids"": false}, ""statistics"": {""viewCount"": ""93773"", ""likeCount"": ""2840"", ""favoriteCount"": ""0"", ""commentCount"": ""146""}}",2026-10-01T06:14:19.535343+00:00,2026-10-01T06:14:19.535343+00:00,5196.0,212.21750619609952,30.28590319175029,1.5569513612660362,0,over_180_seconds
xHswmBIZeU4,UChIHuKSI-djAtbWK9mvHSww,Jinwoo Recap,My Parents' 7-Year Cold Marriage Shocked Everyone When Mom Chose The Fake Son! - Jinwoo Recap,"Name: My Parents' 7-Year Cold Marriage Shocked Everyone When Mom Chose The Fake Son

--Summary--
Told from the perceptive perspective of a young boy named Orion, the narrative unfolds with the dramatic revelation that his father, Lysander, is a ""fake"" young master switched at birth and promptly cast out by the wealthy Caspian family. While Lysander theatrically laments losing his status and seeks reassurance, his wife, the composed and formidable CEO Elara Vance, reacts with calm resolve. Though initially perceived as a cold, loveless commercial arrangement, their seven-year marriage is soon tested by manipulative relatives seeking leverage and the scheming return of Theron Sterling—the true Caspian heir and Elara’s deceitful ex-lover. Rather than abandoning Lysander, Elara firmly shields him with decisive legal and business maneuvers. As hidden truths emerge, it is revealed that both had endured emotionally barren childhoods, and Lysander's playful, doting exterior conceals scars from a harrowing kidnapping at age twelve—where a young Elara had been the very hero who saved his life. Complementing each other’s vulnerabilities with unwavering support, the two prove that genuine devotion transcends status, ending on an enduring, heartwarming note that promises a lifetime of shared devotion.

Make Sure to like and share the video.
Subscribe for more recap videos.
#manhwa #manga #manhua #manhwarecap
#Manhuarecap #mangarecap #manhwarecaps #mangarecaps #reborn #reincarnation #regression #harem #villain 
tag: manhwa recap, anime recap, anicap, the manhwa man, manhwa, webtoon, manhwa recaps, manhwa cap, webtoon recap, manga recaps, manga recap, manhwa capped, anime recaps,manhua",2026-09-30T17:36:17Z,PT1H33M30S,7527,184,14,0,1,"[""manhwa recap"", ""anime recap"", ""anicap"", ""the manhwa man"", ""manhwa"", ""webtoon"", ""manhwa recaps"", ""manhwa cap"", ""webtoon recap"", ""manga recaps"", ""manga recap"", ""manhwa capped"", ""anime recaps"", ""manhua"", ""Wedding"", ""Finance""]",en-US,en,0,none,https://i.ytimg.com/vi/xHswmBIZeU4/default.jpg,https://i.ytimg.com/vi/xHswmBIZeU4/mqdefault.jpg,https://i.ytimg.com/vi/xHswmBIZeU4/hqdefault.jpg,public,"{""kind"": ""youtube#video"", ""etag"": ""XM_CM11oYfyZXVktN8bTc5jtK40"", ""id"": ""xHswmBIZeU4"", ""snippet"": {""publishedAt"": ""2026-09-30T17:36:17Z"", ""channelId"": ""UChIHuKSI-djAtbWK9mvHSww"", ""title"": ""My Parents' 7-Year Cold Marriage Shocked Everyone When Mom Chose The Fake Son! - Jinwoo Recap"", ""description"": ""Name: My Parents' 7-Year Cold Marriage Shocked Everyone When Mom Chose The Fake Son\n\n--Summary--\nTold from the perceptive perspective of a young boy named Orion, the narrative unfolds with the dramatic revelation that his father, Lysander, is a \""fake\"" young master switched at birth and promptly cast out by the wealthy Caspian family. While Lysander theatrically laments losing his status and seeks reassurance, his wife, the composed and formidable CEO Elara Vance, reacts with calm resolve. Though initially perceived as a cold, loveless commercial arrangement, their seven-year marriage is soon tested by manipulative relatives seeking leverage and the scheming return of Theron Sterling—the true Caspian heir and Elara’s deceitful ex-lover. Rather than abandoning Lysander, Elara firmly shields him with decisive legal and business maneuvers. As hidden truths emerge, it is revealed that both had endured emotionally barren childhoods, and Lysander's playful, doting exterior conceals scars from a harrowing kidnapping at age twelve—where a young Elara had been the very hero who saved his life. Complementing each other’s vulnerabilities with unwavering support, the two prove that genuine devotion transcends status, ending on an enduring, heartwarming note that promises a lifetime of shared devotion.\n\nMake Sure to like and share the video.\nSubscribe for more recap videos.\n#manhwa #manga #manhua #manhwarecap\n#Manhuarecap #mangarecap #manhwarecaps #mangarecaps #reborn #reincarnation #regression #harem #villain \ntag: manhwa recap, anime recap, anicap, the manhwa man, manhwa, webtoon, manhwa recaps, manhwa cap, webtoon recap, manga recaps, manga recap, manhwa capped, anime recaps,manhua"", ""thumbnails"": {""default"": {""url"": ""https://i.ytimg.com/vi/xHswmBIZeU4/default.jpg"", ""width"": 120, ""height"": 90}, ""medium"": {""url"": ""https://i.ytimg.com/vi/xHswmBIZeU4/mqdefault.jpg"", ""width"": 320, ""height"": 180}, ""high"": {""url"": ""https://i.ytimg.com/vi/xHswmBIZeU4/hqdefault.jpg"", ""width"": 480, ""height"": 360}, ""standard"": {""url"": ""https://i.ytimg.com/vi/xHswmBIZeU4/sddefault.jpg"", ""width"": 640, ""height"": 480}, ""maxres"": {""url"": ""https://i.ytimg.com/vi/xHswmBIZeU4/maxresdefault.jpg"", ""width"": 1280, ""height"": 720}, ""fhd"": {""url"": ""https://i.ytimg.com/vi/xHswmBIZeU4/fhddefault.jpg"", ""width"": 1920, ""height"": 1080}}, ""channelTitle"": ""Jinwoo Recap"", ""tags"": [""manhwa recap"", ""anime recap"", ""anicap"", ""the manhwa man"", ""manhwa"", ""webtoon"", ""manhwa recaps"", ""manhwa cap"", ""webtoon recap"", ""manga recaps"", ""manga recap"", ""manhwa capped"", ""anime recaps"", ""manhua"", ""Wedding"", ""Finance""], ""categoryId"": ""1"", ""liveBroadcastContent"": ""none"", ""defaultLanguage"": ""en-US"", ""localized"": {""title"": ""My Parents' 7-Year Cold Marriage Shocked Everyone When Mom Chose The Fake Son! - Jinwoo Recap"", ""description"": ""Name: My Parents' 7-Year Cold Marriage Shocked Everyone When Mom Chose The Fake Son\n\n--Summary--\nTold from the perceptive perspective of a young boy named Orion, the narrative unfolds with the dramatic revelation that his father, Lysander, is a \""fake\"" young master switched at birth and promptly cast out by the wealthy Caspian family. While Lysander theatrically laments losing his status and seeks reassurance, his wife, the composed and formidable CEO Elara Vance, reacts with calm resolve. Though initially perceived as a cold, loveless commercial arrangement, their seven-year marriage is soon tested by manipulative relatives seeking leverage and the scheming return of Theron Sterling—the true Caspian heir and Elara’s deceitful ex-lover. Rather than abandoning Lysander, Elara firmly shields him with decisive legal and business maneuvers. As hidden truths emerge, it is revealed that both had endured emotionally barren childhoods, and Lysander's playful, doting exterior conceals scars from a harrowing kidnapping at age twelve—where a young Elara had been the very hero who saved his life. Complementing each other’s vulnerabilities with unwavering support, the two prove that genuine devotion transcends status, ending on an enduring, heartwarming note that promises a lifetime of shared devotion.\n\nMake Sure to like and share the video.\nSubscribe for more recap videos.\n#manhwa #manga #manhua #manhwarecap\n#Manhuarecap #mangarecap #manhwarecaps #mangarecaps #reborn #reincarnation #regression #harem #villain \ntag: manhwa recap, anime recap, anicap, the manhwa man, manhwa, webtoon, manhwa recaps, manhwa cap, webtoon recap, manga recaps, manga recap, manhwa capped, anime recaps,manhua""}, ""defaultAudioLanguage"": ""en""}, ""contentDetails"": {""duration"": ""PT1H33M30S"", ""dimension"": ""2d"", ""definition"": ""hd"", ""caption"": ""false"", ""licensedContent"": true, ""contentRating"": {}, ""projection"": ""rectangular""}, ""status"": {""uploadStatus"": ""processed"", ""privacyStatus"": ""public"", ""license"": ""youtube"", ""embeddable"": true, ""publicStatsViewable"": true, ""madeForKids"": false}, ""statistics"": {""viewCount"": ""7527"", ""likeCount"": ""184"", ""favoriteCount"": ""0"", ""commentCount"": ""14""}}",2026-10-01T06:14:17.701864+00:00,2026-10-01T06:14:17.701864+00:00,5610.0,0.5263970123148148,24.44533014481201,1.8599707718878704,0,over_180_seconds
KyyIlVMR-1E,UChIHuKSI-djAtbWK9mvHSww,Jinwoo Recap,My Wife Demanded A Predatory Divorce - Jinwoo Recap,"Name: My Wife Demanded A Predatory Divorce

--Summary--
The story follows Rocco Thorne, a ruthless underworld kingpin who transmigrates into the body of Caspian Vance, an oppressed and spineless live-in son-in-law. Waking up in a VIP lounge, he is immediately coerced by his haughty wife, Seraphina Sterling, and her returning lover, Julian Croft, to sign a predatory divorce agreement forfeiting all assets while kneeling for a meager fifty thousand dollars. Shattering their expectations, Caspian unleashes ferocious violence by breaking Julian’s finger, smashing a wine bottle over Seraphina’s head, and calling the police himself under the guise of self-defense while securing crucial video evidence and uncovering a drugged glass of wine. As Seraphina’s influential brother, Alaric Sterling, steps in with corporate retaliation and hired killers, Caspian turns the tables through strategic exposure and brute force. Along with his opportunistic cousin Silas, Caspian uncovers the darker truth behind his father’s fatal car crash, exposing it as an internal purge by the Vance clan's patriarch to cover up massive corporate fraud. Surviving a deadly dockside ambush, Caspian methodically brings both dynasties to their knees: Julian is crippled and disowned, Alaric faces severe imprisonment, Patriarch Vance is stripped of power before law enforcement, and Seraphina is left begging in tears on the pavement as she signs an unconditional divorce. Turning his back on past grievances and blocking Seraphina's desperate pleas, Caspian looks out over the glittering city skyline, fully prepared to build his own venture and carve out a path where he will never kneel to anyone again.

Make Sure to like and share the video.
Subscribe for more recap videos.
#manhwa #manga #manhua #manhwarecap
#Manhuarecap #mangarecap #manhwarecaps #mangarecaps #reborn #reincarnation #regression #harem #villain 
tag: manhwa recap, anime recap, anicap, the manhwa man, manhwa, webtoon, manhwa recaps, manhwa cap, webtoon recap, manga recaps, manga recap, manhwa capped, anime recaps,manhua",2026-09-29T17:36:00Z,PT1H21M50S,12248,330,21,0,1,"[""manhwa recap"", ""anime recap"", ""anicap"", ""the manhwa man"", ""manhwa"", ""webtoon"", ""manhwa recaps"", ""manhwa cap"", ""webtoon recap"", ""manga recaps"", ""manga recap"", ""manhwa capped"", ""anime recaps"", ""manhua"", ""Wedding"", ""Finance""]",en-US,en,0,none,https://i.ytimg.com/vi/KyyIlVMR-1E/default.jpg,https://i.ytimg.com/vi/KyyIlVMR-1E/mqdefault.jpg,https://i.ytimg.com/vi/KyyIlVMR-1E/hqdefault.jpg,public,"{""kind"": ""youtube#video"", ""etag"": ""e8M7pS5SzynWtYUsaONvnPEqEBE"", ""id"": ""KyyIlVMR-1E"", ""snippet"": {""publishedAt"": ""2026-09-29T17:36:00Z"", ""channelId"": ""UChIHuKSI-djAtbWK9mvHSww"", ""title"": ""My Wife Demanded A Predatory Divorce - Jinwoo Recap"", ""description"": ""Name: My Wife Demanded A Predatory Divorce\n\n--Summary--\nThe story follows Rocco Thorne, a ruthless underworld kingpin who transmigrates into the body of Caspian Vance, an oppressed and spineless live-in son-in-law. Waking up in a VIP lounge, he is immediately coerced by his haughty wife, Seraphina Sterling, and her returning lover, Julian Croft, to sign a predatory divorce agreement forfeiting all assets while kneeling for a meager fifty thousand dollars. Shattering their expectations, Caspian unleashes ferocious violence by breaking Julian’s finger, smashing a wine bottle over Seraphina’s head, and calling the police himself under the guise of self-defense while securing crucial video evidence and uncovering a drugged glass of wine. As Seraphina’s influential brother, Alaric Sterling, steps in with corporate retaliation and hired killers, Caspian turns the tables through strategic exposure and brute force. Along with his opportunistic cousin Silas, Caspian uncovers the darker truth behind his father’s fatal car crash, exposing it as an internal purge by the Vance clan's patriarch to cover up massive corporate fraud. Surviving a deadly dockside ambush, Caspian methodically brings both dynasties to their knees: Julian is crippled and disowned, Alaric faces severe imprisonment, Patriarch Vance is stripped of power before law enforcement, and Seraphina is left begging in tears on the pavement as she signs an unconditional divorce. Turning his back on past grievances and blocking Seraphina's desperate pleas, Caspian looks out over the glittering city skyline, fully prepared to build his own venture and carve out a path where he will never kneel to anyone again.\n\nMake Sure to like and share the video.\nSubscribe for more recap videos.\n#manhwa #manga #manhua #manhwarecap\n#Manhuarecap #mangarecap #manhwarecaps #mangarecaps #reborn #reincarnation #regression #harem #villain \ntag: manhwa recap, anime recap, anicap, the manhwa man, manhwa, webtoon, manhwa recaps, manhwa cap, webtoon recap, manga recaps, manga recap, manhwa capped, anime recaps,manhua"", ""thumbnails"": {""default"": {""url"": ""https://i.ytimg.com/vi/KyyIlVMR-1E/default.jpg"", ""width"": 120, ""height"": 90}, ""medium"": {""url"": ""https://i.ytimg.com/vi/KyyIlVMR-1E/mqdefault.jpg"", ""width"": 320, ""height"": 180}, ""high"": {""url"": ""https://i.ytimg.com/vi/KyyIlVMR-1E/hqdefault.jpg"", ""width"": 480, ""height"": 360}, ""standard"": {""url"": ""https://i.ytimg.com/vi/KyyIlVMR-1E/sddefault.jpg"", ""width"": 640, ""height"": 480}, ""maxres"": {""url"": ""https://i.ytimg.com/vi/KyyIlVMR-1E/maxresdefault.jpg"", ""width"": 1280, ""height"": 720}, ""fhd"": {""url"": ""https://i.ytimg.com/vi/KyyIlVMR-1E/fhddefault.jpg"", ""width"": 1920, ""height"": 1080}}, ""channelTitle"": ""Jinwoo Recap"", ""tags"": [""manhwa recap"", ""anime recap"", ""anicap"", ""the manhwa man"", ""manhwa"", ""webtoon"", ""manhwa recaps"", ""manhwa cap"", ""webtoon recap"", ""manga recaps"", ""manga recap"", ""manhwa capped"", ""anime recaps"", ""manhua"", ""Wedding"", ""Finance""], ""categoryId"": ""1"", ""liveBroadcastContent"": ""none"", ""defaultLanguage"": ""en-US"", ""localized"": {""title"": ""My Wife Demanded A Predatory Divorce - Jinwoo Recap"", ""description"": ""Name: My Wife Demanded A Predatory Divorce\n\n--Summary--\nThe story follows Rocco Thorne, a ruthless underworld kingpin who transmigrates into the body of Caspian Vance, an oppressed and spineless live-in son-in-law. Waking up in a VIP lounge, he is immediately coerced by his haughty wife, Seraphina Sterling, and her returning lover, Julian Croft, to sign a predatory divorce agreement forfeiting all assets while kneeling for a meager fifty thousand dollars. Shattering their expectations, Caspian unleashes ferocious violence by breaking Julian’s finger, smashing a wine bottle over Seraphina’s head, and calling the police himself under the guise of self-defense while securing crucial video evidence and uncovering a drugged glass of wine. As Seraphina’s influential brother, Alaric Sterling, steps in with corporate retaliation and hired killers, Caspian turns the tables through strategic exposure and brute force. Along with his opportunistic cousin Silas, Caspian uncovers the darker truth behind his father’s fatal car crash, exposing it as an internal purge by the Vance clan's patriarch to cover up massive corporate fraud. Surviving a deadly dockside ambush, Caspian methodically brings both dynasties to their knees: Julian is crippled and disowned, Alaric faces severe imprisonment, Patriarch Vance is stripped of power before law enforcement, and Seraphina is left begging in tears on the pavement as she signs an unconditional divorce. Turning his back on past grievances and blocking Seraphina's desperate pleas, Caspian looks out over the glittering city skyline, fully prepared to build his own venture and carve out a path where he will never kneel to anyone again.\n\nMake Sure to like and share the video.\nSubscribe for more recap videos.\n#manhwa #manga #manhua #manhwarecap\n#Manhuarecap #mangarecap #manhwarecaps #mangarecaps #reborn #reincarnation #regression #harem #villain \ntag: manhwa recap, anime recap, anicap, the manhwa man, manhwa, webtoon, manhwa recaps, manhwa cap, webtoon recap, manga recaps, manga recap, manhwa capped, anime recaps,manhua""}, ""defaultAudioLanguage"": ""en""}, ""contentDetails"": {""duration"": ""PT1H21M50S"", ""dimension"": ""2d"", ""definition"": ""hd"", ""caption"": ""false"", ""licensedContent"": true, ""contentRating"": {}, ""projection"": ""rectangular""}, ""status"": {""uploadStatus"": ""processed"", ""privacyStatus"": ""public"", ""license"": ""youtube"", ""embeddable"": true, ""publicStatsViewable"": true, ""madeForKids"": false}, ""statistics"": {""viewCount"": ""12248"", ""likeCount"": ""330"", ""favoriteCount"": ""0"", ""commentCount"": ""21""}}",2026-10-01T06:14:17.701864+00:00,2026-10-01T06:14:17.701864+00:00,4910.0,1.526593771574074,26.943174395819725,1.7145656433703462,0,over_180_seconds
ioHg-Fa7-18,UChIHuKSI-djAtbWK9mvHSww,Jinwoo Recap,I Faked Being A Trash Househusband To Divorce My Wife - Jinwoo Recap,"Name: I Faked Being A Trash Househusband To Divorce My Wife

--Summary--
Caspian is a transmigrator who finds himself in the urban novel Dragon King's Beloved Wife. In the original plotline, his wife, CEO Seraphina Sterling, is a doomed villainess destined for imprisonment and death at the hands of the story's protagonist, the Dragon King Balthazar. To avoid sharing her grim fate, Caspian plays the role of a subservient, unmotivated househusband, eagerly counting down the moments until their pending divorce is finalized so he can retreat into wealth and safety. However, the dynamic shatters when Seraphina unexpectedly develops the ability to hear his inner voice. Beneath his docile outward facade lies an unfiltered stream of foresight, exposing business traps, the deceit of her childhood sweetheart Valerius, the hypocrisy of her own father and grandfather, and the existence of a secret illegitimate sister.   
Armed with Caspian's internal disclosures, Seraphina abruptly calls off the divorce and takes aggressive measures to purge the snakes in her circle. She also discovers that Caspian is far from an ambitious failure; he comes from a prestigious political lineage, owns a billion-dollar semiconductor enterprise, and is secretly pursued by her closest confidantes, including her best friend Elara and secretary Cleo. Ruthlessly baiting her patriarchs into an attempted murder plot, Seraphina sends them to prison, consolidates full control of the Sterling Group, and inherits their immense fortunes. Determined not to let Caspian slip away, she turns her fierce focus toward seducing him, even proposing an open alliance with her rivals to keep him bound to her side. The narrative leaves off on an open horizon, with Caspian's plans of escape thoroughly derailed as he becomes hopelessly entangled with his obsessive villainess wife, all while impending clashes with the Dragon King and the elite power struggles loom in the distance.   

Make Sure to like and share the video.
Subscribe for more recap videos.
#manhwa #manga #manhua #manhwarecap
#Manhuarecap #mangarecap #manhwarecaps #mangarecaps #reborn #reincarnation #regression #harem #villain 
tag: manhwa recap, anime recap, anicap, the manhwa man, manhwa, webtoon, manhwa recaps, manhwa cap, webtoon recap, manga recaps, manga recap, manhwa capped, anime recaps,manhua",2026-09-28T17:37:12Z,PT1H36M4S,14452,346,18,0,1,"[""manhwa recap"", ""anime recap"", ""anicap"", ""the manhwa man"", ""manhwa"", ""webtoon"", ""manhwa recaps"", ""manhwa cap"", ""webtoon recap"", ""manga recaps"", ""manga recap"", ""manhwa capped"", ""anime recaps"", ""manhua"", ""Wedding"", ""Finance""]",en-US,en,0,none,https://i.ytimg.com/vi/ioHg-Fa7-18/default.jpg,https://i.ytimg.com/vi/ioHg-Fa7-18/mqdefault.jpg,https://i.ytimg.com/vi/ioHg-Fa7-18/hqdefault.jpg,public,"{""kind"": ""youtube#video"", ""etag"": ""rO4EdUHH6r95Zeqk1XPWZ0FHCXw"", ""id"": ""ioHg-Fa7-18"", ""snippet"": {""publishedAt"": ""2026-09-28T17:37:12Z"", ""channelId"": ""UChIHuKSI-djAtbWK9mvHSww"", ""title"": ""I Faked Being A Trash Househusband To Divorce My Wife - Jinwoo Recap"", ""description"": ""Name: I Faked Being A Trash Househusband To Divorce My Wife\n\n--Summary--\nCaspian is a transmigrator who finds himself in the urban novel Dragon King's Beloved Wife. In the original plotline, his wife, CEO Seraphina Sterling, is a doomed villainess destined for imprisonment and death at the hands of the story's protagonist, the Dragon King Balthazar. To avoid sharing her grim fate, Caspian plays the role of a subservient, unmotivated househusband, eagerly counting down the moments until their pending divorce is finalized so he can retreat into wealth and safety. However, the dynamic shatters when Seraphina unexpectedly develops the ability to hear his inner voice. Beneath his docile outward facade lies an unfiltered stream of foresight, exposing business traps, the deceit of her childhood sweetheart Valerius, the hypocrisy of her own father and grandfather, and the existence of a secret illegitimate sister.   \nArmed with Caspian's internal disclosures, Seraphina abruptly calls off the divorce and takes aggressive measures to purge the snakes in her circle. She also discovers that Caspian is far from an ambitious failure; he comes from a prestigious political lineage, owns a billion-dollar semiconductor enterprise, and is secretly pursued by her closest confidantes, including her best friend Elara and secretary Cleo. Ruthlessly baiting her patriarchs into an attempted murder plot, Seraphina sends them to prison, consolidates full control of the Sterling Group, and inherits their immense fortunes. Determined not to let Caspian slip away, she turns her fierce focus toward seducing him, even proposing an open alliance with her rivals to keep him bound to her side. The narrative leaves off on an open horizon, with Caspian's plans of escape thoroughly derailed as he becomes hopelessly entangled with his obsessive villainess wife, all while impending clashes with the Dragon King and the elite power struggles loom in the distance.   \n\nMake Sure to like and share the video.\nSubscribe for more recap videos.\n#manhwa #manga #manhua #manhwarecap\n#Manhuarecap #mangarecap #manhwarecaps #mangarecaps #reborn #reincarnation #regression #harem #villain \ntag: manhwa recap, anime recap, anicap, the manhwa man, manhwa, webtoon, manhwa recaps, manhwa cap, webtoon recap, manga recaps, manga recap, manhwa capped, anime recaps,manhua"", ""thumbnails"": {""default"": {""url"": ""https://i.ytimg.com/vi/ioHg-Fa7-18/default.jpg"", ""width"": 120, ""height"": 90}, ""medium"": {""url"": ""https://i.ytimg.com/vi/ioHg-Fa7-18/mqdefault.jpg"", ""width"": 320, ""height"": 180}, ""high"": {""url"": ""https://i.ytimg.com/vi/ioHg-Fa7-18/hqdefault.jpg"", ""width"": 480, ""height"": 360}, ""standard"": {""url"": ""https://i.ytimg.com/vi/ioHg-Fa7-18/sddefault.jpg"", ""width"": 640, ""height"": 480}, ""maxres"": {""url"": ""https://i.ytimg.com/vi/ioHg-Fa7-18/maxresdefault.jpg"", ""width"": 1280, ""height"": 720}, ""fhd"": {""url"": ""https://i.ytimg.com/vi/ioHg-Fa7-18/fhddefault.jpg"", ""width"": 1920, ""height"": 1080}}, ""channelTitle"": ""Jinwoo Recap"", ""tags"": [""manhwa recap"", ""anime recap"", ""anicap"", ""the manhwa man"", ""manhwa"", ""webtoon"", ""manhwa recaps"", ""manhwa cap"", ""webtoon recap"", ""manga recaps"", ""manga recap"", ""manhwa capped"", ""anime recaps"", ""manhua"", ""Wedding"", ""Finance""], ""categoryId"": ""1"", ""liveBroadcastContent"": ""none"", ""defaultLanguage"": ""en-US"", ""localized"": {""title"": ""I Faked Being A Trash Househusband To Divorce My Wife - Jinwoo Recap"", ""description"": ""Name: I Faked Being A Trash Househusband To Divorce My Wife\n\n--Summary--\nCaspian is a transmigrator who finds himself in the urban novel Dragon King's Beloved Wife. In the original plotline, his wife, CEO Seraphina Sterling, is a doomed villainess destined for imprisonment and death at the hands of the story's protagonist, the Dragon King Balthazar. To avoid sharing her grim fate, Caspian plays the role of a subservient, unmotivated househusband, eagerly counting down the moments until their pending divorce is finalized so he can retreat into wealth and safety. However, the dynamic shatters when Seraphina unexpectedly develops the ability to hear his inner voice. Beneath his docile outward facade lies an unfiltered stream of foresight, exposing business traps, the deceit of her childhood sweetheart Valerius, the hypocrisy of her own father and grandfather, and the existence of a secret illegitimate sister.   \nArmed with Caspian's internal disclosures, Seraphina abruptly calls off the divorce and takes aggressive measures to purge the snakes in her circle. She also discovers that Caspian is far from an ambitious failure; he comes from a prestigious political lineage, owns a billion-dollar semiconductor enterprise, and is secretly pursued by her closest confidantes, including her best friend Elara and secretary Cleo. Ruthlessly baiting her patriarchs into an attempted murder plot, Seraphina sends them to prison, consolidates full control of the Sterling Group, and inherits their immense fortunes. Determined not to let Caspian slip away, she turns her fierce focus toward seducing him, even proposing an open alliance with her rivals to keep him bound to her side. The narrative leaves off on an open horizon, with Caspian's plans of escape thoroughly derailed as he becomes hopelessly entangled with his obsessive villainess wife, all while impending clashes with the Dragon King and the elite power struggles loom in the distance.   \n\nMake Sure to like and share the video.\nSubscribe for more recap videos.\n#manhwa #manga #manhua #manhwarecap\n#Manhuarecap #mangarecap #manhwarecaps #mangarecaps #reborn #reincarnation #regression #harem #villain \ntag: manhwa recap, anime recap, anicap, the manhwa man, manhwa, webtoon, manhwa recaps, manhwa cap, webtoon recap, manga recaps, manga recap, manhwa capped, anime recaps,manhua""}, ""defaultAudioLanguage"": ""en""}, ""contentDetails"": {""duration"": ""PT1H36M4S"", ""dimension"": ""2d"", ""definition"": ""hd"", ""caption"": ""false"", ""licensedContent"": true, ""contentRating"": {}, ""projection"": ""rectangular""}, ""status"": {""uploadStatus"": ""processed"", ""privacyStatus"": ""public"", ""license"": ""youtube"", ""embeddable"": true, ""publicStatsViewable"": true, ""madeForKids"": false}, ""statistics"": {""viewCount"": ""14452"", ""likeCount"": ""346"", ""favoriteCount"": ""0"", ""commentCount"": ""18""}}",2026-10-01T06:14:17.701864+00:00,2026-10-01T06:14:17.701864+00:00,5764.0,2.5257604382407406,23.94132300027678,1.2455023526155549,0,over_180_seconds
7FM2tlQ-pCk,UChIHuKSI-djAtbWK9mvHSww,Jinwoo Recap,"I Rejected Her Twice In School, Now She Bought My Company To Force Me To Date Her! - Jinwoo Recap","Name: I Rejected Her Twice In School, Now She Bought My Company To Force Me To Date Her!

--Summary--
Caspian, a content reviewer who prefers slacking off at work, is stunned when Elara—a girl he rejected in kindergarten and again in high school—arrives as his company's new, prodigy CEO. Far from seeking revenge, Elara remains deeply in love with him and uses every possible excuse to get close, from hanging around his desk and sharing memories to forcing him into an overtime shift. After concocting schemes to get him to give her a ride home on his electric bike, the two end up exploring a bustling night market, sharing playful bickering, food, and tender moments before getting caught in a sudden downpour. An accidental fall lands Caspian in a VIP hospital room with a minor scratch, but he sneaks out early, only to be ambushed by Elara the next day with home-cooked food, covert library dates, and a bold move that leaves his bike dismantled so he has to accept a ride from her. Reluctantly letting her stay over at his apartment under the guise of an emergency, Caspian endures her clingy antics, broken collectibles, and a bunny onesie bedtime. When a midnight thunderstorm terrifies Elara, Caspian drops his stubborn defenses to comfort her in his bed, waking up kicked onto the floor the next morning to the sight of the demanding yet affectionate young CEO asking him to put on her shoes, leaving their playful, evolving dynamic wide open to what will unfold next at work and in their lives.

Make Sure to like and share the video.
Subscribe for more recap videos.
#manhwa #manga #manhua #manhwarecap
#Manhuarecap #mangarecap #manhwarecaps #mangarecaps #reborn #reincarnation #regression #harem #villain 
tag: manhwa recap, anime recap, anicap, the manhwa man, manhwa, webtoon, manhwa recaps, manhwa cap, webtoon recap, manga recaps, manga recap, manhwa capped, anime recaps,manhua",2026-09-27T17:34:18Z,PT1H29M42S,26739,611,35,0,1,"[""manhwa recap"", ""anime recap"", ""anicap"", ""the manhwa man"", ""manhwa"", ""webtoon"", ""manhwa recaps"", ""manhwa cap"", ""webtoon recap"", ""manga recaps"", ""manga recap"", ""manhwa capped"", ""anime recaps"", ""manhua"", ""Wedding"", ""Finance""]",en-US,en,0,none,https://i.ytimg.com/vi/7FM2tlQ-pCk/default.jpg,https://i.ytimg.com/vi/7FM2tlQ-pCk/mqdefault.jpg,https://i.ytimg.com/vi/7FM2tlQ-pCk/hqdefault.jpg,public,"{""kind"": ""youtube#video"", ""etag"": ""Fwsm4Plhy7ES6QnfLrXOjVzf4s0"", ""id"": ""7FM2tlQ-pCk"", ""snippet"": {""publishedAt"": ""2026-09-27T17:34:18Z"", ""channelId"": ""UChIHuKSI-djAtbWK9mvHSww"", ""title"": ""I Rejected Her Twice In School, Now She Bought My Company To Force Me To Date Her! - Jinwoo Recap"", ""description"": ""Name: I Rejected Her Twice In School, Now She Bought My Company To Force Me To Date Her!\n\n--Summary--\nCaspian, a content reviewer who prefers slacking off at work, is stunned when Elara—a girl he rejected in kindergarten and again in high school—arrives as his company's new, prodigy CEO. Far from seeking revenge, Elara remains deeply in love with him and uses every possible excuse to get close, from hanging around his desk and sharing memories to forcing him into an overtime shift. After concocting schemes to get him to give her a ride home on his electric bike, the two end up exploring a bustling night market, sharing playful bickering, food, and tender moments before getting caught in a sudden downpour. An accidental fall lands Caspian in a VIP hospital room with a minor scratch, but he sneaks out early, only to be ambushed by Elara the next day with home-cooked food, covert library dates, and a bold move that leaves his bike dismantled so he has to accept a ride from her. Reluctantly letting her stay over at his apartment under the guise of an emergency, Caspian endures her clingy antics, broken collectibles, and a bunny onesie bedtime. When a midnight thunderstorm terrifies Elara, Caspian drops his stubborn defenses to comfort her in his bed, waking up kicked onto the floor the next morning to the sight of the demanding yet affectionate young CEO asking him to put on her shoes, leaving their playful, evolving dynamic wide open to what will unfold next at work and in their lives.\n\nMake Sure to like and share the video.\nSubscribe for more recap videos.\n#manhwa #manga #manhua #manhwarecap\n#Manhuarecap #mangarecap #manhwarecaps #mangarecaps #reborn #reincarnation #regression #harem #villain \ntag: manhwa recap, anime recap, anicap, the manhwa man, manhwa, webtoon, manhwa recaps, manhwa cap, webtoon recap, manga recaps, manga recap, manhwa capped, anime recaps,manhua"", ""thumbnails"": {""default"": {""url"": ""https://i.ytimg.com/vi/7FM2tlQ-pCk/default.jpg"", ""width"": 120, ""height"": 90}, ""medium"": {""url"": ""https://i.ytimg.com/vi/7FM2tlQ-pCk/mqdefault.jpg"", ""width"": 320, ""height"": 180}, ""high"": {""url"": ""https://i.ytimg.com/vi/7FM2tlQ-pCk/hqdefault.jpg"", ""width"": 480, ""height"": 360}, ""standard"": {""url"": ""https://i.ytimg.com/vi/7FM2tlQ-pCk/sddefault.jpg"", ""width"": 640, ""height"": 480}, ""maxres"": {""url"": ""https://i.ytimg.com/vi/7FM2tlQ-pCk/maxresdefault.jpg"", ""width"": 1280, ""height"": 720}, ""fhd"": {""url"": ""https://i.ytimg.com/vi/7FM2tlQ-pCk/fhddefault.jpg"", ""width"": 1920, ""height"": 1080}}, ""channelTitle"": ""Jinwoo Recap"", ""tags"": [""manhwa recap"", ""anime recap"", ""anicap"", ""the manhwa man"", ""manhwa"", ""webtoon"", ""manhwa recaps"", ""manhwa cap"", ""webtoon recap"", ""manga recaps"", ""manga recap"", ""manhwa capped"", ""anime recaps"", ""manhua"", ""Wedding"", ""Finance""], ""categoryId"": ""1"", ""liveBroadcastContent"": ""none"", ""defaultLanguage"": ""en-US"", ""localized"": {""title"": ""I Rejected Her Twice In School, Now She Bought My Company To Force Me To Date Her! - Jinwoo Recap"", ""description"": ""Name: I Rejected Her Twice In School, Now She Bought My Company To Force Me To Date Her!\n\n--Summary--\nCaspian, a content reviewer who prefers slacking off at work, is stunned when Elara—a girl he rejected in kindergarten and again in high school—arrives as his company's new, prodigy CEO. Far from seeking revenge, Elara remains deeply in love with him and uses every possible excuse to get close, from hanging around his desk and sharing memories to forcing him into an overtime shift. After concocting schemes to get him to give her a ride home on his electric bike, the two end up exploring a bustling night market, sharing playful bickering, food, and tender moments before getting caught in a sudden downpour. An accidental fall lands Caspian in a VIP hospital room with a minor scratch, but he sneaks out early, only to be ambushed by Elara the next day with home-cooked food, covert library dates, and a bold move that leaves his bike dismantled so he has to accept a ride from her. Reluctantly letting her stay over at his apartment under the guise of an emergency, Caspian endures her clingy antics, broken collectibles, and a bunny onesie bedtime. When a midnight thunderstorm terrifies Elara, Caspian drops his stubborn defenses to comfort her in his bed, waking up kicked onto the floor the next morning to the sight of the demanding yet affectionate young CEO asking him to put on her shoes, leaving their playful, evolving dynamic wide open to what will unfold next at work and in their lives.\n\nMake Sure to like and share the video.\nSubscribe for more recap videos.\n#manhwa #manga #manhua #manhwarecap\n#Manhuarecap #mangarecap #manhwarecaps #mangarecaps #reborn #reincarnation #regression #harem #villain \ntag: manhwa recap, anime recap, anicap, the manhwa man, manhwa, webtoon, manhwa recaps, manhwa cap, webtoon recap, manga recaps, manga recap, manhwa capped, anime recaps,manhua""}, ""defaultAudioLanguage"": ""en""}, ""contentDetails"": {""duration"": ""PT1H29M42S"", ""dimension"": ""2d"", ""definition"": ""hd"", ""caption"": ""false"", ""licensedContent"": true, ""contentRating"": {}, ""projection"": ""rectangular""}, ""status"": {""uploadStatus"": ""processed"", ""privacyStatus"": ""public"", ""license"": ""youtube"", ""embeddable"": true, ""publicStatsViewable"": true, ""madeForKids"": false}, ""statistics"": {""viewCount"": ""26739"", ""likeCount"": ""611"", ""favoriteCount"": ""0"", ""commentCount"": ""35""}}",2026-10-01T06:14:17.701864+00:00,2026-10-01T06:14:17.701864+00:00,5382.0,3.5277743271296296,22.850517970006358,1.3089494745502823,0,over_180_seconds
kiNWc1r-6Fg,UChIHuKSI-djAtbWK9mvHSww,Jinwoo Recap,"""Broke Nobody"" Is Teacher Cas! - Jinwoo Recap","Name: ""Broke Nobody"" Is Teacher Cas!

--Summary--
The story follows the four-year relationship between Caspian, a profoundly talented yet discreet music arranger living in a modest 40-square-meter studio, and Lyra, his college sweetheart who has risen to become a reigning pop diva. Despite her long-standing promise to reveal him to the world once famous, overwhelming pressure and manipulation from her manager, Vance, lead Lyra to treat Caspian like a stranger at her fan meet-and-greet, politely asking where he wants her signature. Deeply hurt by this denial, Caspian tears the signed photo in half and walks away. Overcome with regret, Lyra defies her agency and immediately posts a public confession exposing their relationship, igniting an internet firestorm.   
At first, netizens viciously mock Caspian as an unworthy moocher, but the narrative turns upside down when major industry figures, including top singer Rowan, and music analysts reveal his true stature. The public discovers that Caspian is actually the revered ""Teacher Cas""—the invisible mastermind whose foundational arrangements shaped Lyra's signature musical identity and earned her two Golden Melody Awards.   
After firing her manager and facing career retaliation from her label, Lyra visits Caspian's rundown apartment with her self-written song, Return, seeking forgiveness. Caspian stays up all night to refine and arrange the track for her. At the National Music Gala before 18,000 people, Lyra delivers a raw, tearful performance of the song and openly confesses her past cowardice and Caspian's immense sacrifices. Caspian steps onto the stage, fiercely silences the prying world, and takes her hand. The story concludes on an open, tender note: back in the quiet, dim studio where it all began, their fingers interlock as they sit side by side to tweak the music, ready to navigate the tumultuous industry together with rekindled devotion and mutual understanding.

Make Sure to like and share the video.
Subscribe for more recap videos.
#manhwa #manga #manhua #manhwarecap
#Manhuarecap #mangarecap #manhwarecaps #mangarecaps #reborn #reincarnation #regression #harem #villain 
tag: manhwa recap, anime recap, anicap, the manhwa man, manhwa, webtoon, manhwa recaps, manhwa cap, webtoon recap, manga recaps, manga recap, manhwa capped, anime recaps,manhua",2026-09-26T17:38:20Z,PT1H8M12S,12693,299,22,0,1,"[""manhwa recap"", ""anime recap"", ""anicap"", ""the manhwa man"", ""manhwa"", ""webtoon"", ""manhwa recaps"", ""manhwa cap"", ""webtoon recap"", ""manga recaps"", ""manga recap"", ""manhwa capped"", ""anime recaps"", ""manhua"", ""Wedding"", ""Finance""]",en-US,en,0,none,https://i.ytimg.com/vi/kiNWc1r-6Fg/default.jpg,https://i.ytimg.com/vi/kiNWc1r-6Fg/mqdefault.jpg,https://i.ytimg.com/vi/kiNWc1r-6Fg/hqdefault.jpg,public,"{""kind"": ""youtube#video"", ""etag"": ""wH2xAO6k7XB542AkY1sIo9pyxgo"", ""id"": ""kiNWc1r-6Fg"", ""snippet"": {""publishedAt"": ""2026-09-26T17:38:20Z"", ""channelId"": ""UChIHuKSI-djAtbWK9mvHSww"", ""title"": ""\""Broke Nobody\"" Is Teacher Cas! - Jinwoo Recap"", ""description"": ""Name: \""Broke Nobody\"" Is Teacher Cas!\n\n--Summary--\nThe story follows the four-year relationship between Caspian, a profoundly talented yet discreet music arranger living in a modest 40-square-meter studio, and Lyra, his college sweetheart who has risen to become a reigning pop diva. Despite her long-standing promise to reveal him to the world once famous, overwhelming pressure and manipulation from her manager, Vance, lead Lyra to treat Caspian like a stranger at her fan meet-and-greet, politely asking where he wants her signature. Deeply hurt by this denial, Caspian tears the signed photo in half and walks away. Overcome with regret, Lyra defies her agency and immediately posts a public confession exposing their relationship, igniting an internet firestorm.   \nAt first, netizens viciously mock Caspian as an unworthy moocher, but the narrative turns upside down when major industry figures, including top singer Rowan, and music analysts reveal his true stature. The public discovers that Caspian is actually the revered \""Teacher Cas\""—the invisible mastermind whose foundational arrangements shaped Lyra's signature musical identity and earned her two Golden Melody Awards.   \nAfter firing her manager and facing career retaliation from her label, Lyra visits Caspian's rundown apartment with her self-written song, Return, seeking forgiveness. Caspian stays up all night to refine and arrange the track for her. At the National Music Gala before 18,000 people, Lyra delivers a raw, tearful performance of the song and openly confesses her past cowardice and Caspian's immense sacrifices. Caspian steps onto the stage, fiercely silences the prying world, and takes her hand. The story concludes on an open, tender note: back in the quiet, dim studio where it all began, their fingers interlock as they sit side by side to tweak the music, ready to navigate the tumultuous industry together with rekindled devotion and mutual understanding.\n\nMake Sure to like and share the video.\nSubscribe for more recap videos.\n#manhwa #manga #manhua #manhwarecap\n#Manhuarecap #mangarecap #manhwarecaps #mangarecaps #reborn #reincarnation #regression #harem #villain \ntag: manhwa recap, anime recap, anicap, the manhwa man, manhwa, webtoon, manhwa recaps, manhwa cap, webtoon recap, manga recaps, manga recap, manhwa capped, anime recaps,manhua"", ""thumbnails"": {""default"": {""url"": ""https://i.ytimg.com/vi/kiNWc1r-6Fg/default.jpg"", ""width"": 120, ""height"": 90}, ""medium"": {""url"": ""https://i.ytimg.com/vi/kiNWc1r-6Fg/mqdefault.jpg"", ""width"": 320, ""height"": 180}, ""high"": {""url"": ""https://i.ytimg.com/vi/kiNWc1r-6Fg/hqdefault.jpg"", ""width"": 480, ""height"": 360}, ""standard"": {""url"": ""https://i.ytimg.com/vi/kiNWc1r-6Fg/sddefault.jpg"", ""width"": 640, ""height"": 480}, ""maxres"": {""url"": ""https://i.ytimg.com/vi/kiNWc1r-6Fg/maxresdefault.jpg"", ""width"": 1280, ""height"": 720}, ""fhd"": {""url"": ""https://i.ytimg.com/vi/kiNWc1r-6Fg/fhddefault.jpg"", ""width"": 1920, ""height"": 1080}}, ""channelTitle"": ""Jinwoo Recap"", ""tags"": [""manhwa recap"", ""anime recap"", ""anicap"", ""the manhwa man"", ""manhwa"", ""webtoon"", ""manhwa recaps"", ""manhwa cap"", ""webtoon recap"", ""manga recaps"", ""manga recap"", ""manhwa capped"", ""anime recaps"", ""manhua"", ""Wedding"", ""Finance""], ""categoryId"": ""1"", ""liveBroadcastContent"": ""none"", ""defaultLanguage"": ""en-US"", ""localized"": {""title"": ""\""Broke Nobody\"" Is Teacher Cas! - Jinwoo Recap"", ""description"": ""Name: \""Broke Nobody\"" Is Teacher Cas!\n\n--Summary--\nThe story follows the four-year relationship between Caspian, a profoundly talented yet discreet music arranger living in a modest 40-square-meter studio, and Lyra, his college sweetheart who has risen to become a reigning pop diva. Despite her long-standing promise to reveal him to the world once famous, overwhelming pressure and manipulation from her manager, Vance, lead Lyra to treat Caspian like a stranger at her fan meet-and-greet, politely asking where he wants her signature. Deeply hurt by this denial, Caspian tears the signed photo in half and walks away. Overcome with regret, Lyra defies her agency and immediately posts a public confession exposing their relationship, igniting an internet firestorm.   \nAt first, netizens viciously mock Caspian as an unworthy moocher, but the narrative turns upside down when major industry figures, including top singer Rowan, and music analysts reveal his true stature. The public discovers that Caspian is actually the revered \""Teacher Cas\""—the invisible mastermind whose foundational arrangements shaped Lyra's signature musical identity and earned her two Golden Melody Awards.   \nAfter firing her manager and facing career retaliation from her label, Lyra visits Caspian's rundown apartment with her self-written song, Return, seeking forgiveness. Caspian stays up all night to refine and arrange the track for her. At the National Music Gala before 18,000 people, Lyra delivers a raw, tearful performance of the song and openly confesses her past cowardice and Caspian's immense sacrifices. Caspian steps onto the stage, fiercely silences the prying world, and takes her hand. The story concludes on an open, tender note: back in the quiet, dim studio where it all began, their fingers interlock as they sit side by side to tweak the music, ready to navigate the tumultuous industry together with rekindled devotion and mutual understanding.\n\nMake Sure to like and share the video.\nSubscribe for more recap videos.\n#manhwa #manga #manhua #manhwarecap\n#Manhuarecap #mangarecap #manhwarecaps #mangarecaps #reborn #reincarnation #regression #harem #villain \ntag: manhwa recap, anime recap, anicap, the manhwa man, manhwa, webtoon, manhwa recaps, manhwa cap, webtoon recap, manga recaps, manga recap, manhwa capped, anime recaps,manhua""}, ""defaultAudioLanguage"": ""en""}, ""contentDetails"": {""duration"": ""PT1H8M12S"", ""dimension"": ""2d"", ""definition"": ""hd"", ""caption"": ""false"", ""licensedContent"": true, ""contentRating"": {}, ""projection"": ""rectangular""}, ""status"": {""uploadStatus"": ""processed"", ""privacyStatus"": ""public"", ""license"": ""youtube"", ""embeddable"": true, ""publicStatsViewable"": true, ""madeForKids"": false}, ""statistics"": {""viewCount"": ""12693"", ""likeCount"": ""299"", ""favoriteCount"": ""0"", ""commentCount"": ""22""}}",2026-10-01T06:14:17.701864+00:00,2026-10-01T06:14:17.701864+00:00,4092.0,4.524973401203704,23.556290868982902,1.7332387930355313,0,over_180_seconds
gCnlYvG4-5A,UChIHuKSI-djAtbWK9mvHSww,Jinwoo Recap,Raised A Villainess: She Went Mad! - Jinwoo Recap,"Name: Raised A Villainess: She Went Mad!

--Summary--
After dying in the real world, Caspian transmigrates into a novel tasked by a mysterious System with raising and protecting Seraphina, the story's young and impoverished future villainess. Over twelve years of heartfelt care, Caspian helps the neglected girl transform into a brilliant, capable businesswoman, becoming her gentlest anchor and melting away her inner bitterness. Unbeknownst to him, Seraphina is a reincarnator from a tragic past life where she was betrayed and driven to suicide during a fierce corporate battle against the aristocratic Yang family and her destined rival, Balthazar. Having found salvation in Caspian's love, she develops a profound, possessive attachment to him. However, prolonging his stay in her world costs Caspian his vitality, triggering rapid aging. Concealing the truth to spare her heartbreak, he quietly returns to their old hometown, ultimately taking his final breath in her arms while urging her to break free from despair and live as a free butterfly.   
Devastated by his death, Seraphina channels her grief into a relentless campaign to dismantle the elite families of Radiant Capital. This defiance disrupts the narrative's intended structure, unleashing bizarre phenomena that violently force Balthazar—who in this life simply wants to run his coffee shops—into becoming the unwilling leader of the families against Seraphina. Realizing they are both trapped by the absurd, coercive will of fate, Seraphina and Balthazar resolve to break the mold through an audacious leap off a cliff. This act of defiance shatters the narrative cage, dispelling the unnatural storms and restoring a vibrant, peaceful world—one that brings a newly reincarnated, youthful Caspian back into Seraphina's life. The tale concludes on a heartwarming, open-ended note, where past grudges fade into domestic warmth, leaving these redeemed souls free to navigate their shared future on their own terms. 

Make Sure to like and share the video.
Subscribe for more recap videos.
#manhwa #manga #manhua #manhwarecap
#Manhuarecap #mangarecap #manhwarecaps #mangarecaps #reborn #reincarnation #regression #harem #villain 
tag: manhwa recap, anime recap, anicap, the manhwa man, manhwa, webtoon, manhwa recaps, manhwa cap, webtoon recap, manga recaps, manga recap, manhwa capped, anime recaps,manhua",2026-09-25T17:37:30Z,PT1H18M,15848,351,18,0,1,"[""manhwa recap"", ""anime recap"", ""anicap"", ""the manhwa man"", ""manhwa"", ""webtoon"", ""manhwa recaps"", ""manhwa cap"", ""webtoon recap"", ""manga recaps"", ""manga recap"", ""manhwa capped"", ""anime recaps"", ""manhua"", ""Wedding"", ""Finance""]",en-US,en,0,none,https://i.ytimg.com/vi/gCnlYvG4-5A/default.jpg,https://i.ytimg.com/vi/gCnlYvG4-5A/mqdefault.jpg,https://i.ytimg.com/vi/gCnlYvG4-5A/hqdefault.jpg,public,"{""kind"": ""youtube#video"", ""etag"": ""zhTQ8fuKCDMd5UQG9rC0OrblHtk"", ""id"": ""gCnlYvG4-5A"", ""snippet"": {""publishedAt"": ""2026-09-25T17:37:30Z"", ""channelId"": ""UChIHuKSI-djAtbWK9mvHSww"", ""title"": ""Raised A Villainess: She Went Mad! - Jinwoo Recap"", ""description"": ""Name: Raised A Villainess: She Went Mad!\n\n--Summary--\nAfter dying in the real world, Caspian transmigrates into a novel tasked by a mysterious System with raising and protecting Seraphina, the story's young and impoverished future villainess. Over twelve years of heartfelt care, Caspian helps the neglected girl transform into a brilliant, capable businesswoman, becoming her gentlest anchor and melting away her inner bitterness. Unbeknownst to him, Seraphina is a reincarnator from a tragic past life where she was betrayed and driven to suicide during a fierce corporate battle against the aristocratic Yang family and her destined rival, Balthazar. Having found salvation in Caspian's love, she develops a profound, possessive attachment to him. However, prolonging his stay in her world costs Caspian his vitality, triggering rapid aging. Concealing the truth to spare her heartbreak, he quietly returns to their old hometown, ultimately taking his final breath in her arms while urging her to break free from despair and live as a free butterfly.   \nDevastated by his death, Seraphina channels her grief into a relentless campaign to dismantle the elite families of Radiant Capital. This defiance disrupts the narrative's intended structure, unleashing bizarre phenomena that violently force Balthazar—who in this life simply wants to run his coffee shops—into becoming the unwilling leader of the families against Seraphina. Realizing they are both trapped by the absurd, coercive will of fate, Seraphina and Balthazar resolve to break the mold through an audacious leap off a cliff. This act of defiance shatters the narrative cage, dispelling the unnatural storms and restoring a vibrant, peaceful world—one that brings a newly reincarnated, youthful Caspian back into Seraphina's life. The tale concludes on a heartwarming, open-ended note, where past grudges fade into domestic warmth, leaving these redeemed souls free to navigate their shared future on their own terms. \n\nMake Sure to like and share the video.\nSubscribe for more recap videos.\n#manhwa #manga #manhua #manhwarecap\n#Manhuarecap #mangarecap #manhwarecaps #mangarecaps #reborn #reincarnation #regression #harem #villain \ntag: manhwa recap, anime recap, anicap, the manhwa man, manhwa, webtoon, manhwa recaps, manhwa cap, webtoon recap, manga recaps, manga recap, manhwa capped, anime recaps,manhua"", ""thumbnails"": {""default"": {""url"": ""https://i.ytimg.com/vi/gCnlYvG4-5A/default.jpg"", ""width"": 120, ""height"": 90}, ""medium"": {""url"": ""https://i.ytimg.com/vi/gCnlYvG4-5A/mqdefault.jpg"", ""width"": 320, ""height"": 180}, ""high"": {""url"": ""https://i.ytimg.com/vi/gCnlYvG4-5A/hqdefault.jpg"", ""width"": 480, ""height"": 360}, ""standard"": {""url"": ""https://i.ytimg.com/vi/gCnlYvG4-5A/sddefault.jpg"", ""width"": 640, ""height"": 480}, ""maxres"": {""url"": ""https://i.ytimg.com/vi/gCnlYvG4-5A/maxresdefault.jpg"", ""width"": 1280, ""height"": 720}, ""fhd"": {""url"": ""https://i.ytimg.com/vi/gCnlYvG4-5A/fhddefault.jpg"", ""width"": 1920, ""height"": 1080}}, ""channelTitle"": ""Jinwoo Recap"", ""tags"": [""manhwa recap"", ""anime recap"", ""anicap"", ""the manhwa man"", ""manhwa"", ""webtoon"", ""manhwa recaps"", ""manhwa cap"", ""webtoon recap"", ""manga recaps"", ""manga recap"", ""manhwa capped"", ""anime recaps"", ""manhua"", ""Wedding"", ""Finance""], ""categoryId"": ""1"", ""liveBroadcastContent"": ""none"", ""defaultLanguage"": ""en-US"", ""localized"": {""title"": ""Raised A Villainess: She Went Mad! - Jinwoo Recap"", ""description"": ""Name: Raised A Villainess: She Went Mad!\n\n--Summary--\nAfter dying in the real world, Caspian transmigrates into a novel tasked by a mysterious System with raising and protecting Seraphina, the story's young and impoverished future villainess. Over twelve years of heartfelt care, Caspian helps the neglected girl transform into a brilliant, capable businesswoman, becoming her gentlest anchor and melting away her inner bitterness. Unbeknownst to him, Seraphina is a reincarnator from a tragic past life where she was betrayed and driven to suicide during a fierce corporate battle against the aristocratic Yang family and her destined rival, Balthazar. Having found salvation in Caspian's love, she develops a profound, possessive attachment to him. However, prolonging his stay in her world costs Caspian his vitality, triggering rapid aging. Concealing the truth to spare her heartbreak, he quietly returns to their old hometown, ultimately taking his final breath in her arms while urging her to break free from despair and live as a free butterfly.   \nDevastated by his death, Seraphina channels her grief into a relentless campaign to dismantle the elite families of Radiant Capital. This defiance disrupts the narrative's intended structure, unleashing bizarre phenomena that violently force Balthazar—who in this life simply wants to run his coffee shops—into becoming the unwilling leader of the families against Seraphina. Realizing they are both trapped by the absurd, coercive will of fate, Seraphina and Balthazar resolve to break the mold through an audacious leap off a cliff. This act of defiance shatters the narrative cage, dispelling the unnatural storms and restoring a vibrant, peaceful world—one that brings a newly reincarnated, youthful Caspian back into Seraphina's life. The tale concludes on a heartwarming, open-ended note, where past grudges fade into domestic warmth, leaving these redeemed souls free to navigate their shared future on their own terms. \n\nMake Sure to like and share the video.\nSubscribe for more recap videos.\n#manhwa #manga #manhua #manhwarecap\n#Manhuarecap #mangarecap #manhwarecaps #mangarecaps #reborn #reincarnation #regression #harem #villain \ntag: manhwa recap, anime recap, anicap, the manhwa man, manhwa, webtoon, manhwa recaps, manhwa cap, webtoon recap, manga recaps, manga recap, manhwa capped, anime recaps,manhua""}, ""defaultAudioLanguage"": ""en""}, ""contentDetails"": {""duration"": ""PT1H18M"", ""dimension"": ""2d"", ""definition"": ""hd"", ""caption"": ""false"", ""licensedContent"": true, ""contentRating"": {}, ""projection"": ""rectangular""}, ""status"": {""uploadStatus"": ""processed"", ""privacyStatus"": ""public"", ""license"": ""youtube"", ""embeddable"": true, ""publicStatsViewable"": true, ""madeForKids"": false}, ""statistics"": {""viewCount"": ""15848"", ""likeCount"": ""351"", ""favoriteCount"": ""0"", ""commentCount"": ""18""}}",2026-10-01T06:14:17.701864+00:00,2026-10-01T06:14:17.701864+00:00,4680.0,5.5255521049074074,22.147905098435135,1.1357900050479557,0,over_180_seconds
mHZowXumvNs,UChIHuKSI-djAtbWK9mvHSww,Jinwoo Recap,"A Billionaire Hired Me To Fake Being His Son, But His Daughters Fell In Love With Me! - Jinwoo Recap","Name: A Billionaire Hired Me To Fake Being His Son, But His Daughters Fell In Love With Me!

--Summary--
In a desperate bid to reconcile with his estranged daughters, billionaire Sterling Vanderbilt hires Kaelen, an impoverished orphan blessed with otherworldly good looks and emotional intelligence, to pose as their long-lost brother of eighteen years. Utilizing his gentle demeanor and masterclass playing of vulnerability, Kaelen effortlessly melts the defenses of the aloof chaebol heiresses and begins mending the dysfunctional family. The notoriously man-hating Seraphina drops her cold exterior, pampers him, and agrees to return home. Valeria, the chaotic celebrity sister, schemes to expose him through alcohol, only to be overwhelmed by guilt and intense affection when he innocently covers for her. Meanwhile, Aurelia, the powerhouse CEO eldest sister, poses as his girlfriend to ease his sick grandfather’s worries, has him crossdress to save a multi-million-dollar Hanfu livestream—turning him into an overnight viral sensation—and shockingly attempts to hand him control of the entire corporate conglomerate. Even Elara, the severely agoraphobic manga artist, conquers her social anxiety through him, taking him on couple-style dates under the guise of story research and secretly archiving their intimate moments. As Sterling looks on in mounting dread while his daughters' doting sisterly bonds subtly mutate into romantic, possessive infatuation, Kaelen navigates this lucrative yet high-stakes acting gig, leaving open the question of how long this counterfeit identity can survive the escalating web of chaotic affections.

Make Sure to like and share the video.
Subscribe for more recap videos.
#manhwa #manga #manhua #manhwarecap
#Manhuarecap #mangarecap #manhwarecaps #mangarecaps #reborn #reincarnation #regression #harem #villain 
tag: manhwa recap, anime recap, anicap, the manhwa man, manhwa, webtoon, manhwa recaps, manhwa cap, webtoon recap, manga recaps, manga recap, manhwa capped, anime recaps,manhua",2026-09-24T17:38:25Z,PT2H3M31S,30256,673,38,0,1,"[""manhwa recap"", ""anime recap"", ""anicap"", ""the manhwa man"", ""manhwa"", ""webtoon"", ""manhwa recaps"", ""manhwa cap"", ""webtoon recap"", ""manga recaps"", ""manga recap"", ""manhwa capped"", ""anime recaps"", ""manhua"", ""Wedding"", ""Finance""]",en-US,en,0,none,https://i.ytimg.com/vi/mHZowXumvNs/default.jpg,https://i.ytimg.com/vi/mHZowXumvNs/mqdefault.jpg,https://i.ytimg.com/vi/mHZowXumvNs/hqdefault.jpg,public,"{""kind"": ""youtube#video"", ""etag"": ""aLmyGgDkrzRAbjqqPVKcJ8ZzfQo"", ""id"": ""mHZowXumvNs"", ""snippet"": {""publishedAt"": ""2026-09-24T17:38:25Z"", ""channelId"": ""UChIHuKSI-djAtbWK9mvHSww"", ""title"": ""A Billionaire Hired Me To Fake Being His Son, But His Daughters Fell In Love With Me! - Jinwoo Recap"", ""description"": ""Name: A Billionaire Hired Me To Fake Being His Son, But His Daughters Fell In Love With Me!\n\n--Summary--\nIn a desperate bid to reconcile with his estranged daughters, billionaire Sterling Vanderbilt hires Kaelen, an impoverished orphan blessed with otherworldly good looks and emotional intelligence, to pose as their long-lost brother of eighteen years. Utilizing his gentle demeanor and masterclass playing of vulnerability, Kaelen effortlessly melts the defenses of the aloof chaebol heiresses and begins mending the dysfunctional family. The notoriously man-hating Seraphina drops her cold exterior, pampers him, and agrees to return home. Valeria, the chaotic celebrity sister, schemes to expose him through alcohol, only to be overwhelmed by guilt and intense affection when he innocently covers for her. Meanwhile, Aurelia, the powerhouse CEO eldest sister, poses as his girlfriend to ease his sick grandfather’s worries, has him crossdress to save a multi-million-dollar Hanfu livestream—turning him into an overnight viral sensation—and shockingly attempts to hand him control of the entire corporate conglomerate. Even Elara, the severely agoraphobic manga artist, conquers her social anxiety through him, taking him on couple-style dates under the guise of story research and secretly archiving their intimate moments. As Sterling looks on in mounting dread while his daughters' doting sisterly bonds subtly mutate into romantic, possessive infatuation, Kaelen navigates this lucrative yet high-stakes acting gig, leaving open the question of how long this counterfeit identity can survive the escalating web of chaotic affections.\n\nMake Sure to like and share the video.\nSubscribe for more recap videos.\n#manhwa #manga #manhua #manhwarecap\n#Manhuarecap #mangarecap #manhwarecaps #mangarecaps #reborn #reincarnation #regression #harem #villain \ntag: manhwa recap, anime recap, anicap, the manhwa man, manhwa, webtoon, manhwa recaps, manhwa cap, webtoon recap, manga recaps, manga recap, manhwa capped, anime recaps,manhua"", ""thumbnails"": {""default"": {""url"": ""https://i.ytimg.com/vi/mHZowXumvNs/default.jpg"", ""width"": 120, ""height"": 90}, ""medium"": {""url"": ""https://i.ytimg.com/vi/mHZowXumvNs/mqdefault.jpg"", ""width"": 320, ""height"": 180}, ""high"": {""url"": ""https://i.ytimg.com/vi/mHZowXumvNs/hqdefault.jpg"", ""width"": 480, ""height"": 360}, ""standard"": {""url"": ""https://i.ytimg.com/vi/mHZowXumvNs/sddefault.jpg"", ""width"": 640, ""height"": 480}, ""maxres"": {""url"": ""https://i.ytimg.com/vi/mHZowXumvNs/maxresdefault.jpg"", ""width"": 1280, ""height"": 720}, ""fhd"": {""url"": ""https://i.ytimg.com/vi/mHZowXumvNs/fhddefault.jpg"", ""width"": 1920, ""height"": 1080}}, ""channelTitle"": ""Jinwoo Recap"", ""tags"": [""manhwa recap"", ""anime recap"", ""anicap"", ""the manhwa man"", ""manhwa"", ""webtoon"", ""manhwa recaps"", ""manhwa cap"", ""webtoon recap"", ""manga recaps"", ""manga recap"", ""manhwa capped"", ""anime recaps"", ""manhua"", ""Wedding"", ""Finance""], ""categoryId"": ""1"", ""liveBroadcastContent"": ""none"", ""defaultLanguage"": ""en-US"", ""localized"": {""title"": ""A Billionaire Hired Me To Fake Being His Son, But His Daughters Fell In Love With Me! - Jinwoo Recap"", ""description"": ""Name: A Billionaire Hired Me To Fake Being His Son, But His Daughters Fell In Love With Me!\n\n--Summary--\nIn a desperate bid to reconcile with his estranged daughters, billionaire Sterling Vanderbilt hires Kaelen, an impoverished orphan blessed with otherworldly good looks and emotional intelligence, to pose as their long-lost brother of eighteen years. Utilizing his gentle demeanor and masterclass playing of vulnerability, Kaelen effortlessly melts the defenses of the aloof chaebol heiresses and begins mending the dysfunctional family. The notoriously man-hating Seraphina drops her cold exterior, pampers him, and agrees to return home. Valeria, the chaotic celebrity sister, schemes to expose him through alcohol, only to be overwhelmed by guilt and intense affection when he innocently covers for her. Meanwhile, Aurelia, the powerhouse CEO eldest sister, poses as his girlfriend to ease his sick grandfather’s worries, has him crossdress to save a multi-million-dollar Hanfu livestream—turning him into an overnight viral sensation—and shockingly attempts to hand him control of the entire corporate conglomerate. Even Elara, the severely agoraphobic manga artist, conquers her social anxiety through him, taking him on couple-style dates under the guise of story research and secretly archiving their intimate moments. As Sterling looks on in mounting dread while his daughters' doting sisterly bonds subtly mutate into romantic, possessive infatuation, Kaelen navigates this lucrative yet high-stakes acting gig, leaving open the question of how long this counterfeit identity can survive the escalating web of chaotic affections.\n\nMake Sure to like and share the video.\nSubscribe for more recap videos.\n#manhwa #manga #manhua #manhwarecap\n#Manhuarecap #mangarecap #manhwarecaps #mangarecaps #reborn #reincarnation #regression #harem #villain \ntag: manhwa recap, anime recap, anicap, the manhwa man, manhwa, webtoon, manhwa recaps, manhwa cap, webtoon recap, manga recaps, manga recap, manhwa capped, anime recaps,manhua""}, ""defaultAudioLanguage"": ""en""}, ""contentDetails"": {""duration"": ""PT2H3M31S"", ""dimension"": ""2d"", ""definition"": ""hd"", ""caption"": ""false"", ""licensedContent"": true, ""contentRating"": {}, ""projection"": ""rectangular""}, ""status"": {""uploadStatus"": ""processed"", ""privacyStatus"": ""public"", ""license"": ""youtube"", ""embeddable"": true, ""publicStatsViewable"": true, ""madeForKids"": false}, ""statistics"": {""viewCount"": ""30256"", ""likeCount"": ""673"", ""favoriteCount"": ""0"", ""commentCount"": ""38""}}",2026-10-01T06:14:17.701864+00:00,2026-10-01T06:14:17.701864+00:00,7411.0,6.524915530833333,22.243521946060287,1.2559492332099418,0,over_180_seconds
G7dKVCViwOc,UChIHuKSI-djAtbWK9mvHSww,Jinwoo Recap,I Rejected A Billionaire's Proposal - Jinwoo Recap,"Name: I Rejected A Billionaire's Proposal

--Summary--
The story follows Thorne, an attorney struggling with early-onset Alzheimer's disease while mourning the supposed death of his long-time girlfriend, Valeria. While in Kingsport, he encounters the formidable Valeria Vance, a high-society tycoon who bears the exact same name, features, and identifying mole as his lost love. Despite stern warnings from his friend Elowen about the insurmountable class divide, Thorne discovers that the Vance family had previously faked Valeria's death via a staged car accident to force her back into her aristocratic obligations and a transactional engagement with Caspian Sterling. Devastated, Thorne flees abroad to New York, particularly after Elowen tragically dies in a winter incident. As his neurological condition progressively wipes out his past, Valeria suddenly arrives in New York, having formally abandoned her conglomerate and family prestige to live as an ordinary lawyer by Thorne's side. The reunion rekindles Thorne's lost memories through unsent messages, but reality soon catches up when Valeria’s mother intervenes with ruthless ultimata. Aware that resisting her family's immense power will eventually destroy them both, Thorne heartbreakingly rejects Valeria's surprise marriage proposal during a fireworks display at Disneyland. Valeria returns to Kingsport, where her planned marriage falls apart after Caspian takes his own life to reunite in death with Elowen. Months later, Thorne is left to raise their daughter, Aveline, while fighting his slipping cognitive faculties. Nine years after their parting, Valeria secretly watches them on the street, leaving a familiar pair of plush keychains with their child. As Thorne spots the keepsake and looks back into the bustling crowd, she has already vanished, leaving their enduring yet fragmented bond forever open to the echoes of what could have been.

Make Sure to like and share the video.
Subscribe for more recap videos.
#manhwa #manga #manhua #manhwarecap
#Manhuarecap #mangarecap #manhwarecaps #mangarecaps #reborn #reincarnation #regression #harem #villain 
tag: manhwa recap, anime recap, anicap, the manhwa man, manhwa, webtoon, manhwa recaps, manhwa cap, webtoon recap, manga recaps, manga recap, manhwa capped, anime recaps,manhua",2026-09-23T17:38:34Z,PT2H25M24S,12810,276,28,0,1,"[""manhwa recap"", ""anime recap"", ""anicap"", ""the manhwa man"", ""manhwa"", ""webtoon"", ""manhwa recaps"", ""manhwa cap"", ""webtoon recap"", ""manga recaps"", ""manga recap"", ""manhwa capped"", ""anime recaps"", ""manhua"", ""Wedding"", ""Finance""]",en-US,en,0,none,https://i.ytimg.com/vi/G7dKVCViwOc/default.jpg,https://i.ytimg.com/vi/G7dKVCViwOc/mqdefault.jpg,https://i.ytimg.com/vi/G7dKVCViwOc/hqdefault.jpg,public,"{""kind"": ""youtube#video"", ""etag"": ""d8ReEnLTPBlqx37j0bwU2j_f1Nk"", ""id"": ""G7dKVCViwOc"", ""snippet"": {""publishedAt"": ""2026-09-23T17:38:34Z"", ""channelId"": ""UChIHuKSI-djAtbWK9mvHSww"", ""title"": ""I Rejected A Billionaire's Proposal - Jinwoo Recap"", ""description"": ""Name: I Rejected A Billionaire's Proposal\n\n--Summary--\nThe story follows Thorne, an attorney struggling with early-onset Alzheimer's disease while mourning the supposed death of his long-time girlfriend, Valeria. While in Kingsport, he encounters the formidable Valeria Vance, a high-society tycoon who bears the exact same name, features, and identifying mole as his lost love. Despite stern warnings from his friend Elowen about the insurmountable class divide, Thorne discovers that the Vance family had previously faked Valeria's death via a staged car accident to force her back into her aristocratic obligations and a transactional engagement with Caspian Sterling. Devastated, Thorne flees abroad to New York, particularly after Elowen tragically dies in a winter incident. As his neurological condition progressively wipes out his past, Valeria suddenly arrives in New York, having formally abandoned her conglomerate and family prestige to live as an ordinary lawyer by Thorne's side. The reunion rekindles Thorne's lost memories through unsent messages, but reality soon catches up when Valeria’s mother intervenes with ruthless ultimata. Aware that resisting her family's immense power will eventually destroy them both, Thorne heartbreakingly rejects Valeria's surprise marriage proposal during a fireworks display at Disneyland. Valeria returns to Kingsport, where her planned marriage falls apart after Caspian takes his own life to reunite in death with Elowen. Months later, Thorne is left to raise their daughter, Aveline, while fighting his slipping cognitive faculties. Nine years after their parting, Valeria secretly watches them on the street, leaving a familiar pair of plush keychains with their child. As Thorne spots the keepsake and looks back into the bustling crowd, she has already vanished, leaving their enduring yet fragmented bond forever open to the echoes of what could have been.\n\nMake Sure to like and share the video.\nSubscribe for more recap videos.\n#manhwa #manga #manhua #manhwarecap\n#Manhuarecap #mangarecap #manhwarecaps #mangarecaps #reborn #reincarnation #regression #harem #villain \ntag: manhwa recap, anime recap, anicap, the manhwa man, manhwa, webtoon, manhwa recaps, manhwa cap, webtoon recap, manga recaps, manga recap, manhwa capped, anime recaps,manhua"", ""thumbnails"": {""default"": {""url"": ""https://i.ytimg.com/vi/G7dKVCViwOc/default.jpg"", ""width"": 120, ""height"": 90}, ""medium"": {""url"": ""https://i.ytimg.com/vi/G7dKVCViwOc/mqdefault.jpg"", ""width"": 320, ""height"": 180}, ""high"": {""url"": ""https://i.ytimg.com/vi/G7dKVCViwOc/hqdefault.jpg"", ""width"": 480, ""height"": 360}, ""standard"": {""url"": ""https://i.ytimg.com/vi/G7dKVCViwOc/sddefault.jpg"", ""width"": 640, ""height"": 480}, ""maxres"": {""url"": ""https://i.ytimg.com/vi/G7dKVCViwOc/maxresdefault.jpg"", ""width"": 1280, ""height"": 720}, ""fhd"": {""url"": ""https://i.ytimg.com/vi/G7dKVCViwOc/fhddefault.jpg"", ""width"": 1920, ""height"": 1080}}, ""channelTitle"": ""Jinwoo Recap"", ""tags"": [""manhwa recap"", ""anime recap"", ""anicap"", ""the manhwa man"", ""manhwa"", ""webtoon"", ""manhwa recaps"", ""manhwa cap"", ""webtoon recap"", ""manga recaps"", ""manga recap"", ""manhwa capped"", ""anime recaps"", ""manhua"", ""Wedding"", ""Finance""], ""categoryId"": ""1"", ""liveBroadcastContent"": ""none"", ""defaultLanguage"": ""en-US"", ""localized"": {""title"": ""I Rejected A Billionaire's Proposal - Jinwoo Recap"", ""description"": ""Name: I Rejected A Billionaire's Proposal\n\n--Summary--\nThe story follows Thorne, an attorney struggling with early-onset Alzheimer's disease while mourning the supposed death of his long-time girlfriend, Valeria. While in Kingsport, he encounters the formidable Valeria Vance, a high-society tycoon who bears the exact same name, features, and identifying mole as his lost love. Despite stern warnings from his friend Elowen about the insurmountable class divide, Thorne discovers that the Vance family had previously faked Valeria's death via a staged car accident to force her back into her aristocratic obligations and a transactional engagement with Caspian Sterling. Devastated, Thorne flees abroad to New York, particularly after Elowen tragically dies in a winter incident. As his neurological condition progressively wipes out his past, Valeria suddenly arrives in New York, having formally abandoned her conglomerate and family prestige to live as an ordinary lawyer by Thorne's side. The reunion rekindles Thorne's lost memories through unsent messages, but reality soon catches up when Valeria’s mother intervenes with ruthless ultimata. Aware that resisting her family's immense power will eventually destroy them both, Thorne heartbreakingly rejects Valeria's surprise marriage proposal during a fireworks display at Disneyland. Valeria returns to Kingsport, where her planned marriage falls apart after Caspian takes his own life to reunite in death with Elowen. Months later, Thorne is left to raise their daughter, Aveline, while fighting his slipping cognitive faculties. Nine years after their parting, Valeria secretly watches them on the street, leaving a familiar pair of plush keychains with their child. As Thorne spots the keepsake and looks back into the bustling crowd, she has already vanished, leaving their enduring yet fragmented bond forever open to the echoes of what could have been.\n\nMake Sure to like and share the video.\nSubscribe for more recap videos.\n#manhwa #manga #manhua #manhwarecap\n#Manhuarecap #mangarecap #manhwarecaps #mangarecaps #reborn #reincarnation #regression #harem #villain \ntag: manhwa recap, anime recap, anicap, the manhwa man, manhwa, webtoon, manhwa recaps, manhwa cap, webtoon recap, manga recaps, manga recap, manhwa capped, anime recaps,manhua""}, ""defaultAudioLanguage"": ""en""}, ""contentDetails"": {""duration"": ""PT2H25M24S"", ""dimension"": ""2d"", ""definition"": ""hd"", ""caption"": ""false"", ""licensedContent"": true, ""contentRating"": {}, ""projection"": ""rectangular""}, ""status"": {""uploadStatus"": ""processed"", ""privacyStatus"": ""public"", ""license"": ""youtube"", ""embeddable"": true, ""publicStatsViewable"": true, ""madeForKids"": false}, ""statistics"": {""viewCount"": ""12810"", ""likeCount"": ""276"", ""favoriteCount"": ""0"", ""commentCount"": ""28""}}",2026-10-01T06:14:17.701864+00:00,2026-10-01T06:14:17.701864+00:00,8724.0,7.524811364166666,21.54566744730679,2.185792349726776,0,over_180_seconds
cv8G5y6XfDw,UChIHuKSI-djAtbWK9mvHSww,Jinwoo Recap,"My Dad Married A Billionaire, And Her CEO Daughter Was My Secret Online Rival! - Jinwoo Recap","Name: My Dad Married A Billionaire, And Her CEO Daughter Was My Secret Online Rival!

--Summary--
The story follows Callum, a fresh college graduate whose ordinary life is turned upside down when his father suddenly marries a wealthy businesswoman named Genevieve, turning him into a rich heir overnight. Genevieve’s daughter, Seraphina, is the stunning and icy CEO of Apex Corp. To Callum's shock, Seraphina is none other than ""CloudSeraph,"" an online sparring partner with whom he exchanged witty jabs for nearly three years over his web novels, and who has secretly harbored deep feelings for him. Moving under the same roof as stepsiblings, Seraphina brings Callum into her company and relentlessly teases and flirts with him while trying to break through his aloof, cautious defenses. Through a whirlwind of comedic and dramatic events—including meddling parents, an estranged and scheming biological father, an undercover mission at a love hotel to bust a corporate traitor, and a bizarre survival test involving pet bears set up by Seraphina's formidable grandfather—Callum eventually overcomes his insecurities about status and confesses his love. Their relationship blossoms into an affectionate, domestic dynamic with the silent blessing of their parents. However, the narrative ends on an open, humorous cliffhanger: when Callum confidently submits his graduation thesis—secretly rewritten by his brilliant girlfriend—his notoriously strict professor immediately sees through the ruse and demands to know if his star pupil, Seraphina, was the real author, leaving Callum's academic fate delightfully uncertain.

Make Sure to like and share the video.
Subscribe for more recap videos.
#manhwa #manga #manhua #manhwarecap
#Manhuarecap #mangarecap #manhwarecaps #mangarecaps #reborn #reincarnation #regression #harem #villain 
tag: manhwa recap, anime recap, anicap, the manhwa man, manhwa, webtoon, manhwa recaps, manhwa cap, webtoon recap, manga recaps, manga recap, manhwa capped, anime recaps,manhua",2026-09-22T17:37:02Z,PT3H9M32S,23225,352,18,0,1,"[""manhwa recap"", ""anime recap"", ""anicap"", ""the manhwa man"", ""manhwa"", ""webtoon"", ""manhwa recaps"", ""manhwa cap"", ""webtoon recap"", ""manga recaps"", ""manga recap"", ""manhwa capped"", ""anime recaps"", ""manhua"", ""Wedding"", ""Finance""]",en-US,en,0,none,https://i.ytimg.com/vi/cv8G5y6XfDw/default.jpg,https://i.ytimg.com/vi/cv8G5y6XfDw/mqdefault.jpg,https://i.ytimg.com/vi/cv8G5y6XfDw/hqdefault.jpg,public,"{""kind"": ""youtube#video"", ""etag"": ""q9ickdUWBcAZp-j7S_bQbTI0YgA"", ""id"": ""cv8G5y6XfDw"", ""snippet"": {""publishedAt"": ""2026-09-22T17:37:02Z"", ""channelId"": ""UChIHuKSI-djAtbWK9mvHSww"", ""title"": ""My Dad Married A Billionaire, And Her CEO Daughter Was My Secret Online Rival! - Jinwoo Recap"", ""description"": ""Name: My Dad Married A Billionaire, And Her CEO Daughter Was My Secret Online Rival!\n\n--Summary--\nThe story follows Callum, a fresh college graduate whose ordinary life is turned upside down when his father suddenly marries a wealthy businesswoman named Genevieve, turning him into a rich heir overnight. Genevieve’s daughter, Seraphina, is the stunning and icy CEO of Apex Corp. To Callum's shock, Seraphina is none other than \""CloudSeraph,\"" an online sparring partner with whom he exchanged witty jabs for nearly three years over his web novels, and who has secretly harbored deep feelings for him. Moving under the same roof as stepsiblings, Seraphina brings Callum into her company and relentlessly teases and flirts with him while trying to break through his aloof, cautious defenses. Through a whirlwind of comedic and dramatic events—including meddling parents, an estranged and scheming biological father, an undercover mission at a love hotel to bust a corporate traitor, and a bizarre survival test involving pet bears set up by Seraphina's formidable grandfather—Callum eventually overcomes his insecurities about status and confesses his love. Their relationship blossoms into an affectionate, domestic dynamic with the silent blessing of their parents. However, the narrative ends on an open, humorous cliffhanger: when Callum confidently submits his graduation thesis—secretly rewritten by his brilliant girlfriend—his notoriously strict professor immediately sees through the ruse and demands to know if his star pupil, Seraphina, was the real author, leaving Callum's academic fate delightfully uncertain.\n\nMake Sure to like and share the video.\nSubscribe for more recap videos.\n#manhwa #manga #manhua #manhwarecap\n#Manhuarecap #mangarecap #manhwarecaps #mangarecaps #reborn #reincarnation #regression #harem #villain \ntag: manhwa recap, anime recap, anicap, the manhwa man, manhwa, webtoon, manhwa recaps, manhwa cap, webtoon recap, manga recaps, manga recap, manhwa capped, anime recaps,manhua"", ""thumbnails"": {""default"": {""url"": ""https://i.ytimg.com/vi/cv8G5y6XfDw/default.jpg"", ""width"": 120, ""height"": 90}, ""medium"": {""url"": ""https://i.ytimg.com/vi/cv8G5y6XfDw/mqdefault.jpg"", ""width"": 320, ""height"": 180}, ""high"": {""url"": ""https://i.ytimg.com/vi/cv8G5y6XfDw/hqdefault.jpg"", ""width"": 480, ""height"": 360}, ""standard"": {""url"": ""https://i.ytimg.com/vi/cv8G5y6XfDw/sddefault.jpg"", ""width"": 640, ""height"": 480}, ""maxres"": {""url"": ""https://i.ytimg.com/vi/cv8G5y6XfDw/maxresdefault.jpg"", ""width"": 1280, ""height"": 720}, ""fhd"": {""url"": ""https://i.ytimg.com/vi/cv8G5y6XfDw/fhddefault.jpg"", ""width"": 1920, ""height"": 1080}}, ""channelTitle"": ""Jinwoo Recap"", ""tags"": [""manhwa recap"", ""anime recap"", ""anicap"", ""the manhwa man"", ""manhwa"", ""webtoon"", ""manhwa recaps"", ""manhwa cap"", ""webtoon recap"", ""manga recaps"", ""manga recap"", ""manhwa capped"", ""anime recaps"", ""manhua"", ""Wedding"", ""Finance""], ""categoryId"": ""1"", ""liveBroadcastContent"": ""none"", ""defaultLanguage"": ""en-US"", ""localized"": {""title"": ""My Dad Married A Billionaire, And Her CEO Daughter Was My Secret Online Rival! - Jinwoo Recap"", ""description"": ""Name: My Dad Married A Billionaire, And Her CEO Daughter Was My Secret Online Rival!\n\n--Summary--\nThe story follows Callum, a fresh college graduate whose ordinary life is turned upside down when his father suddenly marries a wealthy businesswoman named Genevieve, turning him into a rich heir overnight. Genevieve’s daughter, Seraphina, is the stunning and icy CEO of Apex Corp. To Callum's shock, Seraphina is none other than \""CloudSeraph,\"" an online sparring partner with whom he exchanged witty jabs for nearly three years over his web novels, and who has secretly harbored deep feelings for him. Moving under the same roof as stepsiblings, Seraphina brings Callum into her company and relentlessly teases and flirts with him while trying to break through his aloof, cautious defenses. Through a whirlwind of comedic and dramatic events—including meddling parents, an estranged and scheming biological father, an undercover mission at a love hotel to bust a corporate traitor, and a bizarre survival test involving pet bears set up by Seraphina's formidable grandfather—Callum eventually overcomes his insecurities about status and confesses his love. Their relationship blossoms into an affectionate, domestic dynamic with the silent blessing of their parents. However, the narrative ends on an open, humorous cliffhanger: when Callum confidently submits his graduation thesis—secretly rewritten by his brilliant girlfriend—his notoriously strict professor immediately sees through the ruse and demands to know if his star pupil, Seraphina, was the real author, leaving Callum's academic fate delightfully uncertain.\n\nMake Sure to like and share the video.\nSubscribe for more recap videos.\n#manhwa #manga #manhua #manhwarecap\n#Manhuarecap #mangarecap #manhwarecaps #mangarecaps #reborn #reincarnation #regression #harem #villain \ntag: manhwa recap, anime recap, anicap, the manhwa man, manhwa, webtoon, manhwa recaps, manhwa cap, webtoon recap, manga recaps, manga recap, manhwa capped, anime recaps,manhua""}, ""defaultAudioLanguage"": ""en""}, ""contentDetails"": {""duration"": ""PT3H9M32S"", ""dimension"": ""2d"", ""definition"": ""hd"", ""caption"": ""false"", ""licensedContent"": true, ""contentRating"": {}, ""projection"": ""rectangular""}, ""status"": {""uploadStatus"": ""processed"", ""privacyStatus"": ""public"", ""license"": ""youtube"", ""embeddable"": true, ""publicStatsViewable"": true, ""madeForKids"": false}, ""statistics"": {""viewCount"": ""23225"", ""likeCount"": ""352"", ""favoriteCount"": ""0"", ""commentCount"": ""18""}}",2026-10-01T06:14:17.701864+00:00,2026-10-01T06:14:17.701864+00:00,11372.0,8.52587617898148,15.156081808396126,0.77502691065662,0,over_180_seconds
0mlUQlBMMQY,UChIHuKSI-djAtbWK9mvHSww,Jinwoo Recap,My Runaway Billionaire Bride Escaped To A Remote Town - Jinwoo Recap,"Name: My Runaway Billionaire Bride Escaped To A Remote Town

--Summary--
The story revolves around Crispin Vance, an architect perceived as a docile corporate drone, and Seraphina Sterling, a billionaire heiress trying to break free from her tyrannical father Archibald's arranged marriage. At their lavish wedding, Seraphina runs away, unaware that Crispin had anticipated her flight and secretly rejoices. He immediately cashes out a multi-million-dollar mansion registered in his name and slips away to start over. While Seraphina takes on a fake identity as ""Penny"" and works in a quiet café in the remote mountain town of Whispering Pines, Crispin tracks her down under the alias ""Felix"". Acting as strangers, the two engage in a playful yet tense dynamic of shared secrets, plumbing emergencies, and an accidental town cooking championship, gradually peeling back each other’s defenses.   
Their rustic hideaway collapses when Archibald corners them with private investigators, a lawsuit, and a staged mistress scheme in an attempt to drag Seraphina into a forced corporate alliance with the Thorne family. Crispin retaliates with a multi-layered trap, deploying evidence of Archibald’s massive financial fraud with the discreet cooperation of Seraphina's mother and his friend Barnaby. As Archibald’s empire implodes within 72 hours, Crispin reveals his true backstory: his father had been ruined by Archibald decades prior, yet Crispin’s pursuit of Seraphina transformed from vengeance into genuine love dating back to a university encounter. Escaping back to Metroburg, the two finally reunite on their own terms at a joyful, intimate wedding before building a peaceful family life in Singapore, leaving behind their past web of family manipulation and corporate schemes. 

Make Sure to like and share the video.
Subscribe for more recap videos.
#manhwa #manga #manhua #manhwarecap
#Manhuarecap #mangarecap #manhwarecaps #mangarecaps #reborn #reincarnation #regression #harem #villain 
tag: manhwa recap, anime recap, anicap, the manhwa man, manhwa, webtoon, manhwa recaps, manhwa cap, webtoon recap, manga recaps, manga recap, manhwa capped, anime recaps,manhua",2026-09-21T17:35:23Z,PT2H4M57S,12397,234,12,0,1,"[""manhwa recap"", ""anime recap"", ""anicap"", ""the manhwa man"", ""manhwa"", ""webtoon"", ""manhwa recaps"", ""manhwa cap"", ""webtoon recap"", ""manga recaps"", ""manga recap"", ""manhwa capped"", ""anime recaps"", ""manhua"", ""Wedding"", ""Finance""]",en-US,en,0,none,https://i.ytimg.com/vi/0mlUQlBMMQY/default.jpg,https://i.ytimg.com/vi/0mlUQlBMMQY/mqdefault.jpg,https://i.ytimg.com/vi/0mlUQlBMMQY/hqdefault.jpg,public,"{""kind"": ""youtube#video"", ""etag"": ""2hKIHjc_0gMMl-2WagGu9WUWNRE"", ""id"": ""0mlUQlBMMQY"", ""snippet"": {""publishedAt"": ""2026-09-21T17:35:23Z"", ""channelId"": ""UChIHuKSI-djAtbWK9mvHSww"", ""title"": ""My Runaway Billionaire Bride Escaped To A Remote Town - Jinwoo Recap"", ""description"": ""Name: My Runaway Billionaire Bride Escaped To A Remote Town\n\n--Summary--\nThe story revolves around Crispin Vance, an architect perceived as a docile corporate drone, and Seraphina Sterling, a billionaire heiress trying to break free from her tyrannical father Archibald's arranged marriage. At their lavish wedding, Seraphina runs away, unaware that Crispin had anticipated her flight and secretly rejoices. He immediately cashes out a multi-million-dollar mansion registered in his name and slips away to start over. While Seraphina takes on a fake identity as \""Penny\"" and works in a quiet café in the remote mountain town of Whispering Pines, Crispin tracks her down under the alias \""Felix\"". Acting as strangers, the two engage in a playful yet tense dynamic of shared secrets, plumbing emergencies, and an accidental town cooking championship, gradually peeling back each other’s defenses.   \nTheir rustic hideaway collapses when Archibald corners them with private investigators, a lawsuit, and a staged mistress scheme in an attempt to drag Seraphina into a forced corporate alliance with the Thorne family. Crispin retaliates with a multi-layered trap, deploying evidence of Archibald’s massive financial fraud with the discreet cooperation of Seraphina's mother and his friend Barnaby. As Archibald’s empire implodes within 72 hours, Crispin reveals his true backstory: his father had been ruined by Archibald decades prior, yet Crispin’s pursuit of Seraphina transformed from vengeance into genuine love dating back to a university encounter. Escaping back to Metroburg, the two finally reunite on their own terms at a joyful, intimate wedding before building a peaceful family life in Singapore, leaving behind their past web of family manipulation and corporate schemes. \n\nMake Sure to like and share the video.\nSubscribe for more recap videos.\n#manhwa #manga #manhua #manhwarecap\n#Manhuarecap #mangarecap #manhwarecaps #mangarecaps #reborn #reincarnation #regression #harem #villain \ntag: manhwa recap, anime recap, anicap, the manhwa man, manhwa, webtoon, manhwa recaps, manhwa cap, webtoon recap, manga recaps, manga recap, manhwa capped, anime recaps,manhua"", ""thumbnails"": {""default"": {""url"": ""https://i.ytimg.com/vi/0mlUQlBMMQY/default.jpg"", ""width"": 120, ""height"": 90}, ""medium"": {""url"": ""https://i.ytimg.com/vi/0mlUQlBMMQY/mqdefault.jpg"", ""width"": 320, ""height"": 180}, ""high"": {""url"": ""https://i.ytimg.com/vi/0mlUQlBMMQY/hqdefault.jpg"", ""width"": 480, ""height"": 360}, ""standard"": {""url"": ""https://i.ytimg.com/vi/0mlUQlBMMQY/sddefault.jpg"", ""width"": 640, ""height"": 480}, ""maxres"": {""url"": ""https://i.ytimg.com/vi/0mlUQlBMMQY/maxresdefault.jpg"", ""width"": 1280, ""height"": 720}, ""fhd"": {""url"": ""https://i.ytimg.com/vi/0mlUQlBMMQY/fhddefault.jpg"", ""width"": 1920, ""height"": 1080}}, ""channelTitle"": ""Jinwoo Recap"", ""tags"": [""manhwa recap"", ""anime recap"", ""anicap"", ""the manhwa man"", ""manhwa"", ""webtoon"", ""manhwa recaps"", ""manhwa cap"", ""webtoon recap"", ""manga recaps"", ""manga recap"", ""manhwa capped"", ""anime recaps"", ""manhua"", ""Wedding"", ""Finance""], ""categoryId"": ""1"", ""liveBroadcastContent"": ""none"", ""defaultLanguage"": ""en-US"", ""localized"": {""title"": ""My Runaway Billionaire Bride Escaped To A Remote Town - Jinwoo Recap"", ""description"": ""Name: My Runaway Billionaire Bride Escaped To A Remote Town\n\n--Summary--\nThe story revolves around Crispin Vance, an architect perceived as a docile corporate drone, and Seraphina Sterling, a billionaire heiress trying to break free from her tyrannical father Archibald's arranged marriage. At their lavish wedding, Seraphina runs away, unaware that Crispin had anticipated her flight and secretly rejoices. He immediately cashes out a multi-million-dollar mansion registered in his name and slips away to start over. While Seraphina takes on a fake identity as \""Penny\"" and works in a quiet café in the remote mountain town of Whispering Pines, Crispin tracks her down under the alias \""Felix\"". Acting as strangers, the two engage in a playful yet tense dynamic of shared secrets, plumbing emergencies, and an accidental town cooking championship, gradually peeling back each other’s defenses.   \nTheir rustic hideaway collapses when Archibald corners them with private investigators, a lawsuit, and a staged mistress scheme in an attempt to drag Seraphina into a forced corporate alliance with the Thorne family. Crispin retaliates with a multi-layered trap, deploying evidence of Archibald’s massive financial fraud with the discreet cooperation of Seraphina's mother and his friend Barnaby. As Archibald’s empire implodes within 72 hours, Crispin reveals his true backstory: his father had been ruined by Archibald decades prior, yet Crispin’s pursuit of Seraphina transformed from vengeance into genuine love dating back to a university encounter. Escaping back to Metroburg, the two finally reunite on their own terms at a joyful, intimate wedding before building a peaceful family life in Singapore, leaving behind their past web of family manipulation and corporate schemes. \n\nMake Sure to like and share the video.\nSubscribe for more recap videos.\n#manhwa #manga #manhua #manhwarecap\n#Manhuarecap #mangarecap #manhwarecaps #mangarecaps #reborn #reincarnation #regression #harem #villain \ntag: manhwa recap, anime recap, anicap, the manhwa man, manhwa, webtoon, manhwa recaps, manhwa cap, webtoon recap, manga recaps, manga recap, manhwa capped, anime recaps,manhua""}, ""defaultAudioLanguage"": ""en""}, ""contentDetails"": {""duration"": ""PT2H4M57S"", ""dimension"": ""2d"", ""definition"": ""hd"", ""caption"": ""false"", ""licensedContent"": true, ""contentRating"": {}, ""projection"": ""rectangular""}, ""status"": {""uploadStatus"": ""processed"", ""privacyStatus"": ""public"", ""license"": ""youtube"", ""embeddable"": true, ""publicStatsViewable"": true, ""madeForKids"": false}, ""statistics"": {""viewCount"": ""12397"", ""likeCount"": ""234"", ""favoriteCount"": ""0"", ""commentCount"": ""12""}}",2026-10-01T06:14:17.701864+00:00,2026-10-01T06:14:17.701864+00:00,7497.0,9.527022012314815,18.875534403484714,0.9679761232556263,0,over_180_seconds
mNoIfjZzwEc,UChIHuKSI-djAtbWK9mvHSww,Jinwoo Recap,I Was Locked In My Family Closet For 8 Years - Jinwoo Reca[,"I Was Locked In My Family Closet For 8 YearsName:

--Summary--
After vanishing for an entire month following years of neglect, Asher—the biologically legitimate yet severely abused son of the wealthy Sterling family—finally catches his family's attention. Upon investigating his absence, the parents are shocked to discover that for eight years, they never gave Asher an allowance, relegating him to a miserable storage closet while showering their adopted son, Julian, with millions and lavish affection. The harsh reality that Asher was forced to wash dishes at ten years old to survive and suffered relentless bullying orchestrated by Julian begins to surface, shaking the eldest sister, Vesper, out of her blind favoritism. Armed with memories from his past life, Asher completely cuts emotional ties with his family, earns independent seed money through a lottery win and stock trading, and publicly exposes Julian's adopted status and deceit at school—reclaiming his place as the rightful Sterling heir and fiancé to heiress Elowen. Seeking revenge, Julian schemes to ruin Asher by gifting him a designer suit only to publicly accuse him of theft during his own high-profile sixteenth birthday gala. Yet, unlike in the past, Vesper unexpectedly steps forward to shield Asher and challenge Julian's narrative in front of high society, setting the stage for an explosive confrontation and leaving the fate of both sons hanging in the balance.

Make Sure to like and share the video.
Subscribe for more recap videos.
#manhwa #manga #manhua #manhwarecap
#Manhuarecap #mangarecap #manhwarecaps #mangarecaps #reborn #reincarnation #regression #harem #villain 
tag: manhwa recap, anime recap, anicap, the manhwa man, manhwa, webtoon, manhwa recaps, manhwa cap, webtoon recap, manga recaps, manga recap, manhwa capped, anime recaps,manhua",2026-09-20T17:37:06Z,PT1H49M14S,28452,535,57,0,1,"[""manhwa recap"", ""anime recap"", ""anicap"", ""the manhwa man"", ""manhwa"", ""webtoon"", ""manhwa recaps"", ""manhwa cap"", ""webtoon recap"", ""manga recaps"", ""manga recap"", ""manhwa capped"", ""anime recaps"", ""manhua"", ""Wedding"", ""Finance""]",en-US,en,0,none,https://i.ytimg.com/vi/mNoIfjZzwEc/default.jpg,https://i.ytimg.com/vi/mNoIfjZzwEc/mqdefault.jpg,https://i.ytimg.com/vi/mNoIfjZzwEc/hqdefault.jpg,public,"{""kind"": ""youtube#video"", ""etag"": ""PS7lDgnSGVrbnqcjjmedhH9aqiE"", ""id"": ""mNoIfjZzwEc"", ""snippet"": {""publishedAt"": ""2026-09-20T17:37:06Z"", ""channelId"": ""UChIHuKSI-djAtbWK9mvHSww"", ""title"": ""I Was Locked In My Family Closet For 8 Years - Jinwoo Reca["", ""description"": ""I Was Locked In My Family Closet For 8 YearsName:\n\n--Summary--\nAfter vanishing for an entire month following years of neglect, Asher—the biologically legitimate yet severely abused son of the wealthy Sterling family—finally catches his family's attention. Upon investigating his absence, the parents are shocked to discover that for eight years, they never gave Asher an allowance, relegating him to a miserable storage closet while showering their adopted son, Julian, with millions and lavish affection. The harsh reality that Asher was forced to wash dishes at ten years old to survive and suffered relentless bullying orchestrated by Julian begins to surface, shaking the eldest sister, Vesper, out of her blind favoritism. Armed with memories from his past life, Asher completely cuts emotional ties with his family, earns independent seed money through a lottery win and stock trading, and publicly exposes Julian's adopted status and deceit at school—reclaiming his place as the rightful Sterling heir and fiancé to heiress Elowen. Seeking revenge, Julian schemes to ruin Asher by gifting him a designer suit only to publicly accuse him of theft during his own high-profile sixteenth birthday gala. Yet, unlike in the past, Vesper unexpectedly steps forward to shield Asher and challenge Julian's narrative in front of high society, setting the stage for an explosive confrontation and leaving the fate of both sons hanging in the balance.\n\nMake Sure to like and share the video.\nSubscribe for more recap videos.\n#manhwa #manga #manhua #manhwarecap\n#Manhuarecap #mangarecap #manhwarecaps #mangarecaps #reborn #reincarnation #regression #harem #villain \ntag: manhwa recap, anime recap, anicap, the manhwa man, manhwa, webtoon, manhwa recaps, manhwa cap, webtoon recap, manga recaps, manga recap, manhwa capped, anime recaps,manhua"", ""thumbnails"": {""default"": {""url"": ""https://i.ytimg.com/vi/mNoIfjZzwEc/default.jpg"", ""width"": 120, ""height"": 90}, ""medium"": {""url"": ""https://i.ytimg.com/vi/mNoIfjZzwEc/mqdefault.jpg"", ""width"": 320, ""height"": 180}, ""high"": {""url"": ""https://i.ytimg.com/vi/mNoIfjZzwEc/hqdefault.jpg"", ""width"": 480, ""height"": 360}, ""standard"": {""url"": ""https://i.ytimg.com/vi/mNoIfjZzwEc/sddefault.jpg"", ""width"": 640, ""height"": 480}, ""maxres"": {""url"": ""https://i.ytimg.com/vi/mNoIfjZzwEc/maxresdefault.jpg"", ""width"": 1280, ""height"": 720}, ""fhd"": {""url"": ""https://i.ytimg.com/vi/mNoIfjZzwEc/fhddefault.jpg"", ""width"": 1920, ""height"": 1080}}, ""channelTitle"": ""Jinwoo Recap"", ""tags"": [""manhwa recap"", ""anime recap"", ""anicap"", ""the manhwa man"", ""manhwa"", ""webtoon"", ""manhwa recaps"", ""manhwa cap"", ""webtoon recap"", ""manga recaps"", ""manga recap"", ""manhwa capped"", ""anime recaps"", ""manhua"", ""Wedding"", ""Finance""], ""categoryId"": ""1"", ""liveBroadcastContent"": ""none"", ""defaultLanguage"": ""en-US"", ""localized"": {""title"": ""I Was Locked In My Family Closet For 8 Years - Jinwoo Reca["", ""description"": ""I Was Locked In My Family Closet For 8 YearsName:\n\n--Summary--\nAfter vanishing for an entire month following years of neglect, Asher—the biologically legitimate yet severely abused son of the wealthy Sterling family—finally catches his family's attention. Upon investigating his absence, the parents are shocked to discover that for eight years, they never gave Asher an allowance, relegating him to a miserable storage closet while showering their adopted son, Julian, with millions and lavish affection. The harsh reality that Asher was forced to wash dishes at ten years old to survive and suffered relentless bullying orchestrated by Julian begins to surface, shaking the eldest sister, Vesper, out of her blind favoritism. Armed with memories from his past life, Asher completely cuts emotional ties with his family, earns independent seed money through a lottery win and stock trading, and publicly exposes Julian's adopted status and deceit at school—reclaiming his place as the rightful Sterling heir and fiancé to heiress Elowen. Seeking revenge, Julian schemes to ruin Asher by gifting him a designer suit only to publicly accuse him of theft during his own high-profile sixteenth birthday gala. Yet, unlike in the past, Vesper unexpectedly steps forward to shield Asher and challenge Julian's narrative in front of high society, setting the stage for an explosive confrontation and leaving the fate of both sons hanging in the balance.\n\nMake Sure to like and share the video.\nSubscribe for more recap videos.\n#manhwa #manga #manhua #manhwarecap\n#Manhuarecap #mangarecap #manhwarecaps #mangarecaps #reborn #reincarnation #regression #harem #villain \ntag: manhwa recap, anime recap, anicap, the manhwa man, manhwa, webtoon, manhwa recaps, manhwa cap, webtoon recap, manga recaps, manga recap, manhwa capped, anime recaps,manhua""}, ""defaultAudioLanguage"": ""en""}, ""contentDetails"": {""duration"": ""PT1H49M14S"", ""dimension"": ""2d"", ""definition"": ""hd"", ""caption"": ""false"", ""licensedContent"": true, ""contentRating"": {}, ""projection"": ""rectangular""}, ""status"": {""uploadStatus"": ""processed"", ""privacyStatus"": ""public"", ""license"": ""youtube"", ""embeddable"": true, ""publicStatsViewable"": true, ""madeForKids"": false}, ""statistics"": {""viewCount"": ""28452"", ""likeCount"": ""535"", ""favoriteCount"": ""0"", ""commentCount"": ""57""}}",2026-10-01T06:14:17.701864+00:00,2026-10-01T06:14:17.701864+00:00,6554.0,10.525829882685185,18.803599044003935,2.0033741037536905,0,over_180_seconds
ViUdX8alMys,UChIHuKSI-djAtbWK9mvHSww,Jinwoo Recap,The Arrogant Blind CEO Who Discarded Her True Savior! - Jinwoo Recap,"Name: The Arrogant Blind CEO Who Discarded Her True Savior!

--Summary--
The story begins when Seraphina, a wealthy CEO, regains her eyesight thanks to her husband Finnian risking his life to test experimental treatments, only to immediately demand a divorce so she can reunite with her returning first love, Alistair. Finnian accepts with calm detachment; their three-year marriage was strictly a business arrangement to save his adoptive parents' bankrupt family business, and secretly, he had been using Seraphina as an emotional stand-in for his vanished high school first love, Elowen, who looks virtually identical to Seraphina. The tension escalates when Seraphina discovers a preserved photograph of Finnian and Elowen, misinterprets it as a perverted composite photo using her own face, and furiously kicks him out of the villa. However, once she learns the photo is an authentic picture from high school, doubt and jealousy begin to consume her.   
Now separated, Finnian reconnects with his estranged piano mentor, Professor Cassiopeia Vance, to restart his abandoned musical career. Seeing Finnian step back into his own life, and noticing the attention he attracts from Cassiopeia and her friend Beatrix, Seraphina finds herself unable to let him go. She struggles between her nostalgic longing for Alistair—who is growing increasingly entitled, deceitful, and manipulative—and her deep subconscious dependence on Finnian's gentle care. After discovering that Seraphina scapegoated him to Alistair for the divorce delays, Finnian firmly cuts ties and finalizes their official divorce at the Civil Affairs Bureau. Shortly after, fate intervenes: Finnian unexpectedly reunites with Elowen at the train station, learning she has returned after years of medical treatment abroad, and astonishingly, the apartment he recently rented belongs to Elowen's family. As Finnian and Elowen rekindle their profound musical and emotional bond, Seraphina is left spiraling into regret, neglected by an increasingly self-serving Alistair and unable to bear Finnian's total departure. The narrative leaves open what will happen when the stand-in secret inevitably surfaces, how far Alistair will go to manipulate the Seraphina family, and whether Seraphina will come to realize the depth of what she truly threw away as Finnian moves forward into a world where his genuine muse has finally returned.

Make Sure to like and share the video.
Subscribe for more recap videos.
#manhwa #manga #manhua #manhwarecap
#Manhuarecap #mangarecap #manhwarecaps #mangarecaps #reborn #reincarnation #regression #harem #villain 
tag: manhwa recap, anime recap, anicap, the manhwa man, manhwa, webtoon, manhwa recaps, manhwa cap, webtoon recap, manga recaps, manga recap, manhwa capped, anime recaps,manhua",2026-09-19T17:37:30Z,PT2H56M28S,44313,809,71,0,1,"[""manhwa recap"", ""anime recap"", ""anicap"", ""the manhwa man"", ""manhwa"", ""webtoon"", ""manhwa recaps"", ""manhwa cap"", ""webtoon recap"", ""manga recaps"", ""manga recap"", ""manhwa capped"", ""anime recaps"", ""manhua"", ""Wedding"", ""Finance""]",en-US,en,0,none,https://i.ytimg.com/vi/ViUdX8alMys/default.jpg,https://i.ytimg.com/vi/ViUdX8alMys/mqdefault.jpg,https://i.ytimg.com/vi/ViUdX8alMys/hqdefault.jpg,public,"{""kind"": ""youtube#video"", ""etag"": ""HWUGmuJz3yxN5zi5noDNcTtJoFs"", ""id"": ""ViUdX8alMys"", ""snippet"": {""publishedAt"": ""2026-09-19T17:37:30Z"", ""channelId"": ""UChIHuKSI-djAtbWK9mvHSww"", ""title"": ""The Arrogant Blind CEO Who Discarded Her True Savior! - Jinwoo Recap"", ""description"": ""Name: The Arrogant Blind CEO Who Discarded Her True Savior!\n\n--Summary--\nThe story begins when Seraphina, a wealthy CEO, regains her eyesight thanks to her husband Finnian risking his life to test experimental treatments, only to immediately demand a divorce so she can reunite with her returning first love, Alistair. Finnian accepts with calm detachment; their three-year marriage was strictly a business arrangement to save his adoptive parents' bankrupt family business, and secretly, he had been using Seraphina as an emotional stand-in for his vanished high school first love, Elowen, who looks virtually identical to Seraphina. The tension escalates when Seraphina discovers a preserved photograph of Finnian and Elowen, misinterprets it as a perverted composite photo using her own face, and furiously kicks him out of the villa. However, once she learns the photo is an authentic picture from high school, doubt and jealousy begin to consume her.   \nNow separated, Finnian reconnects with his estranged piano mentor, Professor Cassiopeia Vance, to restart his abandoned musical career. Seeing Finnian step back into his own life, and noticing the attention he attracts from Cassiopeia and her friend Beatrix, Seraphina finds herself unable to let him go. She struggles between her nostalgic longing for Alistair—who is growing increasingly entitled, deceitful, and manipulative—and her deep subconscious dependence on Finnian's gentle care. After discovering that Seraphina scapegoated him to Alistair for the divorce delays, Finnian firmly cuts ties and finalizes their official divorce at the Civil Affairs Bureau. Shortly after, fate intervenes: Finnian unexpectedly reunites with Elowen at the train station, learning she has returned after years of medical treatment abroad, and astonishingly, the apartment he recently rented belongs to Elowen's family. As Finnian and Elowen rekindle their profound musical and emotional bond, Seraphina is left spiraling into regret, neglected by an increasingly self-serving Alistair and unable to bear Finnian's total departure. The narrative leaves open what will happen when the stand-in secret inevitably surfaces, how far Alistair will go to manipulate the Seraphina family, and whether Seraphina will come to realize the depth of what she truly threw away as Finnian moves forward into a world where his genuine muse has finally returned.\n\nMake Sure to like and share the video.\nSubscribe for more recap videos.\n#manhwa #manga #manhua #manhwarecap\n#Manhuarecap #mangarecap #manhwarecaps #mangarecaps #reborn #reincarnation #regression #harem #villain \ntag: manhwa recap, anime recap, anicap, the manhwa man, manhwa, webtoon, manhwa recaps, manhwa cap, webtoon recap, manga recaps, manga recap, manhwa capped, anime recaps,manhua"", ""thumbnails"": {""default"": {""url"": ""https://i.ytimg.com/vi/ViUdX8alMys/default.jpg"", ""width"": 120, ""height"": 90}, ""medium"": {""url"": ""https://i.ytimg.com/vi/ViUdX8alMys/mqdefault.jpg"", ""width"": 320, ""height"": 180}, ""high"": {""url"": ""https://i.ytimg.com/vi/ViUdX8alMys/hqdefault.jpg"", ""width"": 480, ""height"": 360}, ""standard"": {""url"": ""https://i.ytimg.com/vi/ViUdX8alMys/sddefault.jpg"", ""width"": 640, ""height"": 480}, ""maxres"": {""url"": ""https://i.ytimg.com/vi/ViUdX8alMys/maxresdefault.jpg"", ""width"": 1280, ""height"": 720}, ""fhd"": {""url"": ""https://i.ytimg.com/vi/ViUdX8alMys/fhddefault.jpg"", ""width"": 1920, ""height"": 1080}}, ""channelTitle"": ""Jinwoo Recap"", ""tags"": [""manhwa recap"", ""anime recap"", ""anicap"", ""the manhwa man"", ""manhwa"", ""webtoon"", ""manhwa recaps"", ""manhwa cap"", ""webtoon recap"", ""manga recaps"", ""manga recap"", ""manhwa capped"", ""anime recaps"", ""manhua"", ""Wedding"", ""Finance""], ""categoryId"": ""1"", ""liveBroadcastContent"": ""none"", ""defaultLanguage"": ""en-US"", ""localized"": {""title"": ""The Arrogant Blind CEO Who Discarded Her True Savior! - Jinwoo Recap"", ""description"": ""Name: The Arrogant Blind CEO Who Discarded Her True Savior!\n\n--Summary--\nThe story begins when Seraphina, a wealthy CEO, regains her eyesight thanks to her husband Finnian risking his life to test experimental treatments, only to immediately demand a divorce so she can reunite with her returning first love, Alistair. Finnian accepts with calm detachment; their three-year marriage was strictly a business arrangement to save his adoptive parents' bankrupt family business, and secretly, he had been using Seraphina as an emotional stand-in for his vanished high school first love, Elowen, who looks virtually identical to Seraphina. The tension escalates when Seraphina discovers a preserved photograph of Finnian and Elowen, misinterprets it as a perverted composite photo using her own face, and furiously kicks him out of the villa. However, once she learns the photo is an authentic picture from high school, doubt and jealousy begin to consume her.   \nNow separated, Finnian reconnects with his estranged piano mentor, Professor Cassiopeia Vance, to restart his abandoned musical career. Seeing Finnian step back into his own life, and noticing the attention he attracts from Cassiopeia and her friend Beatrix, Seraphina finds herself unable to let him go. She struggles between her nostalgic longing for Alistair—who is growing increasingly entitled, deceitful, and manipulative—and her deep subconscious dependence on Finnian's gentle care. After discovering that Seraphina scapegoated him to Alistair for the divorce delays, Finnian firmly cuts ties and finalizes their official divorce at the Civil Affairs Bureau. Shortly after, fate intervenes: Finnian unexpectedly reunites with Elowen at the train station, learning she has returned after years of medical treatment abroad, and astonishingly, the apartment he recently rented belongs to Elowen's family. As Finnian and Elowen rekindle their profound musical and emotional bond, Seraphina is left spiraling into regret, neglected by an increasingly self-serving Alistair and unable to bear Finnian's total departure. The narrative leaves open what will happen when the stand-in secret inevitably surfaces, how far Alistair will go to manipulate the Seraphina family, and whether Seraphina will come to realize the depth of what she truly threw away as Finnian moves forward into a world where his genuine muse has finally returned.\n\nMake Sure to like and share the video.\nSubscribe for more recap videos.\n#manhwa #manga #manhua #manhwarecap\n#Manhuarecap #mangarecap #manhwarecaps #mangarecaps #reborn #reincarnation #regression #harem #villain \ntag: manhwa recap, anime recap, anicap, the manhwa man, manhwa, webtoon, manhwa recaps, manhwa cap, webtoon recap, manga recaps, manga recap, manhwa capped, anime recaps,manhua""}, ""defaultAudioLanguage"": ""en""}, ""contentDetails"": {""duration"": ""PT2H56M28S"", ""dimension"": ""2d"", ""definition"": ""hd"", ""caption"": ""false"", ""licensedContent"": true, ""contentRating"": {}, ""projection"": ""rectangular""}, ""status"": {""uploadStatus"": ""processed"", ""privacyStatus"": ""public"", ""license"": ""youtube"", ""embeddable"": true, ""publicStatsViewable"": true, ""madeForKids"": false}, ""statistics"": {""viewCount"": ""44313"", ""likeCount"": ""809"", ""favoriteCount"": ""0"", ""commentCount"": ""71""}}",2026-10-01T06:14:17.701864+00:00,2026-10-01T06:14:17.701864+00:00,10588.0,11.525552104907407,18.256493579762147,1.6022386207207817,0,over_180_seconds
zgxcHXJIUJ4,UChIHuKSI-djAtbWK9mvHSww,Jinwoo Recap,My Innocent Students Turned Into Demon Lords - Jinwoo Reca[,"Name: My Innocent Students Turned Into Demon Lords

--Summary--
After losing his cultivation and perishing, Orthodox Dao Paragon Elion is reborn as a frail, tender youth cursed with maxed-out demonic charm. Hoping for a peaceful retirement under the care of his former pupils, he is horrified to discover that a century of absence has turned his once-sweet disciples into possessive, yandere demon overlords—all of whom can hear his private inner monologues. Seeking refuge with his seemingly innocent youngest disciple, Lyraell, he instead finds her ruling the demonic Crimson Starlight Blood Manor. Driven by a century of grief, guilt, and twisted romantic obsession, Lyraell imprisons Elion, forcefully feeds him concoctions brewed with her own heart's blood to bind his soul to hers, and doses him with potent aphrodisiacs to consummate their bond. She also reveals that Elion's past demise was caused by a traitor among his disciples aligned with the shadowy ""Divine Envoys"" who wield Corrupted Immortal Power. Chaos erupts when second disciple Ignatia storms in; driven by indignation and jealousy, she weaponizes her alchemy fire to fan the flames of Elion's aphrodisiac torment as revenge against Lyraell. When the ruthless eldest disciple Kaelith descends as an icy avatar to purge the manor, Elion instinctively shields his younger disciples, sparking familiar soul resonances that shake Kaelith's frozen heart before she vanishes to investigate the boy in secret. A chaotic, hazy night ensues where Elion's lost control becomes a battleground of illicit intimacy and manipulation between Lyraell and Ignatia, both plotting to monopolize their master while hiding his return from Kaelith. As Elion struggles to mend his disciples' twisted Dao hearts and uncover who betrayed him, a masked emissary from the Divine Envoys arrives in secret to offer Lyraell the Corrupted Immortal Power, leaving their fate suspended on the brink of an even darker conspiracy.

Make Sure to like and share the video.
Subscribe for more recap videos.
#manhwa #manga #manhua #manhwarecap
#Manhuarecap #mangarecap #manhwarecaps #mangarecaps #reborn #reincarnation #regression #harem #villain 
tag: manhwa recap, anime recap, anicap, the manhwa man, manhwa, webtoon, manhwa recaps, manhwa cap, webtoon recap, manga recaps, manga recap, manhwa capped, anime recaps,manhua",2026-09-18T17:38:30Z,PT3H10M53S,30611,548,28,0,1,"[""manhwa recap"", ""anime recap"", ""anicap"", ""the manhwa man"", ""manhwa"", ""webtoon"", ""manhwa recaps"", ""manhwa cap"", ""webtoon recap"", ""manga recaps"", ""manga recap"", ""manhwa capped"", ""anime recaps"", ""manhua"", ""Wedding"", ""Finance""]",en-US,en,0,none,https://i.ytimg.com/vi/zgxcHXJIUJ4/default.jpg,https://i.ytimg.com/vi/zgxcHXJIUJ4/mqdefault.jpg,https://i.ytimg.com/vi/zgxcHXJIUJ4/hqdefault.jpg,public,"{""kind"": ""youtube#video"", ""etag"": ""_dGBMSEndd0jeHAYLjvRZOnarQQ"", ""id"": ""zgxcHXJIUJ4"", ""snippet"": {""publishedAt"": ""2026-09-18T17:38:30Z"", ""channelId"": ""UChIHuKSI-djAtbWK9mvHSww"", ""title"": ""My Innocent Students Turned Into Demon Lords - Jinwoo Reca["", ""description"": ""Name: My Innocent Students Turned Into Demon Lords\n\n--Summary--\nAfter losing his cultivation and perishing, Orthodox Dao Paragon Elion is reborn as a frail, tender youth cursed with maxed-out demonic charm. Hoping for a peaceful retirement under the care of his former pupils, he is horrified to discover that a century of absence has turned his once-sweet disciples into possessive, yandere demon overlords—all of whom can hear his private inner monologues. Seeking refuge with his seemingly innocent youngest disciple, Lyraell, he instead finds her ruling the demonic Crimson Starlight Blood Manor. Driven by a century of grief, guilt, and twisted romantic obsession, Lyraell imprisons Elion, forcefully feeds him concoctions brewed with her own heart's blood to bind his soul to hers, and doses him with potent aphrodisiacs to consummate their bond. She also reveals that Elion's past demise was caused by a traitor among his disciples aligned with the shadowy \""Divine Envoys\"" who wield Corrupted Immortal Power. Chaos erupts when second disciple Ignatia storms in; driven by indignation and jealousy, she weaponizes her alchemy fire to fan the flames of Elion's aphrodisiac torment as revenge against Lyraell. When the ruthless eldest disciple Kaelith descends as an icy avatar to purge the manor, Elion instinctively shields his younger disciples, sparking familiar soul resonances that shake Kaelith's frozen heart before she vanishes to investigate the boy in secret. A chaotic, hazy night ensues where Elion's lost control becomes a battleground of illicit intimacy and manipulation between Lyraell and Ignatia, both plotting to monopolize their master while hiding his return from Kaelith. As Elion struggles to mend his disciples' twisted Dao hearts and uncover who betrayed him, a masked emissary from the Divine Envoys arrives in secret to offer Lyraell the Corrupted Immortal Power, leaving their fate suspended on the brink of an even darker conspiracy.\n\nMake Sure to like and share the video.\nSubscribe for more recap videos.\n#manhwa #manga #manhua #manhwarecap\n#Manhuarecap #mangarecap #manhwarecaps #mangarecaps #reborn #reincarnation #regression #harem #villain \ntag: manhwa recap, anime recap, anicap, the manhwa man, manhwa, webtoon, manhwa recaps, manhwa cap, webtoon recap, manga recaps, manga recap, manhwa capped, anime recaps,manhua"", ""thumbnails"": {""default"": {""url"": ""https://i.ytimg.com/vi/zgxcHXJIUJ4/default.jpg"", ""width"": 120, ""height"": 90}, ""medium"": {""url"": ""https://i.ytimg.com/vi/zgxcHXJIUJ4/mqdefault.jpg"", ""width"": 320, ""height"": 180}, ""high"": {""url"": ""https://i.ytimg.com/vi/zgxcHXJIUJ4/hqdefault.jpg"", ""width"": 480, ""height"": 360}, ""standard"": {""url"": ""https://i.ytimg.com/vi/zgxcHXJIUJ4/sddefault.jpg"", ""width"": 640, ""height"": 480}, ""maxres"": {""url"": ""https://i.ytimg.com/vi/zgxcHXJIUJ4/maxresdefault.jpg"", ""width"": 1280, ""height"": 720}, ""fhd"": {""url"": ""https://i.ytimg.com/vi/zgxcHXJIUJ4/fhddefault.jpg"", ""width"": 1920, ""height"": 1080}}, ""channelTitle"": ""Jinwoo Recap"", ""tags"": [""manhwa recap"", ""anime recap"", ""anicap"", ""the manhwa man"", ""manhwa"", ""webtoon"", ""manhwa recaps"", ""manhwa cap"", ""webtoon recap"", ""manga recaps"", ""manga recap"", ""manhwa capped"", ""anime recaps"", ""manhua"", ""Wedding"", ""Finance""], ""categoryId"": ""1"", ""liveBroadcastContent"": ""none"", ""defaultLanguage"": ""en-US"", ""localized"": {""title"": ""My Innocent Students Turned Into Demon Lords - Jinwoo Reca["", ""description"": ""Name: My Innocent Students Turned Into Demon Lords\n\n--Summary--\nAfter losing his cultivation and perishing, Orthodox Dao Paragon Elion is reborn as a frail, tender youth cursed with maxed-out demonic charm. Hoping for a peaceful retirement under the care of his former pupils, he is horrified to discover that a century of absence has turned his once-sweet disciples into possessive, yandere demon overlords—all of whom can hear his private inner monologues. Seeking refuge with his seemingly innocent youngest disciple, Lyraell, he instead finds her ruling the demonic Crimson Starlight Blood Manor. Driven by a century of grief, guilt, and twisted romantic obsession, Lyraell imprisons Elion, forcefully feeds him concoctions brewed with her own heart's blood to bind his soul to hers, and doses him with potent aphrodisiacs to consummate their bond. She also reveals that Elion's past demise was caused by a traitor among his disciples aligned with the shadowy \""Divine Envoys\"" who wield Corrupted Immortal Power. Chaos erupts when second disciple Ignatia storms in; driven by indignation and jealousy, she weaponizes her alchemy fire to fan the flames of Elion's aphrodisiac torment as revenge against Lyraell. When the ruthless eldest disciple Kaelith descends as an icy avatar to purge the manor, Elion instinctively shields his younger disciples, sparking familiar soul resonances that shake Kaelith's frozen heart before she vanishes to investigate the boy in secret. A chaotic, hazy night ensues where Elion's lost control becomes a battleground of illicit intimacy and manipulation between Lyraell and Ignatia, both plotting to monopolize their master while hiding his return from Kaelith. As Elion struggles to mend his disciples' twisted Dao hearts and uncover who betrayed him, a masked emissary from the Divine Envoys arrives in secret to offer Lyraell the Corrupted Immortal Power, leaving their fate suspended on the brink of an even darker conspiracy.\n\nMake Sure to like and share the video.\nSubscribe for more recap videos.\n#manhwa #manga #manhua #manhwarecap\n#Manhuarecap #mangarecap #manhwarecaps #mangarecaps #reborn #reincarnation #regression #harem #villain \ntag: manhwa recap, anime recap, anicap, the manhwa man, manhwa, webtoon, manhwa recaps, manhwa cap, webtoon recap, manga recaps, manga recap, manhwa capped, anime recaps,manhua""}, ""defaultAudioLanguage"": ""en""}, ""contentDetails"": {""duration"": ""PT3H10M53S"", ""dimension"": ""2d"", ""definition"": ""hd"", ""caption"": ""false"", ""licensedContent"": true, ""contentRating"": {}, ""projection"": ""rectangular""}, ""status"": {""uploadStatus"": ""processed"", ""privacyStatus"": ""public"", ""license"": ""youtube"", ""embeddable"": true, ""publicStatsViewable"": true, ""madeForKids"": false}, ""statistics"": {""viewCount"": ""30611"", ""likeCount"": ""548"", ""favoriteCount"": ""0"", ""commentCount"": ""28""}}",2026-10-01T06:14:17.701864+00:00,2026-10-01T06:14:17.701864+00:00,11453.0,12.524857660462962,17.90206135049492,0.914703864623828,0,over_180_seconds
eC75umB-SHs,UChIHuKSI-djAtbWK9mvHSww,Jinwoo Recap,I Have A Gossip System - Jinwoo Recap,"Name: I Have A Gossip System

--Summary--
Sterling Vance is on the verge of divorcing his cold CEO wife, Seraphina Vance, when he suddenly awakens a ""Gossip-Eating System"". The system uncovers high-society secrets and corporate plots, but with a major unintended glitch: Seraphina—and later the entire Vance family—can hear his chaotic internal monologues. Using Sterling’s accidental mental disclosures, Seraphina quickly unmasks her trusted secretary Lysander as a corporate traitor trying to frame Sterling, tearing down his scheme and shutting down the divorce entirely. As Sterling’s mental roasts and secret exposés continue to derail everyday life, Seraphina and her parents begin quietly acting on his thoughts while rewarding him financially, completely altering his standing in the household. The family rallies around this invisible information stream to expose Gideon Graves, the manipulative husband of eldest daughter Evangeline, revealing that Gideon faked their baby's death and passed off their own biological son, Orion, as his illegitimate child with a mistress. With Gideon brought to justice and Orion returned to Evangeline, the narrative shifts to an elite banquet where Seraphina's celebrity brother, Thatcher, plans to break his engagement with the neglected elder twin Ariadne Astor to marry her manipulative sister Lorelei. Through Sterling's system, the Vance family realizes Lorelei and her parents fabricated the story of saving Thatcher's life as a child, completely stealing the heroic rescue actually performed by Ariadne. As Thatcher grapples with the devastating realization of his misplaced loyalty, the banquet descends into sudden chaos when the degenerate Barnaby bursts in to forcibly claim Ariadne, leaving the truth teetering on the edge of public revelation, Thatcher trapped in remorse, and Sterling's inner voice poised to trigger the next explosion.

Make Sure to like and share the video.
Subscribe for more recap videos.
#manhwa #manga #manhua #manhwarecap
#Manhuarecap #mangarecap #manhwarecaps #mangarecaps #reborn #reincarnation #regression #harem #villain 
tag: manhwa recap, anime recap, anicap, the manhwa man, manhwa, webtoon, manhwa recaps, manhwa cap, webtoon recap, manga recaps, manga recap, manhwa capped, anime recaps,manhua",2026-09-17T17:35:00Z,PT1H40M51S,78380,1612,63,0,1,"[""manhwa recap"", ""anime recap"", ""anicap"", ""the manhwa man"", ""manhwa"", ""webtoon"", ""manhwa recaps"", ""manhwa cap"", ""webtoon recap"", ""manga recaps"", ""manga recap"", ""manhwa capped"", ""anime recaps"", ""manhua"", ""Wedding"", ""Finance""]",en-US,en,0,none,https://i.ytimg.com/vi/eC75umB-SHs/default.jpg,https://i.ytimg.com/vi/eC75umB-SHs/mqdefault.jpg,https://i.ytimg.com/vi/eC75umB-SHs/hqdefault.jpg,public,"{""kind"": ""youtube#video"", ""etag"": ""6_ikRnRpvDZt3_9kuiX-n8mLVYY"", ""id"": ""eC75umB-SHs"", ""snippet"": {""publishedAt"": ""2026-09-17T17:35:00Z"", ""channelId"": ""UChIHuKSI-djAtbWK9mvHSww"", ""title"": ""I Have A Gossip System - Jinwoo Recap"", ""description"": ""Name: I Have A Gossip System\n\n--Summary--\nSterling Vance is on the verge of divorcing his cold CEO wife, Seraphina Vance, when he suddenly awakens a \""Gossip-Eating System\"". The system uncovers high-society secrets and corporate plots, but with a major unintended glitch: Seraphina—and later the entire Vance family—can hear his chaotic internal monologues. Using Sterling’s accidental mental disclosures, Seraphina quickly unmasks her trusted secretary Lysander as a corporate traitor trying to frame Sterling, tearing down his scheme and shutting down the divorce entirely. As Sterling’s mental roasts and secret exposés continue to derail everyday life, Seraphina and her parents begin quietly acting on his thoughts while rewarding him financially, completely altering his standing in the household. The family rallies around this invisible information stream to expose Gideon Graves, the manipulative husband of eldest daughter Evangeline, revealing that Gideon faked their baby's death and passed off their own biological son, Orion, as his illegitimate child with a mistress. With Gideon brought to justice and Orion returned to Evangeline, the narrative shifts to an elite banquet where Seraphina's celebrity brother, Thatcher, plans to break his engagement with the neglected elder twin Ariadne Astor to marry her manipulative sister Lorelei. Through Sterling's system, the Vance family realizes Lorelei and her parents fabricated the story of saving Thatcher's life as a child, completely stealing the heroic rescue actually performed by Ariadne. As Thatcher grapples with the devastating realization of his misplaced loyalty, the banquet descends into sudden chaos when the degenerate Barnaby bursts in to forcibly claim Ariadne, leaving the truth teetering on the edge of public revelation, Thatcher trapped in remorse, and Sterling's inner voice poised to trigger the next explosion.\n\nMake Sure to like and share the video.\nSubscribe for more recap videos.\n#manhwa #manga #manhua #manhwarecap\n#Manhuarecap #mangarecap #manhwarecaps #mangarecaps #reborn #reincarnation #regression #harem #villain \ntag: manhwa recap, anime recap, anicap, the manhwa man, manhwa, webtoon, manhwa recaps, manhwa cap, webtoon recap, manga recaps, manga recap, manhwa capped, anime recaps,manhua"", ""thumbnails"": {""default"": {""url"": ""https://i.ytimg.com/vi/eC75umB-SHs/default.jpg"", ""width"": 120, ""height"": 90}, ""medium"": {""url"": ""https://i.ytimg.com/vi/eC75umB-SHs/mqdefault.jpg"", ""width"": 320, ""height"": 180}, ""high"": {""url"": ""https://i.ytimg.com/vi/eC75umB-SHs/hqdefault.jpg"", ""width"": 480, ""height"": 360}, ""standard"": {""url"": ""https://i.ytimg.com/vi/eC75umB-SHs/sddefault.jpg"", ""width"": 640, ""height"": 480}, ""maxres"": {""url"": ""https://i.ytimg.com/vi/eC75umB-SHs/maxresdefault.jpg"", ""width"": 1280, ""height"": 720}, ""fhd"": {""url"": ""https://i.ytimg.com/vi/eC75umB-SHs/fhddefault.jpg"", ""width"": 1920, ""height"": 1080}}, ""channelTitle"": ""Jinwoo Recap"", ""tags"": [""manhwa recap"", ""anime recap"", ""anicap"", ""the manhwa man"", ""manhwa"", ""webtoon"", ""manhwa recaps"", ""manhwa cap"", ""webtoon recap"", ""manga recaps"", ""manga recap"", ""manhwa capped"", ""anime recaps"", ""manhua"", ""Wedding"", ""Finance""], ""categoryId"": ""1"", ""liveBroadcastContent"": ""none"", ""defaultLanguage"": ""en-US"", ""localized"": {""title"": ""I Have A Gossip System - Jinwoo Recap"", ""description"": ""Name: I Have A Gossip System\n\n--Summary--\nSterling Vance is on the verge of divorcing his cold CEO wife, Seraphina Vance, when he suddenly awakens a \""Gossip-Eating System\"". The system uncovers high-society secrets and corporate plots, but with a major unintended glitch: Seraphina—and later the entire Vance family—can hear his chaotic internal monologues. Using Sterling’s accidental mental disclosures, Seraphina quickly unmasks her trusted secretary Lysander as a corporate traitor trying to frame Sterling, tearing down his scheme and shutting down the divorce entirely. As Sterling’s mental roasts and secret exposés continue to derail everyday life, Seraphina and her parents begin quietly acting on his thoughts while rewarding him financially, completely altering his standing in the household. The family rallies around this invisible information stream to expose Gideon Graves, the manipulative husband of eldest daughter Evangeline, revealing that Gideon faked their baby's death and passed off their own biological son, Orion, as his illegitimate child with a mistress. With Gideon brought to justice and Orion returned to Evangeline, the narrative shifts to an elite banquet where Seraphina's celebrity brother, Thatcher, plans to break his engagement with the neglected elder twin Ariadne Astor to marry her manipulative sister Lorelei. Through Sterling's system, the Vance family realizes Lorelei and her parents fabricated the story of saving Thatcher's life as a child, completely stealing the heroic rescue actually performed by Ariadne. As Thatcher grapples with the devastating realization of his misplaced loyalty, the banquet descends into sudden chaos when the degenerate Barnaby bursts in to forcibly claim Ariadne, leaving the truth teetering on the edge of public revelation, Thatcher trapped in remorse, and Sterling's inner voice poised to trigger the next explosion.\n\nMake Sure to like and share the video.\nSubscribe for more recap videos.\n#manhwa #manga #manhua #manhwarecap\n#Manhuarecap #mangarecap #manhwarecaps #mangarecaps #reborn #reincarnation #regression #harem #villain \ntag: manhwa recap, anime recap, anicap, the manhwa man, manhwa, webtoon, manhwa recaps, manhwa cap, webtoon recap, manga recaps, manga recap, manhwa capped, anime recaps,manhua""}, ""defaultAudioLanguage"": ""en""}, ""contentDetails"": {""duration"": ""PT1H40M51S"", ""dimension"": ""2d"", ""definition"": ""hd"", ""caption"": ""false"", ""licensedContent"": true, ""contentRating"": {}, ""projection"": ""rectangular""}, ""status"": {""uploadStatus"": ""processed"", ""privacyStatus"": ""public"", ""license"": ""youtube"", ""embeddable"": true, ""publicStatsViewable"": true, ""madeForKids"": false}, ""statistics"": {""viewCount"": ""78380"", ""likeCount"": ""1612"", ""favoriteCount"": ""0"", ""commentCount"": ""63""}}",2026-10-01T06:14:17.701864+00:00,2026-10-01T06:14:17.701864+00:00,6051.0,13.527288216018517,20.56647103853024,0.8037764735902015,0,over_180_seconds
y5eUE0-4l3o,UChIHuKSI-djAtbWK9mvHSww,Jinwoo Recap,My Wife Skipped Our Son's Funeral For Her Ex - Jinwoo Recap,"Name: My Wife Skipped Our Son's Funeral For Her Ex
 
--Summary--
Caspian lived an agonizing, unrequited life married to Seraphina, an heiress who despised him and believed he had schemed to trap her into marriage. Over five years, Seraphina treated Caspian with cold indifference and viewed their young son, Orion, as a badge of shame, all while openly favoring her childhood companion, Lysander. When five-year-old Orion tragically died in a car accident, Seraphina was away in the snowy mountains of Xili with Lysander. She missed her son's final moments and funeral, completely unreachable.  
Orion's death extinguished Caspian’s final reason to endure. Harboring late-stage stomach cancer that he kept secret from Seraphina, he finalized his departure from the Sterling family. Supported only by his former classmate Dr. Elowen, Caspian chose to forgo aggressive treatment and spend his remaining days quietly completing Orion's unfulfilled wishes, including visiting the beach and seeking Orion's lost kitten. As Caspian slipped further toward death, Seraphina slowly realized the gravity of his absence and the terrifying reality of his illness. However, Caspian’s heart had long turned to ash, and he peacefully succumbed to his terminal cancer in the falling snow of Christmas night, yearning only to reunite with his son.  
Following his death, Seraphina spirals into profound despair, cast out by her father and confronted by Elowen. She discovers Caspian's old phone filled with diary memos documenting his silent devotion, quiet heartbreak, and relentless pain. She also learns the truth behind Lysander's manipulations, which had led her to mistakenly believe Caspian loved Elowen and despised her. Consumed by sleeplessness, hypnosis, and hallucinations, Seraphina becomes a walking shadow tormented by regret. Standing on a pedestrian crosswalk, she glimpses a fleeting vision of Caspian and Orion walking away together. Stepping out as a speeding car rushes toward her, Seraphina lets the impact come, left in suspended ambiguity as to whether she will finally face consequences or reunite with the family she spent a lifetime pushing away.  

Make Sure to like and share the video.
Subscribe for more recap videos.
#manhwa #manga #manhua #manhwarecap
#Manhuarecap #mangarecap #manhwarecaps #mangarecaps #reborn #reincarnation #regression #harem #villain 
tag: manhwa recap, anime recap, anicap, the manhwa man, manhwa, webtoon, manhwa recaps, manhwa cap, webtoon recap, manga recaps, manga recap, manhwa capped, anime recaps,manhua",2026-09-16T17:34:31Z,PT1H29M28S,20783,385,39,0,1,"[""manhwa recap"", ""anime recap"", ""anicap"", ""the manhwa man"", ""manhwa"", ""webtoon"", ""manhwa recaps"", ""manhwa cap"", ""webtoon recap"", ""manga recaps"", ""manga recap"", ""manhwa capped"", ""anime recaps"", ""manhua"", ""Wedding"", ""Finance""]",en-US,en,0,none,https://i.ytimg.com/vi/y5eUE0-4l3o/default.jpg,https://i.ytimg.com/vi/y5eUE0-4l3o/mqdefault.jpg,https://i.ytimg.com/vi/y5eUE0-4l3o/hqdefault.jpg,public,"{""kind"": ""youtube#video"", ""etag"": ""gZRzwGQpIijw6Lq8-YS43KzwKyY"", ""id"": ""y5eUE0-4l3o"", ""snippet"": {""publishedAt"": ""2026-09-16T17:34:31Z"", ""channelId"": ""UChIHuKSI-djAtbWK9mvHSww"", ""title"": ""My Wife Skipped Our Son's Funeral For Her Ex - Jinwoo Recap"", ""description"": ""Name: My Wife Skipped Our Son's Funeral For Her Ex\n \n--Summary--\nCaspian lived an agonizing, unrequited life married to Seraphina, an heiress who despised him and believed he had schemed to trap her into marriage. Over five years, Seraphina treated Caspian with cold indifference and viewed their young son, Orion, as a badge of shame, all while openly favoring her childhood companion, Lysander. When five-year-old Orion tragically died in a car accident, Seraphina was away in the snowy mountains of Xili with Lysander. She missed her son's final moments and funeral, completely unreachable.  \nOrion's death extinguished Caspian’s final reason to endure. Harboring late-stage stomach cancer that he kept secret from Seraphina, he finalized his departure from the Sterling family. Supported only by his former classmate Dr. Elowen, Caspian chose to forgo aggressive treatment and spend his remaining days quietly completing Orion's unfulfilled wishes, including visiting the beach and seeking Orion's lost kitten. As Caspian slipped further toward death, Seraphina slowly realized the gravity of his absence and the terrifying reality of his illness. However, Caspian’s heart had long turned to ash, and he peacefully succumbed to his terminal cancer in the falling snow of Christmas night, yearning only to reunite with his son.  \nFollowing his death, Seraphina spirals into profound despair, cast out by her father and confronted by Elowen. She discovers Caspian's old phone filled with diary memos documenting his silent devotion, quiet heartbreak, and relentless pain. She also learns the truth behind Lysander's manipulations, which had led her to mistakenly believe Caspian loved Elowen and despised her. Consumed by sleeplessness, hypnosis, and hallucinations, Seraphina becomes a walking shadow tormented by regret. Standing on a pedestrian crosswalk, she glimpses a fleeting vision of Caspian and Orion walking away together. Stepping out as a speeding car rushes toward her, Seraphina lets the impact come, left in suspended ambiguity as to whether she will finally face consequences or reunite with the family she spent a lifetime pushing away.  \n\nMake Sure to like and share the video.\nSubscribe for more recap videos.\n#manhwa #manga #manhua #manhwarecap\n#Manhuarecap #mangarecap #manhwarecaps #mangarecaps #reborn #reincarnation #regression #harem #villain \ntag: manhwa recap, anime recap, anicap, the manhwa man, manhwa, webtoon, manhwa recaps, manhwa cap, webtoon recap, manga recaps, manga recap, manhwa capped, anime recaps,manhua"", ""thumbnails"": {""default"": {""url"": ""https://i.ytimg.com/vi/y5eUE0-4l3o/default.jpg"", ""width"": 120, ""height"": 90}, ""medium"": {""url"": ""https://i.ytimg.com/vi/y5eUE0-4l3o/mqdefault.jpg"", ""width"": 320, ""height"": 180}, ""high"": {""url"": ""https://i.ytimg.com/vi/y5eUE0-4l3o/hqdefault.jpg"", ""width"": 480, ""height"": 360}, ""standard"": {""url"": ""https://i.ytimg.com/vi/y5eUE0-4l3o/sddefault.jpg"", ""width"": 640, ""height"": 480}, ""maxres"": {""url"": ""https://i.ytimg.com/vi/y5eUE0-4l3o/maxresdefault.jpg"", ""width"": 1280, ""height"": 720}, ""fhd"": {""url"": ""https://i.ytimg.com/vi/y5eUE0-4l3o/fhddefault.jpg"", ""width"": 1920, ""height"": 1080}}, ""channelTitle"": ""Jinwoo Recap"", ""tags"": [""manhwa recap"", ""anime recap"", ""anicap"", ""the manhwa man"", ""manhwa"", ""webtoon"", ""manhwa recaps"", ""manhwa cap"", ""webtoon recap"", ""manga recaps"", ""manga recap"", ""manhwa capped"", ""anime recaps"", ""manhua"", ""Wedding"", ""Finance""], ""categoryId"": ""1"", ""liveBroadcastContent"": ""none"", ""defaultLanguage"": ""en-US"", ""localized"": {""title"": ""My Wife Skipped Our Son's Funeral For Her Ex - Jinwoo Recap"", ""description"": ""Name: My Wife Skipped Our Son's Funeral For Her Ex\n \n--Summary--\nCaspian lived an agonizing, unrequited life married to Seraphina, an heiress who despised him and believed he had schemed to trap her into marriage. Over five years, Seraphina treated Caspian with cold indifference and viewed their young son, Orion, as a badge of shame, all while openly favoring her childhood companion, Lysander. When five-year-old Orion tragically died in a car accident, Seraphina was away in the snowy mountains of Xili with Lysander. She missed her son's final moments and funeral, completely unreachable.  \nOrion's death extinguished Caspian’s final reason to endure. Harboring late-stage stomach cancer that he kept secret from Seraphina, he finalized his departure from the Sterling family. Supported only by his former classmate Dr. Elowen, Caspian chose to forgo aggressive treatment and spend his remaining days quietly completing Orion's unfulfilled wishes, including visiting the beach and seeking Orion's lost kitten. As Caspian slipped further toward death, Seraphina slowly realized the gravity of his absence and the terrifying reality of his illness. However, Caspian’s heart had long turned to ash, and he peacefully succumbed to his terminal cancer in the falling snow of Christmas night, yearning only to reunite with his son.  \nFollowing his death, Seraphina spirals into profound despair, cast out by her father and confronted by Elowen. She discovers Caspian's old phone filled with diary memos documenting his silent devotion, quiet heartbreak, and relentless pain. She also learns the truth behind Lysander's manipulations, which had led her to mistakenly believe Caspian loved Elowen and despised her. Consumed by sleeplessness, hypnosis, and hallucinations, Seraphina becomes a walking shadow tormented by regret. Standing on a pedestrian crosswalk, she glimpses a fleeting vision of Caspian and Orion walking away together. Stepping out as a speeding car rushes toward her, Seraphina lets the impact come, left in suspended ambiguity as to whether she will finally face consequences or reunite with the family she spent a lifetime pushing away.  \n\nMake Sure to like and share the video.\nSubscribe for more recap videos.\n#manhwa #manga #manhua #manhwarecap\n#Manhuarecap #mangarecap #manhwarecaps #mangarecaps #reborn #reincarnation #regression #harem #villain \ntag: manhwa recap, anime recap, anicap, the manhwa man, manhwa, webtoon, manhwa recaps, manhwa cap, webtoon recap, manga recaps, manga recap, manhwa capped, anime recaps,manhua""}, ""defaultAudioLanguage"": ""en""}, ""contentDetails"": {""duration"": ""PT1H29M28S"", ""dimension"": ""2d"", ""definition"": ""hd"", ""caption"": ""false"", ""licensedContent"": true, ""contentRating"": {}, ""projection"": ""rectangular""}, ""status"": {""uploadStatus"": ""processed"", ""privacyStatus"": ""public"", ""license"": ""youtube"", ""embeddable"": true, ""publicStatsViewable"": true, ""madeForKids"": false}, ""statistics"": {""viewCount"": ""20783"", ""likeCount"": ""385"", ""favoriteCount"": ""0"", ""commentCount"": ""39""}}",2026-10-01T06:14:17.701864+00:00,2026-10-01T06:14:17.701864+00:00,5368.0,14.527623864166666,18.52475581003705,1.8765337054323246,0,over_180_seconds
SZZaMGfYJ0M,UChIHuKSI-djAtbWK9mvHSww,Jinwoo Recap,My 5-Year Devotion Was Just A Transaction To Revive My Girlfriend - Jinwoo Recap,"Name: My 5-Year Devotion Was Just A Transaction To Revive My Girlfriend 

--Summary--
To resurrect his deceased girlfriend, Elara, Kaelen travels to another world bound to a system requiring him to fulfill 100 unconditional tasks for an heiress named Seraphina. Over five years, he endures her icy demeanor and cruel mistreatment, as she remains blindly devoted to her manipulative childhood friend, Lorcan. For the final task, Kaelen willingly agrees to donate his heart to Lorcan to finalize his mission, leaving behind an audio recording that exposes Lorcan's schemes and deceit. Following the fatal surgery, Kaelen detaches from that world, leaving Seraphina overwhelmed by devastating grief and guilt as she belatedly realizes Lorcan's treachery and her own deep love for Kaelen.  
Back in his original world, Kaelen successfully revives Elara, only to find that she has lost all memories of their shared past. Meanwhile, a suicidal Seraphina is bound to a new system that sends her to Kaelen’s world with a three-month conquest mission to win his love, risking all her wealth if she fails. Despite her desperate attempts to make amends, Kaelen remains emotionally detached, eventually confessing that his past devotion was entirely transactional to save Elara. After shielding Kaelen from a falling tree, Seraphina finally accepts reality and requests three final days together before her departure. On the last day, Elara suddenly regains her memories and reclaims Kaelen. Watching them embrace, Seraphina accepts the failure of her mission and fades away to return to her original world, stripped of her fortune. The story concludes on an open note: while Kaelen and Elara walk forward together into their restored love, Seraphina faces an uncertain, impoverished future in her own realm, having ultimately discovered the painful, selfless meaning of letting go. 

Make Sure to like and share the video.
Subscribe for more recap videos.
#manhwa #manga #manhua #manhwarecap
#Manhuarecap #mangarecap #manhwarecaps #mangarecaps #reborn #reincarnation #regression #harem #villain 
tag: manhwa recap, anime recap, anicap, the manhwa man, manhwa, webtoon, manhwa recaps, manhwa cap, webtoon recap, manga recaps, manga recap, manhwa capped, anime recaps,manhua",2026-09-15T17:36:12Z,PT1H12M3S,17041,375,29,0,1,"[""manhwa recap"", ""anime recap"", ""anicap"", ""the manhwa man"", ""manhwa"", ""webtoon"", ""manhwa recaps"", ""manhwa cap"", ""webtoon recap"", ""manga recaps"", ""manga recap"", ""manhwa capped"", ""anime recaps"", ""manhua"", ""Wedding"", ""Finance""]",en-US,en,0,none,https://i.ytimg.com/vi/SZZaMGfYJ0M/default.jpg,https://i.ytimg.com/vi/SZZaMGfYJ0M/mqdefault.jpg,https://i.ytimg.com/vi/SZZaMGfYJ0M/hqdefault.jpg,public,"{""kind"": ""youtube#video"", ""etag"": ""yHf323NiVaa2j8wt7_7YCCHyUxM"", ""id"": ""SZZaMGfYJ0M"", ""snippet"": {""publishedAt"": ""2026-09-15T17:36:12Z"", ""channelId"": ""UChIHuKSI-djAtbWK9mvHSww"", ""title"": ""My 5-Year Devotion Was Just A Transaction To Revive My Girlfriend - Jinwoo Recap"", ""description"": ""Name: My 5-Year Devotion Was Just A Transaction To Revive My Girlfriend \n\n--Summary--\nTo resurrect his deceased girlfriend, Elara, Kaelen travels to another world bound to a system requiring him to fulfill 100 unconditional tasks for an heiress named Seraphina. Over five years, he endures her icy demeanor and cruel mistreatment, as she remains blindly devoted to her manipulative childhood friend, Lorcan. For the final task, Kaelen willingly agrees to donate his heart to Lorcan to finalize his mission, leaving behind an audio recording that exposes Lorcan's schemes and deceit. Following the fatal surgery, Kaelen detaches from that world, leaving Seraphina overwhelmed by devastating grief and guilt as she belatedly realizes Lorcan's treachery and her own deep love for Kaelen.  \nBack in his original world, Kaelen successfully revives Elara, only to find that she has lost all memories of their shared past. Meanwhile, a suicidal Seraphina is bound to a new system that sends her to Kaelen’s world with a three-month conquest mission to win his love, risking all her wealth if she fails. Despite her desperate attempts to make amends, Kaelen remains emotionally detached, eventually confessing that his past devotion was entirely transactional to save Elara. After shielding Kaelen from a falling tree, Seraphina finally accepts reality and requests three final days together before her departure. On the last day, Elara suddenly regains her memories and reclaims Kaelen. Watching them embrace, Seraphina accepts the failure of her mission and fades away to return to her original world, stripped of her fortune. The story concludes on an open note: while Kaelen and Elara walk forward together into their restored love, Seraphina faces an uncertain, impoverished future in her own realm, having ultimately discovered the painful, selfless meaning of letting go. \n\nMake Sure to like and share the video.\nSubscribe for more recap videos.\n#manhwa #manga #manhua #manhwarecap\n#Manhuarecap #mangarecap #manhwarecaps #mangarecaps #reborn #reincarnation #regression #harem #villain \ntag: manhwa recap, anime recap, anicap, the manhwa man, manhwa, webtoon, manhwa recaps, manhwa cap, webtoon recap, manga recaps, manga recap, manhwa capped, anime recaps,manhua"", ""thumbnails"": {""default"": {""url"": ""https://i.ytimg.com/vi/SZZaMGfYJ0M/default.jpg"", ""width"": 120, ""height"": 90}, ""medium"": {""url"": ""https://i.ytimg.com/vi/SZZaMGfYJ0M/mqdefault.jpg"", ""width"": 320, ""height"": 180}, ""high"": {""url"": ""https://i.ytimg.com/vi/SZZaMGfYJ0M/hqdefault.jpg"", ""width"": 480, ""height"": 360}, ""standard"": {""url"": ""https://i.ytimg.com/vi/SZZaMGfYJ0M/sddefault.jpg"", ""width"": 640, ""height"": 480}, ""maxres"": {""url"": ""https://i.ytimg.com/vi/SZZaMGfYJ0M/maxresdefault.jpg"", ""width"": 1280, ""height"": 720}, ""fhd"": {""url"": ""https://i.ytimg.com/vi/SZZaMGfYJ0M/fhddefault.jpg"", ""width"": 1920, ""height"": 1080}}, ""channelTitle"": ""Jinwoo Recap"", ""tags"": [""manhwa recap"", ""anime recap"", ""anicap"", ""the manhwa man"", ""manhwa"", ""webtoon"", ""manhwa recaps"", ""manhwa cap"", ""webtoon recap"", ""manga recaps"", ""manga recap"", ""manhwa capped"", ""anime recaps"", ""manhua"", ""Wedding"", ""Finance""], ""categoryId"": ""1"", ""liveBroadcastContent"": ""none"", ""defaultLanguage"": ""en-US"", ""localized"": {""title"": ""My 5-Year Devotion Was Just A Transaction To Revive My Girlfriend - Jinwoo Recap"", ""description"": ""Name: My 5-Year Devotion Was Just A Transaction To Revive My Girlfriend \n\n--Summary--\nTo resurrect his deceased girlfriend, Elara, Kaelen travels to another world bound to a system requiring him to fulfill 100 unconditional tasks for an heiress named Seraphina. Over five years, he endures her icy demeanor and cruel mistreatment, as she remains blindly devoted to her manipulative childhood friend, Lorcan. For the final task, Kaelen willingly agrees to donate his heart to Lorcan to finalize his mission, leaving behind an audio recording that exposes Lorcan's schemes and deceit. Following the fatal surgery, Kaelen detaches from that world, leaving Seraphina overwhelmed by devastating grief and guilt as she belatedly realizes Lorcan's treachery and her own deep love for Kaelen.  \nBack in his original world, Kaelen successfully revives Elara, only to find that she has lost all memories of their shared past. Meanwhile, a suicidal Seraphina is bound to a new system that sends her to Kaelen’s world with a three-month conquest mission to win his love, risking all her wealth if she fails. Despite her desperate attempts to make amends, Kaelen remains emotionally detached, eventually confessing that his past devotion was entirely transactional to save Elara. After shielding Kaelen from a falling tree, Seraphina finally accepts reality and requests three final days together before her departure. On the last day, Elara suddenly regains her memories and reclaims Kaelen. Watching them embrace, Seraphina accepts the failure of her mission and fades away to return to her original world, stripped of her fortune. The story concludes on an open note: while Kaelen and Elara walk forward together into their restored love, Seraphina faces an uncertain, impoverished future in her own realm, having ultimately discovered the painful, selfless meaning of letting go. \n\nMake Sure to like and share the video.\nSubscribe for more recap videos.\n#manhwa #manga #manhua #manhwarecap\n#Manhuarecap #mangarecap #manhwarecaps #mangarecaps #reborn #reincarnation #regression #harem #villain \ntag: manhwa recap, anime recap, anicap, the manhwa man, manhwa, webtoon, manhwa recaps, manhwa cap, webtoon recap, manga recaps, manga recap, manhwa capped, anime recaps,manhua""}, ""defaultAudioLanguage"": ""en""}, ""contentDetails"": {""duration"": ""PT1H12M3S"", ""dimension"": ""2d"", ""definition"": ""hd"", ""caption"": ""false"", ""licensedContent"": true, ""contentRating"": {}, ""projection"": ""rectangular""}, ""status"": {""uploadStatus"": ""processed"", ""privacyStatus"": ""public"", ""license"": ""youtube"", ""embeddable"": true, ""publicStatsViewable"": true, ""madeForKids"": false}, ""statistics"": {""viewCount"": ""17041"", ""likeCount"": ""375"", ""favoriteCount"": ""0"", ""commentCount"": ""29""}}",2026-10-01T06:14:17.701864+00:00,2026-10-01T06:14:17.701864+00:00,4323.0,15.526454882685185,22.00575083621853,1.7017780646675664,0,over_180_seconds
it2BKpKdNy8,UChIHuKSI-djAtbWK9mvHSww,Jinwoo Recap,I Just Want To Be A Background NPC - Jinwoo Recap,"Name: I Just Want To Be A Background NPC

--Summary--
Caspian, the son of a Sect Leader, enters the Azure Crest Sect determined to survive as an insignificant background NPC, unaware that the central heroines can hear his inner monologues. When peak masters try to pass off the supposedly untalented youth, Caspian mentally disparages the female leads—such as the fiery Senior Sister Seraphina and the Fifth Elder Celestia—and mocks their tragic fates of falling victim to the protagonist Orion's schemes. Overhearing his foreknowledge, Celestia deliberately accepts him into Misty Cloud Peak to keep him close and punish his insolence. Armed with an omniscient system and future plot insights, Caspian continuously disrupts the original narrative while trying to preserve his life. He unwittingly triggers Celestia's curiosity and retaliation, prompts Seraphina to harbor deep suspicion toward Orion, and even intercepts celestial treasures intended for the main character.  
During a dangerous expedition to the Extinct Kingdom Secret Realm, Caspian’s mental predictions alert Celestia to surrounding traps and Orion's self-serving nature, prompting her to safeguard herself and subtly test her disciples. Afterwards, in an opportunistic attempt to seize cultivation resources, Caspian blackmails a seemingly weakened Celestia—unaware that she is merely feigning vulnerability to play along with his schemes. Their journey eventually leads to Aurum Steed City on a sect assignment, where Caspian derails the plot entirely. He subdues the demonic young master Vesper by branding her with a Beast Seal, rescues an ambushed Seraphina from the City Lord's Manor, and exposes Orion’s sinister use of aphrodisiacs intended to entrap her. Forced to act as an anonymous remedy to save Seraphina's life, Caspian flees while leaving behind coins that comically mirror the cost of a courtesan. As Seraphina vows revenge for his absurd insolence, Celestia plots stricter discipline, and Vesper hunts him down with newfound fixation, Caspian finds himself heavily entangled with the very heroines he sought to avoid, leaving the fate of his quiet survival completely thrown into chaos. 

Make Sure to like and share the video.
Subscribe for more recap videos.
#manhwa #manga #manhua #manhwarecap
#Manhuarecap #mangarecap #manhwarecaps #mangarecaps #reborn #reincarnation #regression #harem #villain 
tag: manhwa recap, anime recap, anicap, the manhwa man, manhwa, webtoon, manhwa recaps, manhwa cap, webtoon recap, manga recaps, manga recap, manhwa capped, anime recaps,manhua",2026-09-14T17:38:23Z,PT1H40M22S,68142,1487,42,0,1,"[""manhwa recap"", ""anime recap"", ""anicap"", ""the manhwa man"", ""manhwa"", ""webtoon"", ""manhwa recaps"", ""manhwa cap"", ""webtoon recap"", ""manga recaps"", ""manga recap"", ""manhwa capped"", ""anime recaps"", ""manhua"", ""Wedding"", ""Finance""]",en-US,en,0,none,https://i.ytimg.com/vi/it2BKpKdNy8/default.jpg,https://i.ytimg.com/vi/it2BKpKdNy8/mqdefault.jpg,https://i.ytimg.com/vi/it2BKpKdNy8/hqdefault.jpg,public,"{""kind"": ""youtube#video"", ""etag"": ""0P8pnUdCNJIBLUtX-ChZRR4N4AM"", ""id"": ""it2BKpKdNy8"", ""snippet"": {""publishedAt"": ""2026-09-14T17:38:23Z"", ""channelId"": ""UChIHuKSI-djAtbWK9mvHSww"", ""title"": ""I Just Want To Be A Background NPC - Jinwoo Recap"", ""description"": ""Name: I Just Want To Be A Background NPC\n\n--Summary--\nCaspian, the son of a Sect Leader, enters the Azure Crest Sect determined to survive as an insignificant background NPC, unaware that the central heroines can hear his inner monologues. When peak masters try to pass off the supposedly untalented youth, Caspian mentally disparages the female leads—such as the fiery Senior Sister Seraphina and the Fifth Elder Celestia—and mocks their tragic fates of falling victim to the protagonist Orion's schemes. Overhearing his foreknowledge, Celestia deliberately accepts him into Misty Cloud Peak to keep him close and punish his insolence. Armed with an omniscient system and future plot insights, Caspian continuously disrupts the original narrative while trying to preserve his life. He unwittingly triggers Celestia's curiosity and retaliation, prompts Seraphina to harbor deep suspicion toward Orion, and even intercepts celestial treasures intended for the main character.  \nDuring a dangerous expedition to the Extinct Kingdom Secret Realm, Caspian’s mental predictions alert Celestia to surrounding traps and Orion's self-serving nature, prompting her to safeguard herself and subtly test her disciples. Afterwards, in an opportunistic attempt to seize cultivation resources, Caspian blackmails a seemingly weakened Celestia—unaware that she is merely feigning vulnerability to play along with his schemes. Their journey eventually leads to Aurum Steed City on a sect assignment, where Caspian derails the plot entirely. He subdues the demonic young master Vesper by branding her with a Beast Seal, rescues an ambushed Seraphina from the City Lord's Manor, and exposes Orion’s sinister use of aphrodisiacs intended to entrap her. Forced to act as an anonymous remedy to save Seraphina's life, Caspian flees while leaving behind coins that comically mirror the cost of a courtesan. As Seraphina vows revenge for his absurd insolence, Celestia plots stricter discipline, and Vesper hunts him down with newfound fixation, Caspian finds himself heavily entangled with the very heroines he sought to avoid, leaving the fate of his quiet survival completely thrown into chaos. \n\nMake Sure to like and share the video.\nSubscribe for more recap videos.\n#manhwa #manga #manhua #manhwarecap\n#Manhuarecap #mangarecap #manhwarecaps #mangarecaps #reborn #reincarnation #regression #harem #villain \ntag: manhwa recap, anime recap, anicap, the manhwa man, manhwa, webtoon, manhwa recaps, manhwa cap, webtoon recap, manga recaps, manga recap, manhwa capped, anime recaps,manhua"", ""thumbnails"": {""default"": {""url"": ""https://i.ytimg.com/vi/it2BKpKdNy8/default.jpg"", ""width"": 120, ""height"": 90}, ""medium"": {""url"": ""https://i.ytimg.com/vi/it2BKpKdNy8/mqdefault.jpg"", ""width"": 320, ""height"": 180}, ""high"": {""url"": ""https://i.ytimg.com/vi/it2BKpKdNy8/hqdefault.jpg"", ""width"": 480, ""height"": 360}, ""standard"": {""url"": ""https://i.ytimg.com/vi/it2BKpKdNy8/sddefault.jpg"", ""width"": 640, ""height"": 480}, ""maxres"": {""url"": ""https://i.ytimg.com/vi/it2BKpKdNy8/maxresdefault.jpg"", ""width"": 1280, ""height"": 720}, ""fhd"": {""url"": ""https://i.ytimg.com/vi/it2BKpKdNy8/fhddefault.jpg"", ""width"": 1920, ""height"": 1080}}, ""channelTitle"": ""Jinwoo Recap"", ""tags"": [""manhwa recap"", ""anime recap"", ""anicap"", ""the manhwa man"", ""manhwa"", ""webtoon"", ""manhwa recaps"", ""manhwa cap"", ""webtoon recap"", ""manga recaps"", ""manga recap"", ""manhwa capped"", ""anime recaps"", ""manhua"", ""Wedding"", ""Finance""], ""categoryId"": ""1"", ""liveBroadcastContent"": ""none"", ""defaultLanguage"": ""en-US"", ""localized"": {""title"": ""I Just Want To Be A Background NPC - Jinwoo Recap"", ""description"": ""Name: I Just Want To Be A Background NPC\n\n--Summary--\nCaspian, the son of a Sect Leader, enters the Azure Crest Sect determined to survive as an insignificant background NPC, unaware that the central heroines can hear his inner monologues. When peak masters try to pass off the supposedly untalented youth, Caspian mentally disparages the female leads—such as the fiery Senior Sister Seraphina and the Fifth Elder Celestia—and mocks their tragic fates of falling victim to the protagonist Orion's schemes. Overhearing his foreknowledge, Celestia deliberately accepts him into Misty Cloud Peak to keep him close and punish his insolence. Armed with an omniscient system and future plot insights, Caspian continuously disrupts the original narrative while trying to preserve his life. He unwittingly triggers Celestia's curiosity and retaliation, prompts Seraphina to harbor deep suspicion toward Orion, and even intercepts celestial treasures intended for the main character.  \nDuring a dangerous expedition to the Extinct Kingdom Secret Realm, Caspian’s mental predictions alert Celestia to surrounding traps and Orion's self-serving nature, prompting her to safeguard herself and subtly test her disciples. Afterwards, in an opportunistic attempt to seize cultivation resources, Caspian blackmails a seemingly weakened Celestia—unaware that she is merely feigning vulnerability to play along with his schemes. Their journey eventually leads to Aurum Steed City on a sect assignment, where Caspian derails the plot entirely. He subdues the demonic young master Vesper by branding her with a Beast Seal, rescues an ambushed Seraphina from the City Lord's Manor, and exposes Orion’s sinister use of aphrodisiacs intended to entrap her. Forced to act as an anonymous remedy to save Seraphina's life, Caspian flees while leaving behind coins that comically mirror the cost of a courtesan. As Seraphina vows revenge for his absurd insolence, Celestia plots stricter discipline, and Vesper hunts him down with newfound fixation, Caspian finds himself heavily entangled with the very heroines he sought to avoid, leaving the fate of his quiet survival completely thrown into chaos. \n\nMake Sure to like and share the video.\nSubscribe for more recap videos.\n#manhwa #manga #manhua #manhwarecap\n#Manhuarecap #mangarecap #manhwarecaps #mangarecaps #reborn #reincarnation #regression #harem #villain \ntag: manhwa recap, anime recap, anicap, the manhwa man, manhwa, webtoon, manhwa recaps, manhwa cap, webtoon recap, manga recaps, manga recap, manhwa capped, anime recaps,manhua""}, ""defaultAudioLanguage"": ""en""}, ""contentDetails"": {""duration"": ""PT1H40M22S"", ""dimension"": ""2d"", ""definition"": ""hd"", ""caption"": ""false"", ""licensedContent"": true, ""contentRating"": {}, ""projection"": ""rectangular""}, ""status"": {""uploadStatus"": ""processed"", ""privacyStatus"": ""public"", ""license"": ""youtube"", ""embeddable"": true, ""publicStatsViewable"": true, ""madeForKids"": false}, ""statistics"": {""viewCount"": ""68142"", ""likeCount"": ""1487"", ""favoriteCount"": ""0"", ""commentCount"": ""42""}}",2026-10-01T06:14:17.701864+00:00,2026-10-01T06:14:17.701864+00:00,6022.0,16.52493867898148,21.82207742655044,0.6163599542132605,0,over_180_seconds
d7F57As85l0,UChIHuKSI-djAtbWK9mvHSww,Jinwoo Recap,"NOO, My Bride Arrested My Dad At The Altar! - Jinwoo Recap","Name: NOO, My Bride Arrested My Dad At The Altar!

--Summary--
The narrative chronicles the tragic entanglement between Caspian and Vesper, an undercover anti-narcotics detective. Right at their wedding altar, Vesper abruptly arrests Caspian’s father, Thaddeus, unmasking him as the elusive drug lord ""S"" and shattering the illusion of their three-year romance, reducing it to a calculated sting operation. Stricken with grief following his father’s downfall and execution, Caspian uncovers the devastating truth that his late mother had in fact been an undercover police officer who sacrificed her life in the shadows. Haunted by the need to atone for his father's sins, Caspian cuts all ties and vanishes, while Vesper relies on her partner Lorcan to maintain an emotional wall, pretending they are engaged to push him away for good.  
Three years later, their paths cross again during an operation targeting a ruthless drug syndicate led by Nyx in Willow Township. Undercover once more, Vesper is shocked to find Caspian working as a degraded host and presumed addict inside the syndicate’s nightclub. In reality, Caspian has been operating as the department’s deep-cover informant, ""Yellow River,"" risking everything to bring down the cartel from within. When his cover is ultimately blown, Nyx subjects him to horrific torture. Vesper tracks them down to an abandoned safehouse, where Nyx takes Caspian hostage and demands that Vesper disable herself. To protect Vesper and end the nightmare, Caspian lunges onto Nyx's blade, creating the opening for Vesper to neutralize the kingpin. In his dying breaths, Vesper tearfully confesses her enduring love and the web of lies she spun to keep him away, leaving the syndicate dismantled and Vesper forever bound to an agonizing, irreversible grief.

Make Sure to like and share the video.
Subscribe for more recap videos.
#manhwa #manga #manhua #manhwarecap
#Manhuarecap #mangarecap #manhwarecaps #mangarecaps #reborn #reincarnation #regression #harem #villain 
tag: manhwa recap, anime recap, anicap, the manhwa man, manhwa, webtoon, manhwa recaps, manhwa cap, webtoon recap, manga recaps, manga recap, manhwa capped, anime recaps,manhua",2026-09-13T17:35:23Z,PT1H26M57S,18091,531,32,0,1,"[""manhwa recap"", ""anime recap"", ""anicap"", ""the manhwa man"", ""manhwa"", ""webtoon"", ""manhwa recaps"", ""manhwa cap"", ""webtoon recap"", ""manga recaps"", ""manga recap"", ""manhwa capped"", ""anime recaps"", ""manhua"", ""Wedding"", ""Finance""]",en-US,en,0,none,https://i.ytimg.com/vi/d7F57As85l0/default.jpg,https://i.ytimg.com/vi/d7F57As85l0/mqdefault.jpg,https://i.ytimg.com/vi/d7F57As85l0/hqdefault.jpg,public,"{""kind"": ""youtube#video"", ""etag"": ""hTWSGSW_UEBIAo67Fcrgoyk0lZA"", ""id"": ""d7F57As85l0"", ""snippet"": {""publishedAt"": ""2026-09-13T17:35:23Z"", ""channelId"": ""UChIHuKSI-djAtbWK9mvHSww"", ""title"": ""NOO, My Bride Arrested My Dad At The Altar! - Jinwoo Recap"", ""description"": ""Name: NOO, My Bride Arrested My Dad At The Altar!\n\n--Summary--\nThe narrative chronicles the tragic entanglement between Caspian and Vesper, an undercover anti-narcotics detective. Right at their wedding altar, Vesper abruptly arrests Caspian’s father, Thaddeus, unmasking him as the elusive drug lord \""S\"" and shattering the illusion of their three-year romance, reducing it to a calculated sting operation. Stricken with grief following his father’s downfall and execution, Caspian uncovers the devastating truth that his late mother had in fact been an undercover police officer who sacrificed her life in the shadows. Haunted by the need to atone for his father's sins, Caspian cuts all ties and vanishes, while Vesper relies on her partner Lorcan to maintain an emotional wall, pretending they are engaged to push him away for good.  \nThree years later, their paths cross again during an operation targeting a ruthless drug syndicate led by Nyx in Willow Township. Undercover once more, Vesper is shocked to find Caspian working as a degraded host and presumed addict inside the syndicate’s nightclub. In reality, Caspian has been operating as the department’s deep-cover informant, \""Yellow River,\"" risking everything to bring down the cartel from within. When his cover is ultimately blown, Nyx subjects him to horrific torture. Vesper tracks them down to an abandoned safehouse, where Nyx takes Caspian hostage and demands that Vesper disable herself. To protect Vesper and end the nightmare, Caspian lunges onto Nyx's blade, creating the opening for Vesper to neutralize the kingpin. In his dying breaths, Vesper tearfully confesses her enduring love and the web of lies she spun to keep him away, leaving the syndicate dismantled and Vesper forever bound to an agonizing, irreversible grief.\n\nMake Sure to like and share the video.\nSubscribe for more recap videos.\n#manhwa #manga #manhua #manhwarecap\n#Manhuarecap #mangarecap #manhwarecaps #mangarecaps #reborn #reincarnation #regression #harem #villain \ntag: manhwa recap, anime recap, anicap, the manhwa man, manhwa, webtoon, manhwa recaps, manhwa cap, webtoon recap, manga recaps, manga recap, manhwa capped, anime recaps,manhua"", ""thumbnails"": {""default"": {""url"": ""https://i.ytimg.com/vi/d7F57As85l0/default.jpg"", ""width"": 120, ""height"": 90}, ""medium"": {""url"": ""https://i.ytimg.com/vi/d7F57As85l0/mqdefault.jpg"", ""width"": 320, ""height"": 180}, ""high"": {""url"": ""https://i.ytimg.com/vi/d7F57As85l0/hqdefault.jpg"", ""width"": 480, ""height"": 360}, ""standard"": {""url"": ""https://i.ytimg.com/vi/d7F57As85l0/sddefault.jpg"", ""width"": 640, ""height"": 480}, ""maxres"": {""url"": ""https://i.ytimg.com/vi/d7F57As85l0/maxresdefault.jpg"", ""width"": 1280, ""height"": 720}, ""fhd"": {""url"": ""https://i.ytimg.com/vi/d7F57As85l0/fhddefault.jpg"", ""width"": 1920, ""height"": 1080}}, ""channelTitle"": ""Jinwoo Recap"", ""tags"": [""manhwa recap"", ""anime recap"", ""anicap"", ""the manhwa man"", ""manhwa"", ""webtoon"", ""manhwa recaps"", ""manhwa cap"", ""webtoon recap"", ""manga recaps"", ""manga recap"", ""manhwa capped"", ""anime recaps"", ""manhua"", ""Wedding"", ""Finance""], ""categoryId"": ""1"", ""liveBroadcastContent"": ""none"", ""defaultLanguage"": ""en-US"", ""localized"": {""title"": ""NOO, My Bride Arrested My Dad At The Altar! - Jinwoo Recap"", ""description"": ""Name: NOO, My Bride Arrested My Dad At The Altar!\n\n--Summary--\nThe narrative chronicles the tragic entanglement between Caspian and Vesper, an undercover anti-narcotics detective. Right at their wedding altar, Vesper abruptly arrests Caspian’s father, Thaddeus, unmasking him as the elusive drug lord \""S\"" and shattering the illusion of their three-year romance, reducing it to a calculated sting operation. Stricken with grief following his father’s downfall and execution, Caspian uncovers the devastating truth that his late mother had in fact been an undercover police officer who sacrificed her life in the shadows. Haunted by the need to atone for his father's sins, Caspian cuts all ties and vanishes, while Vesper relies on her partner Lorcan to maintain an emotional wall, pretending they are engaged to push him away for good.  \nThree years later, their paths cross again during an operation targeting a ruthless drug syndicate led by Nyx in Willow Township. Undercover once more, Vesper is shocked to find Caspian working as a degraded host and presumed addict inside the syndicate’s nightclub. In reality, Caspian has been operating as the department’s deep-cover informant, \""Yellow River,\"" risking everything to bring down the cartel from within. When his cover is ultimately blown, Nyx subjects him to horrific torture. Vesper tracks them down to an abandoned safehouse, where Nyx takes Caspian hostage and demands that Vesper disable herself. To protect Vesper and end the nightmare, Caspian lunges onto Nyx's blade, creating the opening for Vesper to neutralize the kingpin. In his dying breaths, Vesper tearfully confesses her enduring love and the web of lies she spun to keep him away, leaving the syndicate dismantled and Vesper forever bound to an agonizing, irreversible grief.\n\nMake Sure to like and share the video.\nSubscribe for more recap videos.\n#manhwa #manga #manhua #manhwarecap\n#Manhuarecap #mangarecap #manhwarecaps #mangarecaps #reborn #reincarnation #regression #harem #villain \ntag: manhwa recap, anime recap, anicap, the manhwa man, manhwa, webtoon, manhwa recaps, manhwa cap, webtoon recap, manga recaps, manga recap, manhwa capped, anime recaps,manhua""}, ""defaultAudioLanguage"": ""en""}, ""contentDetails"": {""duration"": ""PT1H26M57S"", ""dimension"": ""2d"", ""definition"": ""hd"", ""caption"": ""false"", ""licensedContent"": true, ""contentRating"": {}, ""projection"": ""rectangular""}, ""status"": {""uploadStatus"": ""processed"", ""privacyStatus"": ""public"", ""license"": ""youtube"", ""embeddable"": true, ""publicStatsViewable"": true, ""madeForKids"": false}, ""statistics"": {""viewCount"": ""18091"", ""likeCount"": ""531"", ""favoriteCount"": ""0"", ""commentCount"": ""32""}}",2026-10-01T06:14:17.701864+00:00,2026-10-01T06:14:17.701864+00:00,5217.0,17.527022012314813,29.351611298435685,1.7688353324857664,0,over_180_seconds
wUPj55kldak,UChIHuKSI-djAtbWK9mvHSww,Jinwoo Recap,Zero Tolerance For Drama - Jinwoo Recap,"Name: Zero Tolerance For Drama

--Summary--
After being brought back to the wealthy Vance family, Lorcan breaks his initial silence at a major family banquet by publicly exposing the dark biological background of Caspian, the cherished foster son. When relatives attempt to suppress him, Lorcan responds with fierce physical and verbal defiance, refusing to conform to aristocratic hierarchies and driving both the matriarch, Dowager Constance, and Caspian into distress. Rather than begging for validation, he remains utterly detached, confronting family head Percival and elder sister Ariadne on equal terms. His fierce refusal to back down forces his biological mother, Seraphina, to take his side, culminating in her demanding a separation and moving with Lorcan into a neighboring villa. Caspian attempts to regain sympathy through a deliberate self-victimization scheme, enduring extreme heat outside the villa until he collapses; however, Lorcan remains completely indifferent to the act, which ultimately exposes the hypocrisies within the family. Percival visits Lorcan’s former orphanage, uncovering Lorcan’s troubled, artistic past as well as the dark institutional abuses he survived, while Lorcan gradually learns about the suppressed struggles of his siblings, such as Declan’s strained romance sabotaged by Caspian. As hidden secrets begin to surface and the delicate power dynamics of the household crumble, Lorcan’s arrival fundamentally alters the Vance family's status quo, leaving open the question of whether he will dismantle the household or forge an unconventional path of his own.

Make Sure to like and share the video.
Subscribe for more recap videos.
#manhwa #manga #manhua #manhwarecap
#Manhuarecap #mangarecap #manhwarecaps #mangarecaps #reborn #reincarnation #regression #harem #villain 
tag: manhwa recap, anime recap, anicap, the manhwa man, manhwa, webtoon, manhwa recaps, manhwa cap, webtoon recap, manga recaps, manga recap, manhwa capped, anime recaps,manhua",2026-09-12T17:34:33Z,PT1H39M42S,42625,1234,76,0,1,"[""manhwa recap"", ""anime recap"", ""anicap"", ""the manhwa man"", ""manhwa"", ""webtoon"", ""manhwa recaps"", ""manhwa cap"", ""webtoon recap"", ""manga recaps"", ""manga recap"", ""manhwa capped"", ""anime recaps"", ""manhua"", ""Wedding"", ""Finance""]",en-US,en,0,none,https://i.ytimg.com/vi/wUPj55kldak/default.jpg,https://i.ytimg.com/vi/wUPj55kldak/mqdefault.jpg,https://i.ytimg.com/vi/wUPj55kldak/hqdefault.jpg,public,"{""kind"": ""youtube#video"", ""etag"": ""bJMM2mKFeHktrGVgYeNfHpPiKSg"", ""id"": ""wUPj55kldak"", ""snippet"": {""publishedAt"": ""2026-09-12T17:34:33Z"", ""channelId"": ""UChIHuKSI-djAtbWK9mvHSww"", ""title"": ""Zero Tolerance For Drama - Jinwoo Recap"", ""description"": ""Name: Zero Tolerance For Drama\n\n--Summary--\nAfter being brought back to the wealthy Vance family, Lorcan breaks his initial silence at a major family banquet by publicly exposing the dark biological background of Caspian, the cherished foster son. When relatives attempt to suppress him, Lorcan responds with fierce physical and verbal defiance, refusing to conform to aristocratic hierarchies and driving both the matriarch, Dowager Constance, and Caspian into distress. Rather than begging for validation, he remains utterly detached, confronting family head Percival and elder sister Ariadne on equal terms. His fierce refusal to back down forces his biological mother, Seraphina, to take his side, culminating in her demanding a separation and moving with Lorcan into a neighboring villa. Caspian attempts to regain sympathy through a deliberate self-victimization scheme, enduring extreme heat outside the villa until he collapses; however, Lorcan remains completely indifferent to the act, which ultimately exposes the hypocrisies within the family. Percival visits Lorcan’s former orphanage, uncovering Lorcan’s troubled, artistic past as well as the dark institutional abuses he survived, while Lorcan gradually learns about the suppressed struggles of his siblings, such as Declan’s strained romance sabotaged by Caspian. As hidden secrets begin to surface and the delicate power dynamics of the household crumble, Lorcan’s arrival fundamentally alters the Vance family's status quo, leaving open the question of whether he will dismantle the household or forge an unconventional path of his own.\n\nMake Sure to like and share the video.\nSubscribe for more recap videos.\n#manhwa #manga #manhua #manhwarecap\n#Manhuarecap #mangarecap #manhwarecaps #mangarecaps #reborn #reincarnation #regression #harem #villain \ntag: manhwa recap, anime recap, anicap, the manhwa man, manhwa, webtoon, manhwa recaps, manhwa cap, webtoon recap, manga recaps, manga recap, manhwa capped, anime recaps,manhua"", ""thumbnails"": {""default"": {""url"": ""https://i.ytimg.com/vi/wUPj55kldak/default.jpg"", ""width"": 120, ""height"": 90}, ""medium"": {""url"": ""https://i.ytimg.com/vi/wUPj55kldak/mqdefault.jpg"", ""width"": 320, ""height"": 180}, ""high"": {""url"": ""https://i.ytimg.com/vi/wUPj55kldak/hqdefault.jpg"", ""width"": 480, ""height"": 360}, ""standard"": {""url"": ""https://i.ytimg.com/vi/wUPj55kldak/sddefault.jpg"", ""width"": 640, ""height"": 480}, ""maxres"": {""url"": ""https://i.ytimg.com/vi/wUPj55kldak/maxresdefault.jpg"", ""width"": 1280, ""height"": 720}, ""fhd"": {""url"": ""https://i.ytimg.com/vi/wUPj55kldak/fhddefault.jpg"", ""width"": 1920, ""height"": 1080}}, ""channelTitle"": ""Jinwoo Recap"", ""tags"": [""manhwa recap"", ""anime recap"", ""anicap"", ""the manhwa man"", ""manhwa"", ""webtoon"", ""manhwa recaps"", ""manhwa cap"", ""webtoon recap"", ""manga recaps"", ""manga recap"", ""manhwa capped"", ""anime recaps"", ""manhua"", ""Wedding"", ""Finance""], ""categoryId"": ""1"", ""liveBroadcastContent"": ""none"", ""defaultLanguage"": ""en-US"", ""localized"": {""title"": ""Zero Tolerance For Drama - Jinwoo Recap"", ""description"": ""Name: Zero Tolerance For Drama\n\n--Summary--\nAfter being brought back to the wealthy Vance family, Lorcan breaks his initial silence at a major family banquet by publicly exposing the dark biological background of Caspian, the cherished foster son. When relatives attempt to suppress him, Lorcan responds with fierce physical and verbal defiance, refusing to conform to aristocratic hierarchies and driving both the matriarch, Dowager Constance, and Caspian into distress. Rather than begging for validation, he remains utterly detached, confronting family head Percival and elder sister Ariadne on equal terms. His fierce refusal to back down forces his biological mother, Seraphina, to take his side, culminating in her demanding a separation and moving with Lorcan into a neighboring villa. Caspian attempts to regain sympathy through a deliberate self-victimization scheme, enduring extreme heat outside the villa until he collapses; however, Lorcan remains completely indifferent to the act, which ultimately exposes the hypocrisies within the family. Percival visits Lorcan’s former orphanage, uncovering Lorcan’s troubled, artistic past as well as the dark institutional abuses he survived, while Lorcan gradually learns about the suppressed struggles of his siblings, such as Declan’s strained romance sabotaged by Caspian. As hidden secrets begin to surface and the delicate power dynamics of the household crumble, Lorcan’s arrival fundamentally alters the Vance family's status quo, leaving open the question of whether he will dismantle the household or forge an unconventional path of his own.\n\nMake Sure to like and share the video.\nSubscribe for more recap videos.\n#manhwa #manga #manhua #manhwarecap\n#Manhuarecap #mangarecap #manhwarecaps #mangarecaps #reborn #reincarnation #regression #harem #villain \ntag: manhwa recap, anime recap, anicap, the manhwa man, manhwa, webtoon, manhwa recaps, manhwa cap, webtoon recap, manga recaps, manga recap, manhwa capped, anime recaps,manhua""}, ""defaultAudioLanguage"": ""en""}, ""contentDetails"": {""duration"": ""PT1H39M42S"", ""dimension"": ""2d"", ""definition"": ""hd"", ""caption"": ""false"", ""licensedContent"": true, ""contentRating"": {}, ""projection"": ""rectangular""}, ""status"": {""uploadStatus"": ""processed"", ""privacyStatus"": ""public"", ""license"": ""youtube"", ""embeddable"": true, ""publicStatsViewable"": true, ""madeForKids"": false}, ""statistics"": {""viewCount"": ""42625"", ""likeCount"": ""1234"", ""favoriteCount"": ""0"", ""commentCount"": ""76""}}",2026-10-01T06:14:17.701864+00:00,2026-10-01T06:14:17.701864+00:00,5982.0,18.52760071601852,28.95014662756598,1.782991202346041,0,over_180_seconds
F4GFzqbaqn0,UChIHuKSI-djAtbWK9mvHSww,Jinwoo Recap,How The Betrayed Husband Become A Global Star! - Jinwoo Recap,"Name: How The Betrayed Husband Become A Global Star!

--Summary--
Lysander Thorne, deeply traumatized by a one-sided marriage where his wife, Vespera Sterling, manipulated him into donating a kidney to save her first love—who happens to be his estranged younger brother, Cassian—seeks out a master hypnotherapist to erase every memory of his painful past. Exhausted by years of being treated as an expendable substitute, Lysander rejects the empty status of being ""Mr. Sterling"" and demands a divorce. When Vespera decides to send him abroad to keep Cassian emotionally stable, Lysander seizes the opportunity to escape entirely, discarding every cent and luxury item tied to the Sterling family before secretly rerouting his flight to the foreign city of Lumina.  
Battling acute physical collapse and near-fatal post-surgery infections in a strange land, Lysander rescues an enigmatic, wounded runaway girl named Lyra. The two form a fiercely loyal bond, prompting Lysander to rebuild his life around his true calling: fashion design. Through sheer resilience and undeniable craftsmanship, he gains admission to Lumina's premier fashion academy, secures an elite aristocratic clientele, and qualifies for a prestigious global rookie competition under the radar of fashion titan Madame Cressida. Meanwhile, pressured by corporate interests back in Valeria to present a unified front at an annual gala, Vespera travels abroad to fetch him, only to discover he never arrived and might have perished as an unidentified victim in a riot. To protect the Sterling family's enterprise from scandal, her parents orchestrate a malicious PR campaign framing Lysander as an unfaithful deserter while portraying Vespera as a devoted victim. As public outrage mounts against a man who has vanished without a trace, Lysander continues his steady ascent toward the global stage, setting up an inevitable, unresolved collision with the very people who sought to define and discard him. 

Make Sure to like and share the video.
Subscribe for more recap videos.
#manhwa #manga #manhua #manhwarecap
#Manhuarecap #mangarecap #manhwarecaps #mangarecaps #reborn #reincarnation #regression #harem #villain 
tag: manhwa recap, anime recap, anicap, the manhwa man, manhwa, webtoon, manhwa recaps, manhwa cap, webtoon recap, manga recaps, manga recap, manhwa capped, anime recaps,manhua",2026-09-11T17:36:27Z,PT1H33M26S,24125,517,33,0,1,"[""manhwa recap"", ""anime recap"", ""anicap"", ""the manhwa man"", ""manhwa"", ""webtoon"", ""manhwa recaps"", ""manhwa cap"", ""webtoon recap"", ""manga recaps"", ""manga recap"", ""manhwa capped"", ""anime recaps"", ""manhua"", ""Wedding"", ""Finance""]",en-US,en,0,none,https://i.ytimg.com/vi/F4GFzqbaqn0/default.jpg,https://i.ytimg.com/vi/F4GFzqbaqn0/mqdefault.jpg,https://i.ytimg.com/vi/F4GFzqbaqn0/hqdefault.jpg,public,"{""kind"": ""youtube#video"", ""etag"": ""SWWb0SsZjdAssj3tsbS6Jf5Rq8I"", ""id"": ""F4GFzqbaqn0"", ""snippet"": {""publishedAt"": ""2026-09-11T17:36:27Z"", ""channelId"": ""UChIHuKSI-djAtbWK9mvHSww"", ""title"": ""How The Betrayed Husband Become A Global Star! - Jinwoo Recap"", ""description"": ""Name: How The Betrayed Husband Become A Global Star!\n\n--Summary--\nLysander Thorne, deeply traumatized by a one-sided marriage where his wife, Vespera Sterling, manipulated him into donating a kidney to save her first love—who happens to be his estranged younger brother, Cassian—seeks out a master hypnotherapist to erase every memory of his painful past. Exhausted by years of being treated as an expendable substitute, Lysander rejects the empty status of being \""Mr. Sterling\"" and demands a divorce. When Vespera decides to send him abroad to keep Cassian emotionally stable, Lysander seizes the opportunity to escape entirely, discarding every cent and luxury item tied to the Sterling family before secretly rerouting his flight to the foreign city of Lumina.  \nBattling acute physical collapse and near-fatal post-surgery infections in a strange land, Lysander rescues an enigmatic, wounded runaway girl named Lyra. The two form a fiercely loyal bond, prompting Lysander to rebuild his life around his true calling: fashion design. Through sheer resilience and undeniable craftsmanship, he gains admission to Lumina's premier fashion academy, secures an elite aristocratic clientele, and qualifies for a prestigious global rookie competition under the radar of fashion titan Madame Cressida. Meanwhile, pressured by corporate interests back in Valeria to present a unified front at an annual gala, Vespera travels abroad to fetch him, only to discover he never arrived and might have perished as an unidentified victim in a riot. To protect the Sterling family's enterprise from scandal, her parents orchestrate a malicious PR campaign framing Lysander as an unfaithful deserter while portraying Vespera as a devoted victim. As public outrage mounts against a man who has vanished without a trace, Lysander continues his steady ascent toward the global stage, setting up an inevitable, unresolved collision with the very people who sought to define and discard him. \n\nMake Sure to like and share the video.\nSubscribe for more recap videos.\n#manhwa #manga #manhua #manhwarecap\n#Manhuarecap #mangarecap #manhwarecaps #mangarecaps #reborn #reincarnation #regression #harem #villain \ntag: manhwa recap, anime recap, anicap, the manhwa man, manhwa, webtoon, manhwa recaps, manhwa cap, webtoon recap, manga recaps, manga recap, manhwa capped, anime recaps,manhua"", ""thumbnails"": {""default"": {""url"": ""https://i.ytimg.com/vi/F4GFzqbaqn0/default.jpg"", ""width"": 120, ""height"": 90}, ""medium"": {""url"": ""https://i.ytimg.com/vi/F4GFzqbaqn0/mqdefault.jpg"", ""width"": 320, ""height"": 180}, ""high"": {""url"": ""https://i.ytimg.com/vi/F4GFzqbaqn0/hqdefault.jpg"", ""width"": 480, ""height"": 360}, ""standard"": {""url"": ""https://i.ytimg.com/vi/F4GFzqbaqn0/sddefault.jpg"", ""width"": 640, ""height"": 480}, ""maxres"": {""url"": ""https://i.ytimg.com/vi/F4GFzqbaqn0/maxresdefault.jpg"", ""width"": 1280, ""height"": 720}, ""fhd"": {""url"": ""https://i.ytimg.com/vi/F4GFzqbaqn0/fhddefault.jpg"", ""width"": 1920, ""height"": 1080}}, ""channelTitle"": ""Jinwoo Recap"", ""tags"": [""manhwa recap"", ""anime recap"", ""anicap"", ""the manhwa man"", ""manhwa"", ""webtoon"", ""manhwa recaps"", ""manhwa cap"", ""webtoon recap"", ""manga recaps"", ""manga recap"", ""manhwa capped"", ""anime recaps"", ""manhua"", ""Wedding"", ""Finance""], ""categoryId"": ""1"", ""liveBroadcastContent"": ""none"", ""defaultLanguage"": ""en-US"", ""localized"": {""title"": ""How The Betrayed Husband Become A Global Star! - Jinwoo Recap"", ""description"": ""Name: How The Betrayed Husband Become A Global Star!\n\n--Summary--\nLysander Thorne, deeply traumatized by a one-sided marriage where his wife, Vespera Sterling, manipulated him into donating a kidney to save her first love—who happens to be his estranged younger brother, Cassian—seeks out a master hypnotherapist to erase every memory of his painful past. Exhausted by years of being treated as an expendable substitute, Lysander rejects the empty status of being \""Mr. Sterling\"" and demands a divorce. When Vespera decides to send him abroad to keep Cassian emotionally stable, Lysander seizes the opportunity to escape entirely, discarding every cent and luxury item tied to the Sterling family before secretly rerouting his flight to the foreign city of Lumina.  \nBattling acute physical collapse and near-fatal post-surgery infections in a strange land, Lysander rescues an enigmatic, wounded runaway girl named Lyra. The two form a fiercely loyal bond, prompting Lysander to rebuild his life around his true calling: fashion design. Through sheer resilience and undeniable craftsmanship, he gains admission to Lumina's premier fashion academy, secures an elite aristocratic clientele, and qualifies for a prestigious global rookie competition under the radar of fashion titan Madame Cressida. Meanwhile, pressured by corporate interests back in Valeria to present a unified front at an annual gala, Vespera travels abroad to fetch him, only to discover he never arrived and might have perished as an unidentified victim in a riot. To protect the Sterling family's enterprise from scandal, her parents orchestrate a malicious PR campaign framing Lysander as an unfaithful deserter while portraying Vespera as a devoted victim. As public outrage mounts against a man who has vanished without a trace, Lysander continues his steady ascent toward the global stage, setting up an inevitable, unresolved collision with the very people who sought to define and discard him. \n\nMake Sure to like and share the video.\nSubscribe for more recap videos.\n#manhwa #manga #manhua #manhwarecap\n#Manhuarecap #mangarecap #manhwarecaps #mangarecaps #reborn #reincarnation #regression #harem #villain \ntag: manhwa recap, anime recap, anicap, the manhwa man, manhwa, webtoon, manhwa recaps, manhwa cap, webtoon recap, manga recaps, manga recap, manhwa capped, anime recaps,manhua""}, ""defaultAudioLanguage"": ""en""}, ""contentDetails"": {""duration"": ""PT1H33M26S"", ""dimension"": ""2d"", ""definition"": ""hd"", ""caption"": ""false"", ""licensedContent"": true, ""contentRating"": {}, ""projection"": ""rectangular""}, ""status"": {""uploadStatus"": ""processed"", ""privacyStatus"": ""public"", ""license"": ""youtube"", ""embeddable"": true, ""publicStatsViewable"": true, ""madeForKids"": false}, ""statistics"": {""viewCount"": ""24125"", ""likeCount"": ""517"", ""favoriteCount"": ""0"", ""commentCount"": ""33""}}",2026-10-01T06:14:17.701864+00:00,2026-10-01T06:14:17.701864+00:00,5606.0,19.526281271574074,21.430051813471504,1.3678756476683938,0,over_180_seconds
